Experimental_index,fold,subgroup,method,n_points,r2,rmse,mae
1,1,SA,nested fPCA LGBM,32,0.8849634695296403,0.06188034745948416,0.0488398456929762
1,1,SA,monotone NMF-increment LGBM k=5,32,-7.837142945473765,0.5423639265081067,0.4655625838427516
1,1,SA,monotone NMF-increment LGBM k=8,32,-5.808658801606431,0.4760643293565474,0.41249686829246934
1,1,SA,monotone NMF-increment LGBM k=10,32,-4.909671361855922,0.4435233831611177,0.3823270649432696
1,1,SA,monotone NMF-increment LGBM k=12,32,-6.0009850419240856,0.4827412727057202,0.4166983443174971
1,1,SA,monotone NMF-increment LGBM k=16,32,-5.677530864722153,0.47145778149886036,0.40398561391760435
3,1,OLA,nested fPCA LGBM,11,-0.39108068644111404,0.3751510059298858,0.33782993037991127
3,1,OLA,monotone NMF-increment LGBM k=5,11,-0.9401313071808519,0.4430426302291742,0.40013147268074667
3,1,OLA,monotone NMF-increment LGBM k=8,11,-1.023820177865963,0.45249722024076133,0.40784599873276584
3,1,OLA,monotone NMF-increment LGBM k=10,11,-0.847388568731154,0.43232373641008753,0.3909630131761231
3,1,OLA,monotone NMF-increment LGBM k=12,11,-0.784610631271679,0.4249146382520141,0.38383688526971904
3,1,OLA,monotone NMF-increment LGBM k=16,11,-0.856643705157538,0.4334053216196638,0.3918047247441148
7,1,SA,nested fPCA LGBM,13,0.6382373554239517,0.1867433069595409,0.16961164502328968
7,1,SA,monotone NMF-increment LGBM k=5,13,0.35121387517276415,0.25008287995159606,0.21910378731128677
7,1,SA,monotone NMF-increment LGBM k=8,13,0.7309822018557806,0.1610362661408493,0.14296139672557245
7,1,SA,monotone NMF-increment LGBM k=10,13,0.7603124361345098,0.1520043218095781,0.13469348862486463
7,1,SA,monotone NMF-increment LGBM k=12,13,0.5168317292550955,0.21581537875292522,0.19294249810171665
7,1,SA,monotone NMF-increment LGBM k=16,13,0.5873672393897171,0.1994412732541688,0.17753452412984577
8,1,SA,nested fPCA LGBM,14,0.9087882164337677,0.11526439377484629,0.09542897099402639
8,1,SA,monotone NMF-increment LGBM k=5,14,0.879538280949113,0.1324628895989958,0.09366638264519445
8,1,SA,monotone NMF-increment LGBM k=8,14,0.892732841549193,0.12499800583633049,0.08777617731985135
8,1,SA,monotone NMF-increment LGBM k=10,14,0.9200769369099548,0.1078961023552388,0.07296313362662683
8,1,SA,monotone NMF-increment LGBM k=12,14,0.819693078835931,0.16206002264828306,0.11861494260859733
8,1,SA,monotone NMF-increment LGBM k=16,14,0.8763309537675473,0.13421473621159397,0.09880453892230709
11,1,OLA,nested fPCA LGBM,14,0.7914317705319783,0.1344883712049351,0.11858831466126654
11,1,OLA,monotone NMF-increment LGBM k=5,14,0.5908060245914418,0.18837587044358764,0.16010652845538892
11,1,OLA,monotone NMF-increment LGBM k=8,14,0.7228366669054337,0.15503456831897797,0.1338228117423486
11,1,OLA,monotone NMF-increment LGBM k=10,14,0.7370506822256779,0.151006861313125,0.13588568968595768
11,1,OLA,monotone NMF-increment LGBM k=12,14,0.7848780517087391,0.13658500342532118,0.1162851363340017
11,1,OLA,monotone NMF-increment LGBM k=16,14,0.7299006774427745,0.15304614825856952,0.13838476456985127
12,1,OLA,nested fPCA LGBM,19,0.6830805564923259,0.15931784206039543,0.12180213619676206
12,1,OLA,monotone NMF-increment LGBM k=5,19,-0.0660400430722845,0.29219765892594923,0.22075254625638857
12,1,OLA,monotone NMF-increment LGBM k=8,19,0.21456531810144575,0.250810093501802,0.1865284165465619
12,1,OLA,monotone NMF-increment LGBM k=10,19,0.2854645220704852,0.23922241565720115,0.18705368236010386
12,1,OLA,monotone NMF-increment LGBM k=12,19,0.7207410964424961,0.1495524345460855,0.11922423539795969
12,1,OLA,monotone NMF-increment LGBM k=16,19,0.04478815488064103,0.27659213245750597,0.2005875134815127
15,1,SA,nested fPCA LGBM,34,0.5235569231512558,0.19990392852840672,0.1665035379320614
15,1,SA,monotone NMF-increment LGBM k=5,34,0.9829376145971507,0.03782994347992329,0.02832493229897834
15,1,SA,monotone NMF-increment LGBM k=8,34,0.9330530020781093,0.07493442378622117,0.06446303091278342
15,1,SA,monotone NMF-increment LGBM k=10,34,0.8425866811666717,0.11490437277583132,0.10119966866819888
15,1,SA,monotone NMF-increment LGBM k=12,34,0.9332374516659278,0.0748311244797672,0.06545701024385599
15,1,SA,monotone NMF-increment LGBM k=16,34,0.977544822969094,0.04339843417092966,0.03437838565329967
20,1,SA,nested fPCA LGBM,19,0.7288468741126664,0.19542397042162038,0.15482866748295052
20,1,SA,monotone NMF-increment LGBM k=5,19,0.7152000540046879,0.20028133435827572,0.15588341509071546
20,1,SA,monotone NMF-increment LGBM k=8,19,0.6582469858938819,0.21939498779822883,0.17249914863820157
20,1,SA,monotone NMF-increment LGBM k=10,19,0.6397601112747782,0.22525084288911015,0.17783216824502848
20,1,SA,monotone NMF-increment LGBM k=12,19,0.6938275452162121,0.20766035064133248,0.16162528960463438
20,1,SA,monotone NMF-increment LGBM k=16,19,0.5924093671187163,0.23959768755242145,0.1888109678530403
25,1,SA,nested fPCA LGBM,16,0.22344560788269185,0.29267473340541444,0.2401130628353616
25,1,SA,monotone NMF-increment LGBM k=5,16,0.3873941153681607,0.2599500308953571,0.21648364384894878
25,1,SA,monotone NMF-increment LGBM k=8,16,0.3579807246396435,0.2661174325442414,0.22156695667089854
25,1,SA,monotone NMF-increment LGBM k=10,16,0.3518900268640778,0.2673767520863885,0.22257285557477816
25,1,SA,monotone NMF-increment LGBM k=12,16,0.4214096813203573,0.25262997115942737,0.20917111185751147
25,1,SA,monotone NMF-increment LGBM k=16,16,0.3877069345134365,0.25988365238669503,0.2141485427659961
34,1,OLA,nested fPCA LGBM,15,0.8875731412226282,0.14350297141006943,0.11430082930902209
34,1,OLA,monotone NMF-increment LGBM k=5,15,0.825783430651043,0.17863665758651695,0.1511003649089206
34,1,OLA,monotone NMF-increment LGBM k=8,15,0.7590026079700737,0.2101028903257677,0.15841594699925732
34,1,OLA,monotone NMF-increment LGBM k=10,15,0.6901191029483693,0.23824470529445005,0.17697117175516036
34,1,OLA,monotone NMF-increment LGBM k=12,15,0.8298241080568077,0.1765529072060558,0.1480767367380539
34,1,OLA,monotone NMF-increment LGBM k=16,15,0.775204697846752,0.20291748501016976,0.15152626516676776
38,1,OLA,nested fPCA LGBM,21,0.9617973359563462,0.05074426898518513,0.03953282464846919
38,1,OLA,monotone NMF-increment LGBM k=5,21,0.7596795921150835,0.12727277168889334,0.11021933637684667
38,1,OLA,monotone NMF-increment LGBM k=8,21,0.7723659592786754,0.12386790138032373,0.107828898498315
38,1,OLA,monotone NMF-increment LGBM k=10,21,0.8979981542984874,0.08291711654215392,0.0669263267949522
38,1,OLA,monotone NMF-increment LGBM k=12,21,0.8936535640419753,0.08466455805887178,0.07147288234007043
38,1,OLA,monotone NMF-increment LGBM k=16,21,0.8313084891613429,0.10663181213470645,0.09058299044089996
43,1,OLA,nested fPCA LGBM,17,0.8944806243642771,0.12391236438516637,0.0839020634483521
43,1,OLA,monotone NMF-increment LGBM k=5,17,0.8060972850199548,0.16797338820075955,0.1312831557766781
43,1,OLA,monotone NMF-increment LGBM k=8,17,0.8826655795996268,0.13066559598094182,0.08684507076963432
43,1,OLA,monotone NMF-increment LGBM k=10,17,0.9534759182901283,0.08227870400429219,0.06800939539473734
43,1,OLA,monotone NMF-increment LGBM k=12,17,0.8643416640925006,0.14049852993666143,0.09392215548642555
43,1,OLA,monotone NMF-increment LGBM k=16,17,0.9330032175085466,0.09873599580532855,0.0740985675275496
47,1,OLA,nested fPCA LGBM,15,0.992068059489953,0.016050838849303962,0.01268514285321306
47,1,OLA,monotone NMF-increment LGBM k=5,15,0.9518682341472272,0.03953883856283666,0.027431463316595846
47,1,OLA,monotone NMF-increment LGBM k=8,15,0.960815829670686,0.03567494712394287,0.030325539421846747
47,1,OLA,monotone NMF-increment LGBM k=10,15,0.9596654922291504,0.03619481747981598,0.029942106918902287
47,1,OLA,monotone NMF-increment LGBM k=12,15,0.9860185101371651,0.021310063133291705,0.01624251783676693
47,1,OLA,monotone NMF-increment LGBM k=16,15,0.9768736798495045,0.027406985943151337,0.02309441569539252
52,1,OLA,nested fPCA LGBM,17,0.8666723079395485,0.1180532632108314,0.09519206863192341
52,1,OLA,monotone NMF-increment LGBM k=5,17,0.9707151360852839,0.05532729283340113,0.0437634163008347
52,1,OLA,monotone NMF-increment LGBM k=8,17,0.9577002890347629,0.06649462107461725,0.058120046962637305
52,1,OLA,monotone NMF-increment LGBM k=10,17,0.9371270629037762,0.08106804314836097,0.06894134571269252
52,1,OLA,monotone NMF-increment LGBM k=12,17,0.945424290109063,0.07552965697580999,0.06526036636765177
52,1,OLA,monotone NMF-increment LGBM k=16,17,0.9565082685976525,0.06742503245851612,0.051123008506858254
59,1,OLA,nested fPCA LGBM,15,0.516017125972563,0.18430370053458406,0.14348285836886288
59,1,OLA,monotone NMF-increment LGBM k=5,15,0.23574999975673916,0.23159905443907372,0.20006522003111538
59,1,OLA,monotone NMF-increment LGBM k=8,15,0.2916302764325792,0.22297134497252302,0.19082402491128272
59,1,OLA,monotone NMF-increment LGBM k=10,15,0.24638514841030523,0.22998196612771868,0.20049367631622442
59,1,OLA,monotone NMF-increment LGBM k=12,15,0.20940001497966954,0.2355577834601669,0.20596965614783785
59,1,OLA,monotone NMF-increment LGBM k=16,15,0.15978411520146796,0.2428368004621626,0.21005105351427922
60,1,OLA,nested fPCA LGBM,15,0.9814666366686169,0.04497579217247008,0.03607465770941396
60,1,OLA,monotone NMF-increment LGBM k=5,15,0.9471933711893853,0.07591820357550184,0.0658282299170679
60,1,OLA,monotone NMF-increment LGBM k=8,15,0.9393833540598934,0.08133877971761108,0.0740736057376363
60,1,OLA,monotone NMF-increment LGBM k=10,15,0.934914023550585,0.08428405346087862,0.07911437566423508
60,1,OLA,monotone NMF-increment LGBM k=12,15,0.9489419963809138,0.07465065392810466,0.07003712632214412
60,1,OLA,monotone NMF-increment LGBM k=16,15,0.9592256555554122,0.0667106535264183,0.06126361804821988
65,1,OLA,nested fPCA LGBM,12,0.9936832561417519,0.028398695136821812,0.020843299065222944
65,1,OLA,monotone NMF-increment LGBM k=5,12,0.9772233390300331,0.05392582287007629,0.040844757634688034
65,1,OLA,monotone NMF-increment LGBM k=8,12,0.9761815288796452,0.055145324005634044,0.0444338389868803
65,1,OLA,monotone NMF-increment LGBM k=10,12,0.9786878739814433,0.05216330980039238,0.04326874378600013
65,1,OLA,monotone NMF-increment LGBM k=12,12,0.981123140671943,0.0490926665173078,0.0423044114104392
65,1,OLA,monotone NMF-increment LGBM k=16,12,0.9728525539896632,0.058873010089315884,0.050320108563779296
74,1,OLA,nested fPCA LGBM,11,0.9039347842038284,0.06613670414829101,0.056555378601518776
74,1,OLA,monotone NMF-increment LGBM k=5,11,0.7060742077192232,0.11568533697065563,0.09786806717258888
74,1,OLA,monotone NMF-increment LGBM k=8,11,0.7826548817606718,0.09947968746639284,0.08316217280893938
74,1,OLA,monotone NMF-increment LGBM k=10,11,0.88968785161054,0.07087142066621094,0.060043416808323015
74,1,OLA,monotone NMF-increment LGBM k=12,11,0.8859002134987177,0.07207785986162996,0.06118994362954107
74,1,OLA,monotone NMF-increment LGBM k=16,11,0.8675294003021283,0.07766390409834636,0.0666875868235261
84,1,OLA,nested fPCA LGBM,28,0.9824897567655533,0.04140426446377144,0.03562797437002555
84,1,OLA,monotone NMF-increment LGBM k=5,28,0.9697431772171968,0.054426529847393164,0.0466034612985131
84,1,OLA,monotone NMF-increment LGBM k=8,28,0.9593773076562828,0.06306426468316378,0.05080733757448425
84,1,OLA,monotone NMF-increment LGBM k=10,28,0.9721258180300048,0.05223962490420533,0.03974113424531072
84,1,OLA,monotone NMF-increment LGBM k=12,28,0.917070742765806,0.09010582601272188,0.06143644847604189
84,1,OLA,monotone NMF-increment LGBM k=16,28,0.9768283249352356,0.04762968390879797,0.03842311896956967
89,1,OLA,nested fPCA LGBM,20,0.5087066239728844,0.27781572176019814,0.22831650534338693
89,1,OLA,monotone NMF-increment LGBM k=5,20,0.46777675400919483,0.2891567164464592,0.24260798633326836
89,1,OLA,monotone NMF-increment LGBM k=8,20,0.7110700170085114,0.2130505554216748,0.1757283129823226
89,1,OLA,monotone NMF-increment LGBM k=10,20,0.6132564048585585,0.24648921957608316,0.207539013371215
89,1,OLA,monotone NMF-increment LGBM k=12,20,0.676922058676878,0.2252890160092937,0.18628372124582543
89,1,OLA,monotone NMF-increment LGBM k=16,20,0.5590997275953541,0.26318222141594094,0.21843254899903647
93,1,SA,nested fPCA LGBM,12,0.919133626962289,0.10585866825017594,0.08952253464075448
93,1,SA,monotone NMF-increment LGBM k=5,12,0.9000995508561733,0.1176592739230775,0.08316767093898093
93,1,SA,monotone NMF-increment LGBM k=8,12,0.8870276552988335,0.12512051257473386,0.09065683619772207
93,1,SA,monotone NMF-increment LGBM k=10,12,0.9321630850826076,0.0969561781666215,0.06802996170705379
93,1,SA,monotone NMF-increment LGBM k=12,12,0.8454963764760398,0.14632272424279416,0.10667902923875983
93,1,SA,monotone NMF-increment LGBM k=16,12,0.891454154653515,0.12264477371208755,0.09048411813701174
99,1,OLA,nested fPCA LGBM,23,0.7933880945904487,0.048916975681210485,0.036278732188308904
99,1,OLA,monotone NMF-increment LGBM k=5,23,-0.03355587960953699,0.10940795694787518,0.09980284095823756
99,1,OLA,monotone NMF-increment LGBM k=8,23,-0.017971329200839437,0.10857996578865343,0.09975806616306555
99,1,OLA,monotone NMF-increment LGBM k=10,23,-0.8549757566283069,0.1465720109253126,0.13359225320618928
99,1,OLA,monotone NMF-increment LGBM k=12,23,-0.09814165902544048,0.11277455209218998,0.10133508517266185
99,1,OLA,monotone NMF-increment LGBM k=16,23,-0.8689809986694479,0.147124286710175,0.13203527798941836
100,1,OLA,nested fPCA LGBM,26,0.7683894148277863,0.03841522427752496,0.03500375449350386
100,1,OLA,monotone NMF-increment LGBM k=5,26,0.33712598829198426,0.06498897201884501,0.05216648966819366
100,1,OLA,monotone NMF-increment LGBM k=8,26,-1.016631340310882,0.11335415067315747,0.08798509181047488
100,1,OLA,monotone NMF-increment LGBM k=10,26,-1.0190108110105012,0.11342100557088487,0.08775187197080078
100,1,OLA,monotone NMF-increment LGBM k=12,26,-0.8154276802430842,0.10755080060402428,0.08303694881657463
100,1,OLA,monotone NMF-increment LGBM k=16,26,-1.0406169546817843,0.1140262695986668,0.086557819025987
105,1,OLA,nested fPCA LGBM,11,0.8542825184114915,0.1456355772801609,0.11014929646867314
105,1,OLA,monotone NMF-increment LGBM k=5,11,0.8528003136984502,0.14637438907828257,0.12291814072870139
105,1,OLA,monotone NMF-increment LGBM k=8,11,0.807693626984037,0.16730483490163683,0.13717959826638884
105,1,OLA,monotone NMF-increment LGBM k=10,11,0.7950196249513968,0.17273000871890518,0.14621301522732838
105,1,OLA,monotone NMF-increment LGBM k=12,11,0.7331858618359923,0.19706798343149556,0.16519554407801085
105,1,OLA,monotone NMF-increment LGBM k=16,11,0.7470927880767568,0.1918634547261133,0.16261814821381562
114,1,OLA,nested fPCA LGBM,43,0.593382981414907,0.1415303754592282,0.11334986284004761
114,1,OLA,monotone NMF-increment LGBM k=5,43,-0.05869618317050307,0.22837184294145332,0.1998792958061919
114,1,OLA,monotone NMF-increment LGBM k=8,43,0.18648279639150223,0.2001890200679924,0.17402809823442159
114,1,OLA,monotone NMF-increment LGBM k=10,43,0.298148923695018,0.18594280069525407,0.16270792344173862
114,1,OLA,monotone NMF-increment LGBM k=12,43,0.3783567130416644,0.17499575225815883,0.15437675857690386
114,1,OLA,monotone NMF-increment LGBM k=16,43,0.5426733668376031,0.15009634951904002,0.13047543310658957
123,1,OLA,nested fPCA LGBM,30,0.7360886404888174,0.17090170483477005,0.15225846641622182
123,1,OLA,monotone NMF-increment LGBM k=5,30,0.6077931398337157,0.20834109671052153,0.18121737088913692
123,1,OLA,monotone NMF-increment LGBM k=8,30,0.5549078823980647,0.22194343571388467,0.19395491852880556
123,1,OLA,monotone NMF-increment LGBM k=10,30,0.5889246743861091,0.21329371465443436,0.1845829765571629
123,1,OLA,monotone NMF-increment LGBM k=12,30,0.5559050664142504,0.22169467535922352,0.19194702972453986
123,1,OLA,monotone NMF-increment LGBM k=16,30,0.6056987606708749,0.20889662534443018,0.1781984998154546
129,1,OLA,nested fPCA LGBM,8,0.9607123167651588,0.08270272125610884,0.06096921723795798
129,1,OLA,monotone NMF-increment LGBM k=5,8,0.8534167808165167,0.15974737029048253,0.12154999193300017
129,1,OLA,monotone NMF-increment LGBM k=8,8,0.885503162208324,0.14118492785809184,0.10849881389850306
129,1,OLA,monotone NMF-increment LGBM k=10,8,0.8637077972839051,0.1540377248163746,0.11350965199193416
129,1,OLA,monotone NMF-increment LGBM k=12,8,0.8945101686349313,0.1355179705028541,0.09512129845146665
129,1,OLA,monotone NMF-increment LGBM k=16,8,0.7948987074916664,0.18896257074516823,0.13652593821909093
132,1,OLA,nested fPCA LGBM,16,0.992484562482643,0.032952038951889605,0.024081321427353385
132,1,OLA,monotone NMF-increment LGBM k=5,16,0.9903293811691825,0.03737939699038193,0.032574011844259815
132,1,OLA,monotone NMF-increment LGBM k=8,16,0.9719486013925123,0.06366231363593773,0.050522530211683535
132,1,OLA,monotone NMF-increment LGBM k=10,16,0.961036701504284,0.0750296664709746,0.06310956090269504
132,1,OLA,monotone NMF-increment LGBM k=12,16,0.9854157590883095,0.04590363449938451,0.03932589206469917
132,1,OLA,monotone NMF-increment LGBM k=16,16,0.9859039869952444,0.04512874995707585,0.03656762270233359
139,1,SA,nested fPCA LGBM,64,0.9843371480511539,0.03421079796097629,0.028343505480074062
139,1,SA,monotone NMF-increment LGBM k=5,64,0.7386744395056961,0.1397393529632275,0.1134638277161875
139,1,SA,monotone NMF-increment LGBM k=8,64,0.9522480497501978,0.05973423957515754,0.05006078899671963
139,1,SA,monotone NMF-increment LGBM k=10,64,0.9428474693488755,0.06534998847855317,0.05440303390318829
139,1,SA,monotone NMF-increment LGBM k=12,64,0.9406606463450712,0.0665884933430114,0.055238445703537795
139,1,SA,monotone NMF-increment LGBM k=16,64,0.9497209350461984,0.06129448197013929,0.05070691272715666
140,1,SA,nested fPCA LGBM,64,0.9075901785763605,0.08521282652169239,0.07482691082001851
140,1,SA,monotone NMF-increment LGBM k=5,64,0.8469626698199834,0.10965907948435785,0.09558667354441847
140,1,SA,monotone NMF-increment LGBM k=8,64,0.8128978671682335,0.12125098483323798,0.10358453306036579
140,1,SA,monotone NMF-increment LGBM k=10,64,0.83154309255729,0.1150509787084474,0.10007859399625695
140,1,SA,monotone NMF-increment LGBM k=12,64,0.8442508252288892,0.11062640075269024,0.09539597556891125
140,1,SA,monotone NMF-increment LGBM k=16,64,0.7953105485593566,0.12682171934848888,0.10821710873741011
145,1,SA,nested fPCA LGBM,24,0.8488943373668121,0.1361917539890056,0.1132499134125124
145,1,SA,monotone NMF-increment LGBM k=5,24,0.36533593384053775,0.2791144996884617,0.23266184103094492
145,1,SA,monotone NMF-increment LGBM k=8,24,0.09656817948473906,0.3330106591724146,0.2803716683315797
145,1,SA,monotone NMF-increment LGBM k=10,24,0.1745812322719298,0.31830804331143003,0.2666752900069112
145,1,SA,monotone NMF-increment LGBM k=12,24,0.15413055911399642,0.32222713575430517,0.2711096077403213
145,1,SA,monotone NMF-increment LGBM k=16,24,0.44629270342894933,0.2607057239961514,0.21604948550719574
154,1,SA,nested fPCA LGBM,36,0.9959487673439672,0.020372071010102837,0.01674540150453048
154,1,SA,monotone NMF-increment LGBM k=5,36,0.9772141090943404,0.04831417808751905,0.040122973272152876
154,1,SA,monotone NMF-increment LGBM k=8,36,0.9528952032133039,0.06946629818416568,0.05377573470195115
154,1,SA,monotone NMF-increment LGBM k=10,36,0.9776281364732821,0.0478732233153038,0.03855585217096234
154,1,SA,monotone NMF-increment LGBM k=12,36,0.9638698161129666,0.060838244639514885,0.04811052974679782
154,1,SA,monotone NMF-increment LGBM k=16,36,0.9633465562108279,0.061277209750381374,0.048429650377392906
164,1,SA,nested fPCA LGBM,52,0.9421613638600228,0.08122222881387646,0.06079438471673694
164,1,SA,monotone NMF-increment LGBM k=5,52,0.5463149879238,0.22747993582925968,0.18723047067554585
164,1,SA,monotone NMF-increment LGBM k=8,52,0.49740192598233557,0.23942874603584338,0.2038359495789842
164,1,SA,monotone NMF-increment LGBM k=10,52,0.5582014897558502,0.22448018134624154,0.18526794294341437
164,1,SA,monotone NMF-increment LGBM k=12,52,0.5794076092619437,0.21902646133932369,0.17964455562832468
164,1,SA,monotone NMF-increment LGBM k=16,52,0.6352915079822574,0.20395709558460254,0.1734766914704064
169,1,OLA,nested fPCA LGBM,36,0.7773805046048269,0.13502504837438745,0.09234475358407723
169,1,OLA,monotone NMF-increment LGBM k=5,36,0.8521915821759952,0.11002270763852794,0.08123685015294212
169,1,OLA,monotone NMF-increment LGBM k=8,36,0.7927110002358146,0.13029293659755842,0.09103414803234976
169,1,OLA,monotone NMF-increment LGBM k=10,36,0.803669637253277,0.12680210962877625,0.09048507769989755
169,1,OLA,monotone NMF-increment LGBM k=12,36,0.8398955787606396,0.1145076249922874,0.08744467845781706
169,1,OLA,monotone NMF-increment LGBM k=16,36,0.7236785848352287,0.15043192630767097,0.1013306044718374
173,1,SA,nested fPCA LGBM,24,0.8762547113733824,0.12212030830695006,0.10492311929947551
173,1,SA,monotone NMF-increment LGBM k=5,24,0.3679080383150718,0.2760029279719002,0.22827402672524588
173,1,SA,monotone NMF-increment LGBM k=8,24,0.4526287837376337,0.2568411073275061,0.2214466465213442
173,1,SA,monotone NMF-increment LGBM k=10,24,0.4105486900800227,0.26653087444770057,0.2301263816967769
173,1,SA,monotone NMF-increment LGBM k=12,24,0.5125408168017361,0.24237771328055466,0.21160005612904986
173,1,SA,monotone NMF-increment LGBM k=16,24,0.5004058753892651,0.24537607581901105,0.21417153230280764
178,1,SA,nested fPCA LGBM,34,0.9708667798141492,0.05453236186724576,0.04771045714691352
178,1,SA,monotone NMF-increment LGBM k=5,34,0.9245681400239407,0.08774804930909323,0.056158925770166776
178,1,SA,monotone NMF-increment LGBM k=8,34,0.9457739305896178,0.0743984906885729,0.04838907268152107
178,1,SA,monotone NMF-increment LGBM k=10,34,0.9355067836756032,0.08113665148568001,0.06638583934539488
178,1,SA,monotone NMF-increment LGBM k=12,34,0.9216069840250782,0.08945379068796178,0.05894580365229687
178,1,SA,monotone NMF-increment LGBM k=16,34,0.9405123393406181,0.07792440730470285,0.05424271990726014
180,1,SA,nested fPCA LGBM,35,0.9118488752886971,0.07004630186827095,0.05893528551266896
180,1,SA,monotone NMF-increment LGBM k=5,35,0.8157127263819092,0.10127889516441156,0.08867514657251184
180,1,SA,monotone NMF-increment LGBM k=8,35,0.9603487967287194,0.04697853485632086,0.037057585571257295
180,1,SA,monotone NMF-increment LGBM k=10,35,0.9714152034602287,0.03988768534210647,0.03358630402593365
180,1,SA,monotone NMF-increment LGBM k=12,35,0.8581803879420113,0.08884631691880343,0.08198001357586637
180,1,SA,monotone NMF-increment LGBM k=16,35,0.8410120390613028,0.09407048914106286,0.0856195373538381
2,2,OLA,nested fPCA LGBM,21,0.9658461678332781,0.051228979536686314,0.03852957706029351
2,2,OLA,monotone NMF-increment LGBM k=5,21,0.9103984940002943,0.08297621867200217,0.06266944095774403
2,2,OLA,monotone NMF-increment LGBM k=8,21,0.875821868840548,0.0976829000807986,0.07357929707511669
2,2,OLA,monotone NMF-increment LGBM k=10,21,0.8627677040143904,0.10268905321356464,0.07986741027536905
2,2,OLA,monotone NMF-increment LGBM k=12,21,0.624061885090206,0.16996291253660503,0.12739469595269756
2,2,OLA,monotone NMF-increment LGBM k=16,21,0.5032020072653439,0.19538260749389338,0.14635717951129262
6,2,OLA,nested fPCA LGBM,19,-0.6790706354029303,0.27960444392750133,0.2524318369244044
6,2,OLA,monotone NMF-increment LGBM k=5,19,-1.7275525059015453,0.35636590466272416,0.32216989885434794
6,2,OLA,monotone NMF-increment LGBM k=8,19,-1.236819933478296,0.322719418667755,0.289432908830821
6,2,OLA,monotone NMF-increment LGBM k=10,19,-1.7119779981444183,0.3553470114840796,0.31446386445191193
6,2,OLA,monotone NMF-increment LGBM k=12,19,-1.4172923455433453,0.33548582484609,0.29867592846782043
6,2,OLA,monotone NMF-increment LGBM k=16,19,-2.2864030369993165,0.3911740153294607,0.34987199421440934
10,2,OLA,nested fPCA LGBM,20,0.8990684988425963,0.12554506821154435,0.08630652619044983
10,2,OLA,monotone NMF-increment LGBM k=5,20,0.7717128745958126,0.18881087307208586,0.13978696737650348
10,2,OLA,monotone NMF-increment LGBM k=8,20,0.9185870900854444,0.11275425235957588,0.08282280866139383
10,2,OLA,monotone NMF-increment LGBM k=10,20,0.9599892834966239,0.0790450093293923,0.04779560116058449
10,2,OLA,monotone NMF-increment LGBM k=12,20,0.962509400053058,0.07651515914062003,0.05044491024038265
10,2,OLA,monotone NMF-increment LGBM k=16,20,0.9507538401176268,0.0876945241927413,0.05400694902314814
24,2,SA,nested fPCA LGBM,15,0.15785598597832484,0.19821031319260543,0.17086696871596244
24,2,SA,monotone NMF-increment LGBM k=5,15,0.4698013177737893,0.15727235383041233,0.13951848539347242
24,2,SA,monotone NMF-increment LGBM k=8,15,0.4689853927565276,0.1573933208577491,0.13861138300727624
24,2,SA,monotone NMF-increment LGBM k=10,15,0.49876573834373106,0.15291617966718007,0.1371938848487447
24,2,SA,monotone NMF-increment LGBM k=12,15,0.5504241512502299,0.14482200345384652,0.13000841934108232
24,2,SA,monotone NMF-increment LGBM k=16,15,0.6491721031009987,0.1279322755313235,0.1155394685310358
29,2,SA,nested fPCA LGBM,24,0.3216604098143647,0.16544148420725807,0.14180526973898003
29,2,SA,monotone NMF-increment LGBM k=5,24,0.7323403053601487,0.10392315531209112,0.08740726625129795
29,2,SA,monotone NMF-increment LGBM k=8,24,0.38575447586471445,0.15743157325965726,0.13215619978630486
29,2,SA,monotone NMF-increment LGBM k=10,24,0.4220751814160476,0.15270614295336185,0.12953243533550643
29,2,SA,monotone NMF-increment LGBM k=12,24,0.4581909758110846,0.1478577020718097,0.12495673501312538
29,2,SA,monotone NMF-increment LGBM k=16,24,0.6281101298660545,0.1224977211857067,0.10163385080383835
33,2,SA,nested fPCA LGBM,16,0.9140594977593448,0.06310095795181998,0.04023510758330409
33,2,SA,monotone NMF-increment LGBM k=5,16,0.9678217303821754,0.03861164920371612,0.0344546627148343
33,2,SA,monotone NMF-increment LGBM k=8,16,0.9305285346845069,0.05673358641403204,0.034858765318649135
33,2,SA,monotone NMF-increment LGBM k=10,16,0.9517133569161388,0.04729884282283391,0.028684034318011364
33,2,SA,monotone NMF-increment LGBM k=12,16,0.955874874065255,0.04521473477710729,0.0282079988772611
33,2,SA,monotone NMF-increment LGBM k=16,16,0.9645622231274197,0.04052007526804134,0.033104857163574516
39,2,OLA,nested fPCA LGBM,22,0.9316061523507967,0.05699842814516224,0.037777360003201914
39,2,OLA,monotone NMF-increment LGBM k=5,22,0.8995678615192465,0.06907020038605992,0.05673437527842324
39,2,OLA,monotone NMF-increment LGBM k=8,22,0.9828658044320661,0.028528978433537917,0.02203373317650036
39,2,OLA,monotone NMF-increment LGBM k=10,22,0.978424476018553,0.03201363851769809,0.027125851404782887
39,2,OLA,monotone NMF-increment LGBM k=12,22,0.9820614512440853,0.029190935517721214,0.02184787361399554
39,2,OLA,monotone NMF-increment LGBM k=16,22,0.973327651396449,0.035594671584315715,0.032532509195127006
42,2,OLA,nested fPCA LGBM,14,-0.010505194926882844,0.35604693987619435,0.2961281508324009
42,2,OLA,monotone NMF-increment LGBM k=5,14,0.5349648397202456,0.24153544801044383,0.1939751138132453
42,2,OLA,monotone NMF-increment LGBM k=8,14,0.35277088631672426,0.28494891290961893,0.23226233517124134
42,2,OLA,monotone NMF-increment LGBM k=10,14,0.19692106180837077,0.31740743847395303,0.2562388376899722
42,2,OLA,monotone NMF-increment LGBM k=12,14,0.26407878124270867,0.3038460848902465,0.238892808344287
42,2,OLA,monotone NMF-increment LGBM k=16,14,0.2891480782041469,0.29862595605195735,0.23760219062910842
48,2,OLA,nested fPCA LGBM,12,0.7232018385300062,0.11893906205076953,0.10167543573159177
48,2,OLA,monotone NMF-increment LGBM k=5,12,0.8080954039619768,0.09903429100785942,0.08650905518451658
48,2,OLA,monotone NMF-increment LGBM k=8,12,0.7872414489000824,0.10427649399619171,0.0892977111283499
48,2,OLA,monotone NMF-increment LGBM k=10,12,0.7585430588777308,0.11108687660607189,0.09510726703356127
48,2,OLA,monotone NMF-increment LGBM k=12,12,0.7480571566495713,0.11347336188988856,0.09685760021612429
48,2,OLA,monotone NMF-increment LGBM k=16,12,0.7472582175962459,0.11365313786792336,0.09795985966446878
51,2,OLA,nested fPCA LGBM,14,0.902190619729037,0.048887546144381136,0.033717565977504985
51,2,OLA,monotone NMF-increment LGBM k=5,14,0.9237228392914336,0.04317230580686318,0.03680670597371633
51,2,OLA,monotone NMF-increment LGBM k=8,14,0.9645175951134206,0.029445200028369426,0.024078111655119108
51,2,OLA,monotone NMF-increment LGBM k=10,14,0.9593191041834255,0.03152849491335787,0.025131327725252655
51,2,OLA,monotone NMF-increment LGBM k=12,14,0.9266263791112994,0.0423426428157684,0.032491100630654565
51,2,OLA,monotone NMF-increment LGBM k=16,14,0.9220420878778074,0.04364536049208163,0.03366101436676642
58,2,OLA,nested fPCA LGBM,16,0.9171306913233429,0.08645025328465615,0.07810487989812107
58,2,OLA,monotone NMF-increment LGBM k=5,16,0.603691410196537,0.1890541237601768,0.17483226797195878
58,2,OLA,monotone NMF-increment LGBM k=8,16,0.8431375133718068,0.11894028087718989,0.10416299009788325
58,2,OLA,monotone NMF-increment LGBM k=10,16,0.7794271316438617,0.141041025661906,0.12561298661787992
58,2,OLA,monotone NMF-increment LGBM k=12,16,0.7793766117870187,0.14105717670651916,0.12481042177801356
58,2,OLA,monotone NMF-increment LGBM k=16,16,0.8259974472836487,0.12527004168641964,0.11033667074109142
64,2,OLA,nested fPCA LGBM,13,0.9756074266936743,0.0566130709085624,0.046805916830657476
64,2,OLA,monotone NMF-increment LGBM k=5,13,0.9010091307023932,0.11404742207045626,0.08823370735010452
64,2,OLA,monotone NMF-increment LGBM k=8,13,0.9570253449298443,0.07514396441710168,0.06069188364086953
64,2,OLA,monotone NMF-increment LGBM k=10,13,0.9368921165999025,0.0910604330065722,0.0673421853218082
64,2,OLA,monotone NMF-increment LGBM k=12,13,0.9455901081997494,0.08455257435779495,0.06871791876243899
64,2,OLA,monotone NMF-increment LGBM k=16,13,0.8611793364574841,0.13505633552500215,0.10180716264487961
69,2,OLA,nested fPCA LGBM,14,0.9485539234183246,0.05349646479762458,0.042684534768423765
69,2,OLA,monotone NMF-increment LGBM k=5,14,0.8591499009264468,0.08851717232850649,0.06327515641444761
69,2,OLA,monotone NMF-increment LGBM k=8,14,0.73630017447999,0.121116656904167,0.09118422708027943
69,2,OLA,monotone NMF-increment LGBM k=10,14,0.7310758383777838,0.12231053484336556,0.09349902166313288
69,2,OLA,monotone NMF-increment LGBM k=12,14,0.7481934208984387,0.11835387729912117,0.0911002944071286
69,2,OLA,monotone NMF-increment LGBM k=16,14,0.84892756804664,0.09167302532264046,0.06487656438518266
73,2,OLA,nested fPCA LGBM,11,0.7681463263907659,0.09055148939858894,0.08202778780444446
73,2,OLA,monotone NMF-increment LGBM k=5,11,0.906015532273863,0.057652301660251815,0.04117407574713678
73,2,OLA,monotone NMF-increment LGBM k=8,11,0.8008219462698694,0.08392847838280335,0.07600467094300903
73,2,OLA,monotone NMF-increment LGBM k=10,11,0.7931227178867286,0.08553522620810676,0.07804036838216967
73,2,OLA,monotone NMF-increment LGBM k=12,11,0.8103200679775425,0.08190290386836262,0.0738925469748346
73,2,OLA,monotone NMF-increment LGBM k=16,11,0.7729063455505638,0.08961714555737348,0.08254353122188239
83,2,OLA,nested fPCA LGBM,27,0.9907978966593274,0.02897106676739066,0.02504839668714552
83,2,OLA,monotone NMF-increment LGBM k=5,27,0.9705044672932028,0.051867946718210996,0.04464281850885428
83,2,OLA,monotone NMF-increment LGBM k=8,27,0.9618765166885066,0.05896811177440258,0.04836027928977152
83,2,OLA,monotone NMF-increment LGBM k=10,27,0.9820948744093134,0.04041193257711382,0.028779351098177086
83,2,OLA,monotone NMF-increment LGBM k=12,27,0.9750994254704206,0.04765688123133877,0.038138173982572965
83,2,OLA,monotone NMF-increment LGBM k=16,27,0.9484804423911102,0.0685499269807607,0.0592721690490074
88,2,OLA,nested fPCA LGBM,20,0.9933907106989631,0.03125993319183995,0.024972542720419554
88,2,OLA,monotone NMF-increment LGBM k=5,20,0.9032153298607475,0.11962279665719443,0.10253369291499463
88,2,OLA,monotone NMF-increment LGBM k=8,20,0.9415209413487344,0.09298456227562518,0.07577031507350393
88,2,OLA,monotone NMF-increment LGBM k=10,20,0.8671055923587112,0.14017288671410227,0.10976073857858788
88,2,OLA,monotone NMF-increment LGBM k=12,20,0.9115410107145819,0.11436197604907439,0.0928295362592182
88,2,OLA,monotone NMF-increment LGBM k=16,20,0.9128073454643562,0.11354045082302139,0.09110908262695303
92,2,SA,nested fPCA LGBM,13,0.9827842976661185,0.042904505732555206,0.032614372577528236
92,2,SA,monotone NMF-increment LGBM k=5,13,0.9586959759930271,0.06645638492375092,0.053537044033114
92,2,SA,monotone NMF-increment LGBM k=8,13,0.9809764393397618,0.04510102732759588,0.031795348573539335
92,2,SA,monotone NMF-increment LGBM k=10,13,0.9923827641331437,0.028539031614505234,0.02127342292583709
92,2,SA,monotone NMF-increment LGBM k=12,13,0.9955862920905281,0.021724126609978953,0.015482327796098233
92,2,SA,monotone NMF-increment LGBM k=16,13,0.9917142098468884,0.029765110267681878,0.021724785585550924
97,2,OLA,nested fPCA LGBM,24,0.9612646490480167,0.023969719917119315,0.020323668717406863
97,2,OLA,monotone NMF-increment LGBM k=5,24,0.2746215475562016,0.10372693306407899,0.09362056390952257
97,2,OLA,monotone NMF-increment LGBM k=8,24,0.08062484107530465,0.11677653760813787,0.10677477746190676
97,2,OLA,monotone NMF-increment LGBM k=10,24,0.19621828275200082,0.10918884538921805,0.09945474533061853
97,2,OLA,monotone NMF-increment LGBM k=12,24,0.23880529182402,0.10625688792030129,0.09765891683178114
97,2,OLA,monotone NMF-increment LGBM k=16,24,0.26257030295396533,0.10458502953208249,0.09630127644399526
98,2,OLA,nested fPCA LGBM,25,0.8534408827128217,0.034975197869125355,0.030080962297870304
98,2,OLA,monotone NMF-increment LGBM k=5,25,0.0318243132564906,0.08989402905613869,0.08406886373687977
98,2,OLA,monotone NMF-increment LGBM k=8,25,-0.008344866921847105,0.09173990915874733,0.08666608482417683
98,2,OLA,monotone NMF-increment LGBM k=10,25,0.3014511626302454,0.07635757843224797,0.07095490862677895
98,2,OLA,monotone NMF-increment LGBM k=12,25,-0.2853623465761761,0.10357776763108408,0.09837838023233425
98,2,OLA,monotone NMF-increment LGBM k=16,25,-0.7907463168975666,0.1222561719454873,0.11590637632208764
104,2,OLA,nested fPCA LGBM,10,0.9545181167074155,0.06765874719144106,0.04993846130313935
104,2,OLA,monotone NMF-increment LGBM k=5,10,0.9341735521905975,0.08139635216377052,0.05719337642230593
104,2,OLA,monotone NMF-increment LGBM k=8,10,0.9056025862082149,0.09747310039559316,0.0672981827463308
104,2,OLA,monotone NMF-increment LGBM k=10,10,0.9053401694870177,0.09760848980135467,0.06679475758276694
104,2,OLA,monotone NMF-increment LGBM k=12,10,0.8824561820913693,0.10876887297699546,0.07628301960089004
104,2,OLA,monotone NMF-increment LGBM k=16,10,0.9398765082451558,0.07779054776535073,0.04599647592920024
109,2,OLA,nested fPCA LGBM,28,0.5468716650691938,0.2687719599974333,0.22602303618531122
109,2,OLA,monotone NMF-increment LGBM k=5,28,0.8597305536258038,0.1495391437915095,0.1272970461559383
109,2,OLA,monotone NMF-increment LGBM k=8,28,0.7972192142222324,0.17979878352071388,0.15155022707512986
109,2,OLA,monotone NMF-increment LGBM k=10,28,0.6948670527083303,0.22055550403798224,0.183225344701865
109,2,OLA,monotone NMF-increment LGBM k=12,28,0.691013691472798,0.22194377376808458,0.18923662917155865
109,2,OLA,monotone NMF-increment LGBM k=16,28,0.6902670860417854,0.2222117540068705,0.1919139931225495
113,2,OLA,nested fPCA LGBM,35,0.7330524595903316,0.15693919003228313,0.13446189344812864
113,2,OLA,monotone NMF-increment LGBM k=5,35,0.9859546375481968,0.03599854274794426,0.02914263210211786
113,2,OLA,monotone NMF-increment LGBM k=8,35,0.8415925756534385,0.12089440754034454,0.10344170919932878
113,2,OLA,monotone NMF-increment LGBM k=10,35,0.8616210107018855,0.11299351584728008,0.0975378288711608
113,2,OLA,monotone NMF-increment LGBM k=12,35,0.7967317527681655,0.13694721860086692,0.11240248860836494
113,2,OLA,monotone NMF-increment LGBM k=16,35,0.8016072007487777,0.13529489116031468,0.11209533864256725
122,2,OLA,nested fPCA LGBM,30,0.9759953140093613,0.05580786076276412,0.04515968470313111
122,2,OLA,monotone NMF-increment LGBM k=5,30,0.9771640908141612,0.054432278547497215,0.046952493549948134
122,2,OLA,monotone NMF-increment LGBM k=8,30,0.9066161250911474,0.11007363438124586,0.10470807993913803
122,2,OLA,monotone NMF-increment LGBM k=10,30,0.9802638742022943,0.05060323866665906,0.0416971873313976
122,2,OLA,monotone NMF-increment LGBM k=12,30,0.9811085441484748,0.049508534910793836,0.03835376380333471
122,2,OLA,monotone NMF-increment LGBM k=16,30,0.983413792892155,0.04638962937164143,0.03501728353100642
127,2,OLA,nested fPCA LGBM,10,0.8214825112949189,0.15134530206868083,0.13511486040252313
127,2,OLA,monotone NMF-increment LGBM k=5,10,0.685818994887544,0.20077910893560144,0.17776481062439237
127,2,OLA,monotone NMF-increment LGBM k=8,10,0.796648399223437,0.16152968935783918,0.1429500300293134
127,2,OLA,monotone NMF-increment LGBM k=10,10,0.6680557421604297,0.2063769264698392,0.18749873857283966
127,2,OLA,monotone NMF-increment LGBM k=12,10,0.6968107932316718,0.19723565583138722,0.1780733102560195
127,2,OLA,monotone NMF-increment LGBM k=16,10,0.6343230624731966,0.21660942310325887,0.19600375629880235
131,2,OLA,nested fPCA LGBM,15,0.9700994901326901,0.06008914907771084,0.045895576567119206
131,2,OLA,monotone NMF-increment LGBM k=5,15,0.9653672111607902,0.0646696468686772,0.053749324253525674
131,2,OLA,monotone NMF-increment LGBM k=8,15,0.9566898291694257,0.0723188822902516,0.05611759656489824
131,2,OLA,monotone NMF-increment LGBM k=10,15,0.8827321341817413,0.11899980992381486,0.10725876540310836
131,2,OLA,monotone NMF-increment LGBM k=12,15,0.9151184908825427,0.10124260313886224,0.08665317844725275
131,2,OLA,monotone NMF-increment LGBM k=16,15,0.8782654228238327,0.12124497067612675,0.10632388860597054
136,2,SA,nested fPCA LGBM,45,0.9614855819392079,0.06036678432148311,0.05013880844685028
136,2,SA,monotone NMF-increment LGBM k=5,45,0.8603707639035787,0.11494088929642081,0.08853977454557357
136,2,SA,monotone NMF-increment LGBM k=8,45,0.9120685079387845,0.09121338923379899,0.07001586362949791
136,2,SA,monotone NMF-increment LGBM k=10,45,0.8586987515502037,0.11562703025480416,0.09304174334571713
136,2,SA,monotone NMF-increment LGBM k=12,45,0.8951242852796634,0.09961479342795641,0.08159719149855622
136,2,SA,monotone NMF-increment LGBM k=16,45,0.8936127186105335,0.10033009592784438,0.08204911761847591
138,2,SA,nested fPCA LGBM,64,0.9515398727672445,0.05344550144376728,0.04149602881250522
138,2,SA,monotone NMF-increment LGBM k=5,64,0.8829821135461715,0.08305102675261067,0.07218176323173893
138,2,SA,monotone NMF-increment LGBM k=8,64,0.8919289956066787,0.0798129705324193,0.06880578036004403
138,2,SA,monotone NMF-increment LGBM k=10,64,0.8578018071434115,0.0915515960002366,0.07814287469483817
138,2,SA,monotone NMF-increment LGBM k=12,64,0.8032405462468708,0.10769280408718594,0.0924905486636076
138,2,SA,monotone NMF-increment LGBM k=16,64,0.8008993366556942,0.1083316192300333,0.09336753495104747
144,2,SA,nested fPCA LGBM,24,0.991491857081204,0.028671424187853903,0.022851538247810037
144,2,SA,monotone NMF-increment LGBM k=5,24,0.49339718675534794,0.22124103240089443,0.18617097284010029
144,2,SA,monotone NMF-increment LGBM k=8,24,0.42873916373245335,0.23493574750516485,0.19751169291095846
144,2,SA,monotone NMF-increment LGBM k=10,24,0.43519715193120667,0.23360402253599308,0.19750230491199586
144,2,SA,monotone NMF-increment LGBM k=12,24,0.4656177215353565,0.2272259362209982,0.19056829585106683
144,2,SA,monotone NMF-increment LGBM k=16,24,0.3949300697512289,0.2417879555805295,0.20273899175267987
149,2,SA,nested fPCA LGBM,34,0.9967213330648199,0.0177090018542996,0.014545552122801918
149,2,SA,monotone NMF-increment LGBM k=5,34,0.9870477243970942,0.03519803926362843,0.02660109149917185
149,2,SA,monotone NMF-increment LGBM k=8,34,0.9802045983711927,0.043513858158869344,0.03028746898391068
149,2,SA,monotone NMF-increment LGBM k=10,34,0.9811966582001843,0.04240948056687656,0.02820242206966704
149,2,SA,monotone NMF-increment LGBM k=12,34,0.9682489549274279,0.05510924296925582,0.04002027348123623
149,2,SA,monotone NMF-increment LGBM k=16,34,0.9658067213550403,0.05718943495814187,0.04212612115004892
153,2,SA,nested fPCA LGBM,34,0.9745087857927416,0.04771647075417293,0.04289793371306606
153,2,SA,monotone NMF-increment LGBM k=5,34,0.9827010338641867,0.03930819732903846,0.03367842868920802
153,2,SA,monotone NMF-increment LGBM k=8,34,0.9854286726497683,0.03607635158730628,0.030673934933244277
153,2,SA,monotone NMF-increment LGBM k=10,34,0.9909912026389008,0.02836654629286843,0.024196585034918935
153,2,SA,monotone NMF-increment LGBM k=12,34,0.991479589011768,0.02758692697090933,0.023330373252111403
153,2,SA,monotone NMF-increment LGBM k=16,34,0.9884105125838523,0.03217400814625475,0.02800074838295365
158,2,SA,nested fPCA LGBM,59,0.5038472295912152,0.20543993824544177,0.16744499089845782
158,2,SA,monotone NMF-increment LGBM k=5,59,-0.4403761964032593,0.35003795126917386,0.31419898163888144
158,2,SA,monotone NMF-increment LGBM k=8,59,0.2994922588291793,0.2441089119476403,0.20569031776737642
158,2,SA,monotone NMF-increment LGBM k=10,59,0.09518949654641329,0.2774316355589625,0.23762123401356958
158,2,SA,monotone NMF-increment LGBM k=12,59,0.022182483376334883,0.28840718256692016,0.2523150577191358
158,2,SA,monotone NMF-increment LGBM k=16,59,0.037157259770074,0.2861902576214137,0.2501464679757673
159,2,SA,nested fPCA LGBM,59,0.6128554574166316,0.21247397703722942,0.17313941297557306
159,2,SA,monotone NMF-increment LGBM k=5,59,-0.09368568134930655,0.35712104139853873,0.31097864265583064
159,2,SA,monotone NMF-increment LGBM k=8,59,0.409087196630188,0.26250094802193763,0.22220874388508943
159,2,SA,monotone NMF-increment LGBM k=10,59,0.2578296965773105,0.29418529644530006,0.24969483999249187
159,2,SA,monotone NMF-increment LGBM k=12,59,0.22738295802783348,0.3001589641025514,0.25555584354050054
159,2,SA,monotone NMF-increment LGBM k=16,59,0.23505042435597823,0.2986658588091877,0.2540286436807796
163,2,OLA,nested fPCA LGBM,46,0.9243459649394083,0.09254146291376604,0.04904136888958702
163,2,OLA,monotone NMF-increment LGBM k=5,46,0.9340863485941779,0.08637896537212549,0.07835197105206035
163,2,OLA,monotone NMF-increment LGBM k=8,46,0.9303122094296938,0.08881752363467249,0.0802010228087654
163,2,OLA,monotone NMF-increment LGBM k=10,46,0.9284316919384549,0.09000791210066517,0.08133779376149215
163,2,OLA,monotone NMF-increment LGBM k=12,46,0.9191439540610005,0.09567017363170481,0.0866630690045949
163,2,OLA,monotone NMF-increment LGBM k=16,46,0.8952522066024948,0.10889119249891746,0.09747156731776681
168,2,OLA,nested fPCA LGBM,36,0.883086969629383,0.08722073671705226,0.05162791451708981
168,2,OLA,monotone NMF-increment LGBM k=5,36,0.8396459885458826,0.10214760920727804,0.08973394265673595
168,2,OLA,monotone NMF-increment LGBM k=8,36,0.8284507565612299,0.10565320974112045,0.08941749694884901
168,2,OLA,monotone NMF-increment LGBM k=10,36,0.8445950354214451,0.10055895145590635,0.08109497862815696
168,2,OLA,monotone NMF-increment LGBM k=12,36,0.8431264303554429,0.10103298431871689,0.0838186108833423
168,2,OLA,monotone NMF-increment LGBM k=16,36,0.8238417444529383,0.10706309462317903,0.08638496512342225
172,2,SA,nested fPCA LGBM,24,0.9620599207250597,0.0668618023896158,0.058100983290575274
172,2,SA,monotone NMF-increment LGBM k=5,24,0.6468175936476335,0.20399921360864928,0.16920013139324078
172,2,SA,monotone NMF-increment LGBM k=8,24,0.6253017069278097,0.21012117465504174,0.17555271279853524
172,2,SA,monotone NMF-increment LGBM k=10,24,0.6848529721702834,0.1927017108664519,0.15874246958405525
172,2,SA,monotone NMF-increment LGBM k=12,24,0.7042742766011987,0.18666956441838428,0.15322111233910904
172,2,SA,monotone NMF-increment LGBM k=16,24,0.6307422604683048,0.20859013541442525,0.17299877370435102
177,2,SA,nested fPCA LGBM,18,0.8211418923716096,0.10235586969281361,0.09306352296611145
177,2,SA,monotone NMF-increment LGBM k=5,18,0.9348130203937199,0.0617929410961653,0.0498642024925601
177,2,SA,monotone NMF-increment LGBM k=8,18,0.9003500031216085,0.07640065496771305,0.06471868646510788
177,2,SA,monotone NMF-increment LGBM k=10,18,0.9362020562043043,0.061131039082283394,0.0530858541742704
177,2,SA,monotone NMF-increment LGBM k=12,18,0.9235327819450296,0.06692618694917811,0.058678281884147095
177,2,SA,monotone NMF-increment LGBM k=16,18,0.9264536684820092,0.06563552214796792,0.05728226541163904
16,3,SA,nested fPCA LGBM,20,0.459257527302786,0.11313670965347965,0.07900382178271755
16,3,SA,monotone NMF-increment LGBM k=5,20,0.24089367407811024,0.13404777447200328,0.11402732146556094
16,3,SA,monotone NMF-increment LGBM k=8,20,0.5442599101657322,0.10386444852049692,0.0858897054705507
16,3,SA,monotone NMF-increment LGBM k=10,20,0.27092552404523873,0.1313694101392145,0.10118315078628623
16,3,SA,monotone NMF-increment LGBM k=12,20,0.24953678354081787,0.13328246245026124,0.10204924121695469
16,3,SA,monotone NMF-increment LGBM k=16,20,0.1369673113165073,0.14292951680400712,0.10686848477737183
19,3,SA,nested fPCA LGBM,12,0.782148322473851,0.1605286045449492,0.13978558565156265
19,3,SA,monotone NMF-increment LGBM k=5,12,0.16451306757271056,0.3143705153445696,0.26869631883521455
19,3,SA,monotone NMF-increment LGBM k=8,12,0.5196641229019937,0.23836609909001963,0.2051292771658665
19,3,SA,monotone NMF-increment LGBM k=10,12,0.5252953567752454,0.2369647332356708,0.20503616338593186
19,3,SA,monotone NMF-increment LGBM k=12,12,0.3956049527296095,0.2673821583269197,0.23137907403691402
19,3,SA,monotone NMF-increment LGBM k=16,12,0.543763321435418,0.23230955593294383,0.2016971065495939
23,3,SA,nested fPCA LGBM,31,0.8105765678855373,0.09705709916824794,0.07844587380759153
23,3,SA,monotone NMF-increment LGBM k=5,31,-0.015621371922988736,0.2247379277558761,0.20242334064768264
23,3,SA,monotone NMF-increment LGBM k=8,31,0.0026597237033882948,0.22270611161415785,0.19699615592426192
23,3,SA,monotone NMF-increment LGBM k=10,31,0.3455966581844685,0.18039861986142255,0.1608073632121472
23,3,SA,monotone NMF-increment LGBM k=12,31,0.37254031481745253,0.17664582200983345,0.15881051629241172
23,3,SA,monotone NMF-increment LGBM k=16,31,0.28379721059890994,0.18872457693513062,0.16783653148297717
28,3,SA,nested fPCA LGBM,21,-0.5123056662563465,0.19161715875599558,0.15194777552452982
28,3,SA,monotone NMF-increment LGBM k=5,21,-3.02144902978904,0.3124682469562284,0.26626229261457046
28,3,SA,monotone NMF-increment LGBM k=8,21,-2.76789584067892,0.30245728607617484,0.25511828887699356
28,3,SA,monotone NMF-increment LGBM k=10,21,-2.595500997140537,0.2954570201232307,0.2525448127645264
28,3,SA,monotone NMF-increment LGBM k=12,21,-2.181714568580743,0.277936263618934,0.23875800182688778
28,3,SA,monotone NMF-increment LGBM k=16,21,-2.7914060382614063,0.3033994263483983,0.2562134338034585
32,3,SA,nested fPCA LGBM,14,0.9934600751356705,0.023045794256452548,0.01775996449950518
32,3,SA,monotone NMF-increment LGBM k=5,14,0.896913555296056,0.09149683717187843,0.08266187285326067
32,3,SA,monotone NMF-increment LGBM k=8,14,0.8833626419806688,0.0973249384705294,0.08796966354657577
32,3,SA,monotone NMF-increment LGBM k=10,14,0.9046350575211288,0.08800344561971585,0.0795825084951479
32,3,SA,monotone NMF-increment LGBM k=12,14,0.9113468945395955,0.08485008418917424,0.07687933430199671
32,3,SA,monotone NMF-increment LGBM k=16,14,0.8447868394425928,0.11227151217037318,0.10074563782727518
41,3,OLA,nested fPCA LGBM,21,0.7114194864475993,0.07303846193584841,0.04514186556941296
41,3,OLA,monotone NMF-increment LGBM k=5,21,0.7199590052373054,0.0719496894883528,0.06103188897994981
41,3,OLA,monotone NMF-increment LGBM k=8,21,0.11468321074135102,0.1279285473167788,0.10758690614391118
41,3,OLA,monotone NMF-increment LGBM k=10,21,0.19038540261535963,0.12233684697913408,0.09689723400655284
41,3,OLA,monotone NMF-increment LGBM k=12,21,-0.7129867142217414,0.17794882122207953,0.15164647945545312
41,3,OLA,monotone NMF-increment LGBM k=16,21,-0.14716624718352467,0.14562344414155892,0.12406849268849014
46,3,OLA,nested fPCA LGBM,14,0.8748239258290328,0.07778767263482693,0.0649670941611791
46,3,OLA,monotone NMF-increment LGBM k=5,14,0.8884775819417631,0.07342284406140322,0.06243099287004607
46,3,OLA,monotone NMF-increment LGBM k=8,14,0.7893779748959862,0.10090251854747917,0.08411738843056057
46,3,OLA,monotone NMF-increment LGBM k=10,14,0.8029478930178654,0.09759794106440667,0.08099886216007023
46,3,OLA,monotone NMF-increment LGBM k=12,14,0.7479155404562126,0.11038832689201535,0.0926549985539259
46,3,OLA,monotone NMF-increment LGBM k=16,14,0.7874987425122204,0.10135166007691622,0.08465473908617079
50,3,OLA,nested fPCA LGBM,13,0.9411913798023426,0.04677860022868074,0.03429329488854237
50,3,OLA,monotone NMF-increment LGBM k=5,13,0.9059619471573859,0.059153240543838734,0.0489705079587058
50,3,OLA,monotone NMF-increment LGBM k=8,13,0.847538742720343,0.07531933477527868,0.06354312450245082
50,3,OLA,monotone NMF-increment LGBM k=10,13,0.8895168044483112,0.06411724315091541,0.050784568484742346
50,3,OLA,monotone NMF-increment LGBM k=12,13,0.868577014861931,0.06992981687674851,0.05752128465822951
50,3,OLA,monotone NMF-increment LGBM k=16,13,0.9417349299689292,0.04656191820705657,0.03611989760471463
55,3,OLA,nested fPCA LGBM,16,0.9742057603235383,0.0518536169365194,0.0461536956691941
55,3,OLA,monotone NMF-increment LGBM k=5,16,0.9807389359595434,0.04480823395190973,0.03399173530254801
55,3,OLA,monotone NMF-increment LGBM k=8,16,0.9324688456962227,0.08390150983289892,0.06910537314327948
55,3,OLA,monotone NMF-increment LGBM k=10,16,0.9625160128304406,0.06250871625513006,0.0522221128990557
55,3,OLA,monotone NMF-increment LGBM k=12,16,0.9622173547318913,0.06275724498458438,0.05174661745506206
55,3,OLA,monotone NMF-increment LGBM k=16,16,0.9697375277655272,0.05616553390192577,0.045957962111019296
57,3,OLA,nested fPCA LGBM,16,0.8316580204694151,0.15213453884871542,0.13392671206819395
57,3,OLA,monotone NMF-increment LGBM k=5,16,0.9072836848291401,0.11290409373469852,0.09791478660120428
57,3,OLA,monotone NMF-increment LGBM k=8,16,0.8215518903056256,0.15663455711178584,0.13412678108340065
57,3,OLA,monotone NMF-increment LGBM k=10,16,0.7882345281330537,0.1706314898056826,0.14878120054286048
57,3,OLA,monotone NMF-increment LGBM k=12,16,0.8626966860314983,0.13739537612032066,0.12218070975231474
57,3,OLA,monotone NMF-increment LGBM k=16,16,0.8886513294609683,0.12372974719417772,0.10860555599732713
63,3,OLA,nested fPCA LGBM,13,0.8327487328226132,0.12511328104700756,0.10651497004858732
63,3,OLA,monotone NMF-increment LGBM k=5,13,0.5289976035319943,0.20995695395581687,0.1793204896490737
63,3,OLA,monotone NMF-increment LGBM k=8,13,0.781998549775411,0.14283952468363958,0.11627924505335675
63,3,OLA,monotone NMF-increment LGBM k=10,13,0.6001200776465192,0.1934565794113615,0.15912145785734538
63,3,OLA,monotone NMF-increment LGBM k=12,13,0.5894129099548506,0.19602946287498216,0.1585597811013719
63,3,OLA,monotone NMF-increment LGBM k=16,13,0.2514299233288374,0.26468841683040845,0.23584500237634445
68,3,OLA,nested fPCA LGBM,15,-0.33519056756228016,0.19669387861772575,0.16105294697997644
68,3,OLA,monotone NMF-increment LGBM k=5,15,-1.2467471283664193,0.25515043560916245,0.2203256635862745
68,3,OLA,monotone NMF-increment LGBM k=8,15,-1.0054872746115353,0.24106223111293038,0.20926669137124834
68,3,OLA,monotone NMF-increment LGBM k=10,15,-0.7646414095168967,0.22612441151313495,0.19630839465701203
68,3,OLA,monotone NMF-increment LGBM k=12,15,-1.241404116967793,0.2548468671442888,0.22125404224029138
68,3,OLA,monotone NMF-increment LGBM k=16,15,-1.7242619064347786,0.28095945081248674,0.24671643144208052
72,3,OLA,nested fPCA LGBM,10,0.9071860703482154,0.05878791954571832,0.051861772465238154
72,3,OLA,monotone NMF-increment LGBM k=5,10,0.9225365802071397,0.05370687013229263,0.044532496780061694
72,3,OLA,monotone NMF-increment LGBM k=8,10,0.8854101164325154,0.06532127451695087,0.04685957199107505
72,3,OLA,monotone NMF-increment LGBM k=10,10,0.8899742178596995,0.06400718728218126,0.05567362539788755
72,3,OLA,monotone NMF-increment LGBM k=12,10,0.8792025172270262,0.06706724288752633,0.05866280130736741
72,3,OLA,monotone NMF-increment LGBM k=16,10,0.890748666549131,0.06378152281324552,0.05666086585643291
77,3,OLA,nested fPCA LGBM,11,0.4836958560733148,0.17181822631483706,0.15603035264502682
77,3,OLA,monotone NMF-increment LGBM k=5,11,0.7510544762586483,0.11930773116335089,0.07600668835112144
77,3,OLA,monotone NMF-increment LGBM k=8,11,0.5145704657814694,0.16660173660570216,0.1279702298793246
77,3,OLA,monotone NMF-increment LGBM k=10,11,0.46336956806517426,0.17516771907183357,0.15382432021601647
77,3,OLA,monotone NMF-increment LGBM k=12,11,0.43976809079338397,0.17897828685512152,0.15720824538988873
77,3,OLA,monotone NMF-increment LGBM k=16,11,0.4561611546100136,0.17634028513908898,0.1562328555212775
78,3,OLA,nested fPCA LGBM,10,-3.157508062108856,0.1052406835660905,0.07395352590498658
78,3,OLA,monotone NMF-increment LGBM k=5,10,-26.18799606735796,0.26912603278657676,0.22964071944761089
78,3,OLA,monotone NMF-increment LGBM k=8,10,-8.564856650551901,0.15962699683033024,0.1378121432715852
78,3,OLA,monotone NMF-increment LGBM k=10,10,-2.5666988870600265,0.09747659121618847,0.07622854395157769
78,3,OLA,monotone NMF-increment LGBM k=12,10,-1.8421035633961385,0.0870135845307347,0.06724750684020937
78,3,OLA,monotone NMF-increment LGBM k=16,10,-5.301184198408414,0.12956216540549179,0.09710830251739062
82,3,OLA,nested fPCA LGBM,17,0.9432618079016791,0.0816776189369967,0.07732935506014502
82,3,OLA,monotone NMF-increment LGBM k=5,17,0.894649524703006,0.11129702910602293,0.10154634629082096
82,3,OLA,monotone NMF-increment LGBM k=8,17,0.9356233906991703,0.08700202707509848,0.07733804369260165
82,3,OLA,monotone NMF-increment LGBM k=10,17,0.935469871728752,0.08710570221777857,0.07830615182514682
82,3,OLA,monotone NMF-increment LGBM k=12,17,0.970709961148147,0.05868475501597911,0.05278851629584844
82,3,OLA,monotone NMF-increment LGBM k=16,17,0.965925252379696,0.06329678416745284,0.055976400945251914
87,3,OLA,nested fPCA LGBM,20,0.9942699972996492,0.02941966872498738,0.02444078399758163
87,3,OLA,monotone NMF-increment LGBM k=5,20,0.9662288260259178,0.07142223623483876,0.057399317549730974
87,3,OLA,monotone NMF-increment LGBM k=8,20,0.9739774660163866,0.0626953248514178,0.04664635682167149
87,3,OLA,monotone NMF-increment LGBM k=10,20,0.9766930457992246,0.05933393154028414,0.04456337298427914
87,3,OLA,monotone NMF-increment LGBM k=12,20,0.9705050217853889,0.06674740788462886,0.05196906119556566
87,3,OLA,monotone NMF-increment LGBM k=16,20,0.9689075087735981,0.06853116663057776,0.052264918995406494
91,3,SA,nested fPCA LGBM,12,0.9708697557346282,0.06270821313395364,0.05112612045234135
91,3,SA,monotone NMF-increment LGBM k=5,12,0.9135991434698565,0.10799692414062913,0.09205229677141896
91,3,SA,monotone NMF-increment LGBM k=8,12,0.9729699124942203,0.0604054450497382,0.04748445514907241
91,3,SA,monotone NMF-increment LGBM k=10,12,0.9633809229874811,0.07030821294699754,0.054369998115127605
91,3,SA,monotone NMF-increment LGBM k=12,12,0.9638340843642986,0.06987182631769541,0.0540287397866502
91,3,SA,monotone NMF-increment LGBM k=16,12,0.925565733783599,0.10023948305532948,0.08527964454759862
96,3,OLA,nested fPCA LGBM,27,0.8636003567121315,0.051844383532103015,0.040265383247262324
96,3,OLA,monotone NMF-increment LGBM k=5,27,0.9308062677865215,0.036925677786964914,0.032186646574299385
96,3,OLA,monotone NMF-increment LGBM k=8,27,0.8731103101319171,0.050004405167137875,0.04587894044309912
96,3,OLA,monotone NMF-increment LGBM k=10,27,0.8972703216004683,0.044992804211758476,0.0412318055173878
96,3,OLA,monotone NMF-increment LGBM k=12,27,0.864870940181103,0.05160234939944464,0.04806516632658869
96,3,OLA,monotone NMF-increment LGBM k=16,27,0.9018612642021592,0.0439759598129271,0.03968212451427094
103,3,OLA,nested fPCA LGBM,11,0.8918489315489071,0.13567947784851447,0.11458083895195745
103,3,OLA,monotone NMF-increment LGBM k=5,11,0.9403837873918319,0.1007351291191893,0.08687265322148029
103,3,OLA,monotone NMF-increment LGBM k=8,11,0.8927062142469216,0.13514066168654681,0.11674440821004572
103,3,OLA,monotone NMF-increment LGBM k=10,11,0.8925760348690316,0.1352226198080311,0.12053388488858462
103,3,OLA,monotone NMF-increment LGBM k=12,11,0.8786821451889059,0.14370143916212844,0.12638746838578277
103,3,OLA,monotone NMF-increment LGBM k=16,11,0.8759362978862532,0.14531857305758836,0.12442837252721427
108,3,OLA,nested fPCA LGBM,11,0.9031219310257538,0.1118763882747086,0.0875165385926168
108,3,OLA,monotone NMF-increment LGBM k=5,11,0.9583693896558997,0.07333851126526492,0.05522628116478574
108,3,OLA,monotone NMF-increment LGBM k=8,11,0.9324961558185796,0.09338775891430104,0.07565695123980513
108,3,OLA,monotone NMF-increment LGBM k=10,11,0.9479435940112793,0.08200924073816432,0.06330921537279795
108,3,OLA,monotone NMF-increment LGBM k=12,11,0.8822742741814376,0.12332791492523158,0.09641652397799697
108,3,OLA,monotone NMF-increment LGBM k=16,11,0.9240727949631818,0.09904314156836906,0.07388925176197433
112,3,OLA,nested fPCA LGBM,34,0.19278226843475976,0.26644823105833504,0.2408813517029944
112,3,OLA,monotone NMF-increment LGBM k=5,34,0.00449216637975447,0.29589650510560506,0.26146272230637346
112,3,OLA,monotone NMF-increment LGBM k=8,34,0.04217143046930405,0.29024275525142623,0.26324303742496086
112,3,OLA,monotone NMF-increment LGBM k=10,34,0.4346310751645054,0.22298901121936227,0.1951975996085039
112,3,OLA,monotone NMF-increment LGBM k=12,34,0.5125976871769002,0.20704335074358696,0.17952915928884045
112,3,OLA,monotone NMF-increment LGBM k=16,34,0.6316088483558249,0.17999982792106173,0.15647939964571753
117,3,OLA,nested fPCA LGBM,16,0.9900702082314693,0.0341792990897706,0.026583445678364667
117,3,OLA,monotone NMF-increment LGBM k=5,16,0.96914002257742,0.060254693800996226,0.04590997274638934
117,3,OLA,monotone NMF-increment LGBM k=8,16,0.9825642182307581,0.045291196514800694,0.03828135366321522
117,3,OLA,monotone NMF-increment LGBM k=10,16,0.9853168406819395,0.041562612421903775,0.03518592823441575
117,3,OLA,monotone NMF-increment LGBM k=12,16,0.9830206687179629,0.044694426891129645,0.034525564129268514
117,3,OLA,monotone NMF-increment LGBM k=16,16,0.9813933636928991,0.04678719577684898,0.03724917709475772
121,3,OLA,nested fPCA LGBM,31,0.9039305656745276,0.11611206023575528,0.09489304825134719
121,3,OLA,monotone NMF-increment LGBM k=5,31,0.9318644044928945,0.09778488791608049,0.07988813403965687
121,3,OLA,monotone NMF-increment LGBM k=8,31,0.9071239069918692,0.11416597321223115,0.0998458084832527
121,3,OLA,monotone NMF-increment LGBM k=10,31,0.9171240700964206,0.10784472851202268,0.09455093494744621
121,3,OLA,monotone NMF-increment LGBM k=12,31,0.9422648869598321,0.09001289391933683,0.08214511776462304
121,3,OLA,monotone NMF-increment LGBM k=16,31,0.921689852208996,0.10483196733425255,0.08974487312879639
126,3,OLA,nested fPCA LGBM,30,0.9276312570452333,0.09333024745604962,0.07714746900285106
126,3,OLA,monotone NMF-increment LGBM k=5,30,0.7249754481197255,0.18194186229269108,0.15510653980650876
126,3,OLA,monotone NMF-increment LGBM k=8,30,0.7790651388480392,0.16307186081439456,0.13564246271818753
126,3,OLA,monotone NMF-increment LGBM k=10,30,0.7608043521562885,0.16967721979099332,0.14082342558512356
126,3,OLA,monotone NMF-increment LGBM k=12,30,0.7287219403235202,0.1806983712733831,0.1478498968970502
126,3,OLA,monotone NMF-increment LGBM k=16,30,0.7016025943773135,0.1895153641357291,0.1577907192097248
130,3,OLA,nested fPCA LGBM,10,0.978633167109699,0.05747147549449445,0.05217960160436084
130,3,OLA,monotone NMF-increment LGBM k=5,10,0.8683331470589735,0.14266600434243493,0.10933686553268696
130,3,OLA,monotone NMF-increment LGBM k=8,10,0.9487260287314475,0.08902884686761879,0.0754600435877791
130,3,OLA,monotone NMF-increment LGBM k=10,10,0.9039189864442755,0.12187119183588103,0.10052478709113007
130,3,OLA,monotone NMF-increment LGBM k=12,10,0.9118241995240944,0.11675002330092868,0.10178025803340951
130,3,OLA,monotone NMF-increment LGBM k=16,10,0.936642132158704,0.09896520925243839,0.08184568070049146
135,3,SA,nested fPCA LGBM,44,0.9669989450485654,0.04896224703819124,0.03848759956976311
135,3,SA,monotone NMF-increment LGBM k=5,44,0.9701270708806646,0.046583952402705534,0.040146656643197914
135,3,SA,monotone NMF-increment LGBM k=8,44,0.9810999573948471,0.037053464498444724,0.03031159026914039
135,3,SA,monotone NMF-increment LGBM k=10,44,0.9824537291513314,0.03570177787577106,0.025920609045655255
135,3,SA,monotone NMF-increment LGBM k=12,44,0.9798373620304688,0.03827111411959196,0.027305088835455692
135,3,SA,monotone NMF-increment LGBM k=16,44,0.9786531358230106,0.03937898088647129,0.027687254144697204
137,3,SA,nested fPCA LGBM,45,0.24666185503083127,0.19554394732876568,0.17303936117936713
137,3,SA,monotone NMF-increment LGBM k=5,45,0.6503678576985753,0.13321559665009516,0.11528022532341728
137,3,SA,monotone NMF-increment LGBM k=8,45,0.7460335348190941,0.1135370447416861,0.0972495675792674
137,3,SA,monotone NMF-increment LGBM k=10,45,0.8390832787797983,0.09037534872895846,0.0747241897472051
137,3,SA,monotone NMF-increment LGBM k=12,45,0.8142664066840362,0.09709449988097238,0.08127433352186195
137,3,SA,monotone NMF-increment LGBM k=16,45,0.8359806314317859,0.09124245592672141,0.07692412557251557
143,3,SA,nested fPCA LGBM,63,0.8539197665831771,0.08679726419634543,0.07821655608349526
143,3,SA,monotone NMF-increment LGBM k=5,63,0.8202461331383697,0.09628295938730184,0.07834732311054328
143,3,SA,monotone NMF-increment LGBM k=8,63,0.6504708305219833,0.13426166298410255,0.1177101873405537
143,3,SA,monotone NMF-increment LGBM k=10,63,0.7136138939387318,0.12153077903785892,0.10508986247020491
143,3,SA,monotone NMF-increment LGBM k=12,63,0.8330017291965588,0.09280391480332854,0.07648449047152589
143,3,SA,monotone NMF-increment LGBM k=16,63,0.7664034287544664,0.10975985927006257,0.09346052912523482
148,3,SA,nested fPCA LGBM,38,0.9888246502314445,0.0324227562798089,0.0256142627436153
148,3,SA,monotone NMF-increment LGBM k=5,38,0.9963431338702424,0.018547009756235956,0.015883184370756344
148,3,SA,monotone NMF-increment LGBM k=8,38,0.9871546956092865,0.03476094459232368,0.029053765423724006
148,3,SA,monotone NMF-increment LGBM k=10,38,0.9891921112136912,0.031885248274718905,0.02731271543337173
148,3,SA,monotone NMF-increment LGBM k=12,38,0.9694790042572576,0.053581975142729034,0.048785318958599916
148,3,SA,monotone NMF-increment LGBM k=16,38,0.9806412401854383,0.04267348730937713,0.03725108196648655
152,3,SA,nested fPCA LGBM,31,0.9325828411928017,0.0878320740082054,0.07761417600875303
152,3,SA,monotone NMF-increment LGBM k=5,31,0.8956738830266326,0.10926081524731796,0.08833494524525347
152,3,SA,monotone NMF-increment LGBM k=8,31,0.898443860991711,0.1078005572287434,0.08690597342864947
152,3,SA,monotone NMF-increment LGBM k=10,31,0.8492909257162237,0.13132203866935416,0.1104053533168175
152,3,SA,monotone NMF-increment LGBM k=12,31,0.8196642976501679,0.14365103945341984,0.12002307720441471
152,3,SA,monotone NMF-increment LGBM k=16,31,0.8623492947975621,0.12550387508862224,0.10366161897046104
157,3,SA,nested fPCA LGBM,33,0.9863990359799631,0.03861023937457998,0.03194721232747619
157,3,SA,monotone NMF-increment LGBM k=5,33,0.9608660399468284,0.06549294912034356,0.05643771076646492
157,3,SA,monotone NMF-increment LGBM k=8,33,0.9633223426141619,0.06340426069552205,0.05551520167190512
157,3,SA,monotone NMF-increment LGBM k=10,33,0.9457091101683346,0.07714026530953298,0.06259482991062544
157,3,SA,monotone NMF-increment LGBM k=12,33,0.9243546024986933,0.09105607017510013,0.07293951212800037
157,3,SA,monotone NMF-increment LGBM k=16,33,0.9492980358547058,0.074546977581998,0.06190910960640161
162,3,OLA,nested fPCA LGBM,46,0.9024215483962129,0.09460266426431647,0.07039062428746458
162,3,OLA,monotone NMF-increment LGBM k=5,46,0.9771766882687769,0.04575259561976543,0.03216845316161873
162,3,OLA,monotone NMF-increment LGBM k=8,46,0.9613770211549335,0.05951813161117615,0.042737113743383966
162,3,OLA,monotone NMF-increment LGBM k=10,46,0.9642143124392961,0.05729029904857829,0.04246531741587141
162,3,OLA,monotone NMF-increment LGBM k=12,46,0.9637531053862682,0.05765829673005684,0.04947992181946376
162,3,OLA,monotone NMF-increment LGBM k=16,46,0.9703192386963432,0.052175176205843776,0.04062107626299841
167,3,OLA,nested fPCA LGBM,38,0.7638707404658029,0.10033332323490096,0.058297614933920626
167,3,OLA,monotone NMF-increment LGBM k=5,38,0.13843851786512573,0.1916520336120602,0.1368466984829173
167,3,OLA,monotone NMF-increment LGBM k=8,38,-0.10311649002647205,0.21686076372437904,0.16543461712398128
167,3,OLA,monotone NMF-increment LGBM k=10,38,0.04293968347516075,0.2019946881992708,0.15074929516967925
167,3,OLA,monotone NMF-increment LGBM k=12,38,0.15809372260078747,0.18945329735872712,0.1391769388909599
167,3,OLA,monotone NMF-increment LGBM k=16,38,0.4777749107277397,0.14921042278891888,0.11136848313781803
171,3,SA,nested fPCA LGBM,24,0.9296905183109548,0.07669967873237746,0.06903942966854748
171,3,SA,monotone NMF-increment LGBM k=5,24,0.9077168796401082,0.08787143769016978,0.07804164386868488
171,3,SA,monotone NMF-increment LGBM k=8,24,0.9504724929405568,0.06437390146682609,0.0565091404823855
171,3,SA,monotone NMF-increment LGBM k=10,24,0.9647717209761031,0.05429155870674536,0.048596244573892465
171,3,SA,monotone NMF-increment LGBM k=12,24,0.9896191108867594,0.0294716107569315,0.023968185982778084
171,3,SA,monotone NMF-increment LGBM k=16,24,0.9912171499975881,0.027108427729086785,0.02322334606188678
176,3,SA,nested fPCA LGBM,16,0.797541409175438,0.15021321495593332,0.11891905562140562
176,3,SA,monotone NMF-increment LGBM k=5,16,0.7251189593024304,0.17502997453506108,0.1421113768057967
176,3,SA,monotone NMF-increment LGBM k=8,16,0.7212356795313459,0.17626197410738226,0.14113462696134413
176,3,SA,monotone NMF-increment LGBM k=10,16,0.8072869416690299,0.1465533020814837,0.11891074345739389
176,3,SA,monotone NMF-increment LGBM k=12,16,0.7838646720557146,0.15520400220158823,0.125431865811893
176,3,SA,monotone NMF-increment LGBM k=16,16,0.7500526022121035,0.16690307811260122,0.13439432322954306
5,4,OLA,nested fPCA LGBM,20,0.9095915649397862,0.09451053048949254,0.07339174212023095
5,4,OLA,monotone NMF-increment LGBM k=5,20,0.6677736696553808,0.18117269704658992,0.15575165709889763
5,4,OLA,monotone NMF-increment LGBM k=8,20,0.625342674424101,0.19239458268163856,0.16351978075852708
5,4,OLA,monotone NMF-increment LGBM k=10,20,0.7411332004807039,0.1599240951483142,0.13802446048299294
5,4,OLA,monotone NMF-increment LGBM k=12,20,0.6397132323831675,0.18866871039492356,0.16021627101281036
5,4,OLA,monotone NMF-increment LGBM k=16,20,0.6190355827840386,0.1940072375335917,0.1667268445396944
13,4,OLA,nested fPCA LGBM,13,-0.6985155093935989,0.31372190866854816,0.27929660287268254
13,4,OLA,monotone NMF-increment LGBM k=5,13,-1.5494518743423837,0.38435585332163746,0.342594509617807
13,4,OLA,monotone NMF-increment LGBM k=8,13,-1.1123771594542258,0.34986123239867933,0.31470141821828584
13,4,OLA,monotone NMF-increment LGBM k=10,13,-1.3484693192877213,0.3688948018766357,0.33446915097936675
13,4,OLA,monotone NMF-increment LGBM k=12,13,-1.383120846566702,0.3716063469297209,0.33936497193662596
13,4,OLA,monotone NMF-increment LGBM k=16,13,-1.083463451369218,0.34745857431824745,0.3172209956327406
18,4,SA,nested fPCA LGBM,21,0.7894725839257437,0.09276923856337678,0.08227872748754073
18,4,SA,monotone NMF-increment LGBM k=5,21,0.5642975607591888,0.13345801393028778,0.12076437609874766
18,4,SA,monotone NMF-increment LGBM k=8,21,0.6139384338102067,0.12562554128350456,0.11236611525678164
18,4,SA,monotone NMF-increment LGBM k=10,21,0.45356649139920036,0.14945770998526745,0.13700007893626057
18,4,SA,monotone NMF-increment LGBM k=12,21,0.5465620462752605,0.13614716306393804,0.11945587980873902
18,4,SA,monotone NMF-increment LGBM k=16,21,0.6732985491989332,0.11556469926120075,0.10215722831821174
22,4,SA,nested fPCA LGBM,31,0.9847641865769564,0.03356633295155796,0.030359110663697782
22,4,SA,monotone NMF-increment LGBM k=5,31,0.965097259538218,0.050804342970079956,0.038768677656811384
22,4,SA,monotone NMF-increment LGBM k=8,31,0.8645266879965576,0.10009167324971138,0.08378174262191697
22,4,SA,monotone NMF-increment LGBM k=10,31,0.9730456388262007,0.044646312727482575,0.03161783264919301
22,4,SA,monotone NMF-increment LGBM k=12,31,0.8723157467434757,0.09717168770397279,0.08396899157968382
22,4,SA,monotone NMF-increment LGBM k=16,31,0.801979036290845,0.12101150442610117,0.10640190213823288
27,4,SA,nested fPCA LGBM,22,0.6651819607771579,0.13285289395140634,0.12079361467691493
27,4,SA,monotone NMF-increment LGBM k=5,22,0.5831361354632862,0.14823942438404936,0.13818386736574445
27,4,SA,monotone NMF-increment LGBM k=8,22,0.596906388195021,0.14577046949233927,0.1379930406145238
27,4,SA,monotone NMF-increment LGBM k=10,22,0.2810891301810543,0.19467228200574294,0.1837999788993204
27,4,SA,monotone NMF-increment LGBM k=12,22,0.6412404573420221,0.13752077958218473,0.12993775111341088
27,4,SA,monotone NMF-increment LGBM k=16,22,0.42631046628214553,0.1739021927734077,0.16456133037634266
31,4,SA,nested fPCA LGBM,14,0.9421871942079407,0.07031671362745755,0.06254933462164494
31,4,SA,monotone NMF-increment LGBM k=5,14,0.8663512944489882,0.10691260703139872,0.09453162580779094
31,4,SA,monotone NMF-increment LGBM k=8,14,0.9137180097731771,0.08590266127512598,0.07427934321238057
31,4,SA,monotone NMF-increment LGBM k=10,14,0.9306393631237591,0.07701992254501758,0.06786805609038243
31,4,SA,monotone NMF-increment LGBM k=12,14,0.8822074831570152,0.10037033925914701,0.08842659865726234
31,4,SA,monotone NMF-increment LGBM k=16,14,0.9040246173771747,0.09059963906560081,0.07966794094999718
36,4,OLA,nested fPCA LGBM,16,0.5459097248452214,0.19182477489034563,0.1468569253950273
36,4,OLA,monotone NMF-increment LGBM k=5,16,0.4344819478412001,0.21407050474648914,0.17095522950476966
36,4,OLA,monotone NMF-increment LGBM k=8,16,0.6592237162611972,0.16617599120167964,0.12994466216716433
36,4,OLA,monotone NMF-increment LGBM k=10,16,0.8311393152241496,0.11697629713612095,0.08334538983378618
36,4,OLA,monotone NMF-increment LGBM k=12,16,0.7119065769171964,0.152791877875207,0.11276195092929624
36,4,OLA,monotone NMF-increment LGBM k=16,16,0.8136248094368403,0.12289314171255744,0.0855874593614617
40,4,OLA,nested fPCA LGBM,21,0.8702463712262389,0.06692621910240767,0.053758209560264975
40,4,OLA,monotone NMF-increment LGBM k=5,21,0.9285314793770727,0.04966997379417919,0.03724257825406215
40,4,OLA,monotone NMF-increment LGBM k=8,21,0.9448921459919852,0.04361574391485586,0.032214005563750994
40,4,OLA,monotone NMF-increment LGBM k=10,21,0.9406842376203085,0.04525031356328876,0.03257115800535783
40,4,OLA,monotone NMF-increment LGBM k=12,21,0.8932388130315352,0.0607076234196345,0.04551573185837314
40,4,OLA,monotone NMF-increment LGBM k=16,21,0.9301097225469005,0.049118479782963305,0.036994758693030524
45,4,SA,nested fPCA LGBM,16,0.6383094190199791,0.10440251310554072,0.0952069796885812
45,4,SA,monotone NMF-increment LGBM k=5,16,0.6877419432106882,0.0970061301324517,0.08509048383937369
45,4,SA,monotone NMF-increment LGBM k=8,16,0.6913503426738847,0.09644400853643645,0.08662082073465642
45,4,SA,monotone NMF-increment LGBM k=10,16,0.8379156504015722,0.06988965466523904,0.06469883052459718
45,4,SA,monotone NMF-increment LGBM k=12,16,0.7144759741358557,0.09276062849178114,0.08543667908129793
45,4,SA,monotone NMF-increment LGBM k=16,16,0.6240085887865352,0.10644648265145155,0.09609125692621162
54,4,OLA,nested fPCA LGBM,15,0.9785002885634823,0.04875515797313375,0.03727340343357956
54,4,OLA,monotone NMF-increment LGBM k=5,15,0.962618466373673,0.06428842852190736,0.05385035135885273
54,4,OLA,monotone NMF-increment LGBM k=8,15,0.8655256240972505,0.12193377546087762,0.10314935590737068
54,4,OLA,monotone NMF-increment LGBM k=10,15,0.8764453638784483,0.11687827021576089,0.10046116014039909
54,4,OLA,monotone NMF-increment LGBM k=12,15,0.9017516736221004,0.10422378308177833,0.08933744693589105
54,4,OLA,monotone NMF-increment LGBM k=16,15,0.9383504951612666,0.08255987920079545,0.06853905959591167
56,4,OLA,nested fPCA LGBM,16,-0.030705298181091134,0.27316043212771013,0.21532101408636936
56,4,OLA,monotone NMF-increment LGBM k=5,16,-0.14910331606475524,0.2884231235309729,0.23365604804650672
56,4,OLA,monotone NMF-increment LGBM k=8,16,-0.06380268268889355,0.27751155914647785,0.22372612446168677
56,4,OLA,monotone NMF-increment LGBM k=10,16,0.11537868490417513,0.25306334054880086,0.20822842515009488
56,4,OLA,monotone NMF-increment LGBM k=12,16,0.17162122503832433,0.24488659812223657,0.20160079791365376
56,4,OLA,monotone NMF-increment LGBM k=16,16,0.03688781481831138,0.26405170470193307,0.2148275409833921
62,4,OLA,nested fPCA LGBM,12,0.9746712905902494,0.05521707893231216,0.04016268773652052
62,4,OLA,monotone NMF-increment LGBM k=5,12,0.8446195470767117,0.1367618883956657,0.10632776559936236
62,4,OLA,monotone NMF-increment LGBM k=8,12,0.861977703558156,0.12889661781974732,0.1004046391943888
62,4,OLA,monotone NMF-increment LGBM k=10,12,0.789820510901849,0.15906039746653275,0.13223115332988958
62,4,OLA,monotone NMF-increment LGBM k=12,12,0.7626559299431517,0.16902700260852477,0.1427630085964204
62,4,OLA,monotone NMF-increment LGBM k=16,12,0.7904183395284832,0.1588340229183882,0.13246902314093847
67,4,OLA,nested fPCA LGBM,15,0.9919837251943318,0.028587029302931208,0.025469778769847597
67,4,OLA,monotone NMF-increment LGBM k=5,15,0.8132403302976754,0.1379825850487266,0.12159746010983032
67,4,OLA,monotone NMF-increment LGBM k=8,15,0.8032659017602595,0.14161933408156566,0.12791561771659135
67,4,OLA,monotone NMF-increment LGBM k=10,15,0.7133713331033973,0.17093954369643236,0.15635394134389843
67,4,OLA,monotone NMF-increment LGBM k=12,15,0.7094225705710213,0.17211299705936264,0.15704916009502928
67,4,OLA,monotone NMF-increment LGBM k=16,15,0.7583574825142152,0.15695292159090163,0.14266915169164818
71,4,OLA,nested fPCA LGBM,15,0.8690089358336761,0.1119477267630836,0.09028008581110673
71,4,OLA,monotone NMF-increment LGBM k=5,15,0.9768160266637371,0.047096472320156256,0.0303075587882767
71,4,OLA,monotone NMF-increment LGBM k=8,15,0.9723172962452853,0.05146342624105828,0.0425082957014818
71,4,OLA,monotone NMF-increment LGBM k=10,15,0.941863446977449,0.07457943401306773,0.06396597086755491
71,4,OLA,monotone NMF-increment LGBM k=12,15,0.9204960243025704,0.08721453452908584,0.0761904846011457
71,4,OLA,monotone NMF-increment LGBM k=16,15,0.950226698470471,0.06900692390527051,0.05931399544226794
76,4,OLA,nested fPCA LGBM,10,-1.8709652472243516,0.18193229052383625,0.1371811473038858
76,4,OLA,monotone NMF-increment LGBM k=5,10,-1.175042675666072,0.15835424531017203,0.12509052543713456
76,4,OLA,monotone NMF-increment LGBM k=8,10,-0.7988934478872016,0.14401195283965684,0.11507391281462429
76,4,OLA,monotone NMF-increment LGBM k=10,10,-1.2913506082952018,0.16253301560924593,0.1261260053238303
76,4,OLA,monotone NMF-increment LGBM k=12,10,-1.0261304098254684,0.15283735634614276,0.11788057816148623
76,4,OLA,monotone NMF-increment LGBM k=16,10,-0.8885181570777723,0.14755583971144498,0.11589441345783161
79,4,OLA,nested fPCA LGBM,12,0.6127170947392335,0.05655123676351541,0.046913041179101465
79,4,OLA,monotone NMF-increment LGBM k=5,12,0.7584139960608678,0.04466463904633107,0.03892574541924846
79,4,OLA,monotone NMF-increment LGBM k=8,12,0.33756395080703283,0.07396051433851551,0.0626384799073221
79,4,OLA,monotone NMF-increment LGBM k=10,12,0.19563888702530352,0.08149922458042042,0.06675741588006849
79,4,OLA,monotone NMF-increment LGBM k=12,12,-0.35403089041551694,0.10574071182591889,0.08412216129520113
79,4,OLA,monotone NMF-increment LGBM k=16,12,-0.3653268170958457,0.10618086372267624,0.08255356888733723
81,4,OLA,nested fPCA LGBM,23,0.7885611278159202,0.11245640368192156,0.0663942468184814
81,4,OLA,monotone NMF-increment LGBM k=5,23,0.5814016273397344,0.15823062438325047,0.13784874108122275
81,4,OLA,monotone NMF-increment LGBM k=8,23,0.6481539984593059,0.14506681765318502,0.12521910074225587
81,4,OLA,monotone NMF-increment LGBM k=10,23,0.7907999728659979,0.11185944037831165,0.06540555069645103
81,4,OLA,monotone NMF-increment LGBM k=12,23,0.7821396210749669,0.11415131039942186,0.07372209551513671
81,4,OLA,monotone NMF-increment LGBM k=16,23,0.7298162329317787,0.12712220001575947,0.09775344756439446
86,4,OLA,nested fPCA LGBM,20,0.9881689034762776,0.040966737451321,0.029004324988770074
86,4,OLA,monotone NMF-increment LGBM k=5,20,0.9721574160549821,0.06284542226532205,0.046107042121660946
86,4,OLA,monotone NMF-increment LGBM k=8,20,0.9651139177969756,0.07034690254179682,0.05194290180881136
86,4,OLA,monotone NMF-increment LGBM k=10,20,0.9682663338551052,0.06709327693767259,0.05338775986869313
86,4,OLA,monotone NMF-increment LGBM k=12,20,0.9714187339612204,0.063673630225412,0.052097983707328835
86,4,OLA,monotone NMF-increment LGBM k=16,20,0.9634947337873544,0.071960908844635,0.05860275018495782
90,4,SA,nested fPCA LGBM,18,0.599644343664824,0.10252891304257598,0.08143558614717837
90,4,SA,monotone NMF-increment LGBM k=5,18,0.6515910680184209,0.09564626358514501,0.08011513137535525
90,4,SA,monotone NMF-increment LGBM k=8,18,0.38932759019707286,0.1266273500375013,0.10126302371194246
90,4,SA,monotone NMF-increment LGBM k=10,18,0.21713221412341577,0.14337306851022133,0.11307867454122873
90,4,SA,monotone NMF-increment LGBM k=12,18,0.4061434713488594,0.12487173229073767,0.0952518503899373
90,4,SA,monotone NMF-increment LGBM k=16,18,0.4163100233151362,0.12379824460066963,0.09925489585824633
95,4,SA,nested fPCA LGBM,15,0.9378542847962722,0.08866612406174293,0.07265873007182666
95,4,SA,monotone NMF-increment LGBM k=5,15,0.7852133895040714,0.1648373907042239,0.1282259500579757
95,4,SA,monotone NMF-increment LGBM k=8,15,0.5945047488901806,0.22648790529826665,0.17931833620205567
95,4,SA,monotone NMF-increment LGBM k=10,15,0.6279909486085855,0.2169346284879837,0.17369832636058913
95,4,SA,monotone NMF-increment LGBM k=12,15,0.5397689992550723,0.24129041116098324,0.1958200486280152
95,4,SA,monotone NMF-increment LGBM k=16,15,0.8352527950963431,0.14436474780614628,0.11226850340112145
102,4,OLA,nested fPCA LGBM,12,0.9853265870196798,0.04252775844546533,0.031292174822529197
102,4,OLA,monotone NMF-increment LGBM k=5,12,0.9901969151052132,0.03476068322054029,0.02322849129191498
102,4,OLA,monotone NMF-increment LGBM k=8,12,0.9932951723825507,0.0287475428738494,0.02087897695780844
102,4,OLA,monotone NMF-increment LGBM k=10,12,0.9558322770239787,0.07378352966023595,0.05896389336193474
102,4,OLA,monotone NMF-increment LGBM k=12,12,0.9710521111562945,0.05973314347741252,0.04889731699150444
102,4,OLA,monotone NMF-increment LGBM k=16,12,0.9455969122449543,0.08188770447968335,0.0641563770015224
107,4,OLA,nested fPCA LGBM,11,0.9911856060901385,0.03380592854939116,0.025798712955733147
107,4,OLA,monotone NMF-increment LGBM k=5,11,0.9891066438217286,0.03758179279006834,0.029820698250932344
107,4,OLA,monotone NMF-increment LGBM k=8,11,0.8981817507184293,0.11489720242114926,0.08619139047179224
107,4,OLA,monotone NMF-increment LGBM k=10,11,0.9201935307690035,0.10172218737323932,0.08078366413566665
107,4,OLA,monotone NMF-increment LGBM k=12,11,0.9757445958048697,0.05607908252916654,0.0441982014738156
107,4,OLA,monotone NMF-increment LGBM k=16,11,0.9823446442864021,0.04784481479001648,0.03813851823675046
111,4,OLA,nested fPCA LGBM,30,0.8643408614665758,0.1194516787539364,0.08742166980989423
111,4,OLA,monotone NMF-increment LGBM k=5,30,-0.021211563070402395,0.32773708905691795,0.2831815956477833
111,4,OLA,monotone NMF-increment LGBM k=8,30,0.7131322577077546,0.1737035074639148,0.14164784038025294
111,4,OLA,monotone NMF-increment LGBM k=10,30,0.8317594477350503,0.1330249403465414,0.11303293848621117
111,4,OLA,monotone NMF-increment LGBM k=12,30,0.8701272387735904,0.11687638417288486,0.10704225725383995
111,4,OLA,monotone NMF-increment LGBM k=16,30,0.8853290145330884,0.10982330334456705,0.09839436583003115
116,4,OLA,nested fPCA LGBM,15,0.9103136436258266,0.1014738900714026,0.08054499754197056
116,4,OLA,monotone NMF-increment LGBM k=5,15,0.894085185570655,0.11027307220944463,0.07610911341654283
116,4,OLA,monotone NMF-increment LGBM k=8,15,0.866250115331762,0.12391897927819687,0.09341557669384885
116,4,OLA,monotone NMF-increment LGBM k=10,15,0.7744715571656429,0.16091324020759684,0.13090064912058466
116,4,OLA,monotone NMF-increment LGBM k=12,15,0.819438512261286,0.14398050139378912,0.1132471694287844
116,4,OLA,monotone NMF-increment LGBM k=16,15,0.81422326229126,0.14604503109486103,0.11378317460785757
118,4,OLA,nested fPCA LGBM,15,0.9467639195973959,0.08010799008870155,0.05807791936584614
118,4,OLA,monotone NMF-increment LGBM k=5,15,0.7975099510403332,0.15623367262467489,0.11474327749209569
118,4,OLA,monotone NMF-increment LGBM k=8,15,0.7708982804000113,0.1661831450161569,0.13216157168781684
118,4,OLA,monotone NMF-increment LGBM k=10,15,0.6699123644317151,0.19947451953054893,0.16231332790715083
118,4,OLA,monotone NMF-increment LGBM k=12,15,0.7285433805522527,0.18089352319723684,0.1472139172819872
118,4,OLA,monotone NMF-increment LGBM k=16,15,0.7876599952528976,0.15998847937346833,0.126304886628699
120,4,OLA,nested fPCA LGBM,30,0.893159673165949,0.11956174211927043,0.10623180683164322
120,4,OLA,monotone NMF-increment LGBM k=5,30,0.8543811752647812,0.13958327740833928,0.1083398100415398
120,4,OLA,monotone NMF-increment LGBM k=8,30,0.8531929922318093,0.14015158833733787,0.10734467435601132
120,4,OLA,monotone NMF-increment LGBM k=10,30,0.8923858045451791,0.11999396720806967,0.09741108536151703
120,4,OLA,monotone NMF-increment LGBM k=12,30,0.9202875265282339,0.10327323306953193,0.09001226885339765
120,4,OLA,monotone NMF-increment LGBM k=16,30,0.9049570887582968,0.11276764109439343,0.09814268129292901
125,4,OLA,nested fPCA LGBM,29,0.9874946165445744,0.03978162688088657,0.03179013774289776
125,4,OLA,monotone NMF-increment LGBM k=5,29,0.9471592864806552,0.08177458896595917,0.07642434183294251
125,4,OLA,monotone NMF-increment LGBM k=8,29,0.989764786076941,0.0359900537493857,0.029409704782071684
125,4,OLA,monotone NMF-increment LGBM k=10,29,0.9852223453331997,0.04324508847023565,0.03531112346775298
125,4,OLA,monotone NMF-increment LGBM k=12,29,0.9851478795154406,0.04335390933266897,0.03714710479889908
125,4,OLA,monotone NMF-increment LGBM k=16,29,0.9778194018708507,0.05298106204724858,0.042843974460783016
134,4,OLA,nested fPCA LGBM,16,0.9924801884914695,0.03281501574456573,0.027943209705890214
134,4,OLA,monotone NMF-increment LGBM k=5,16,0.9941332636808211,0.02898460753798333,0.025394653448159332
134,4,OLA,monotone NMF-increment LGBM k=8,16,0.9867243221635243,0.04360110460684108,0.03312233691835484
134,4,OLA,monotone NMF-increment LGBM k=10,16,0.9719018217310557,0.06343197320523208,0.05257226978213892
134,4,OLA,monotone NMF-increment LGBM k=12,16,0.8324820124411152,0.15488161308424167,0.1216051580188619
134,4,OLA,monotone NMF-increment LGBM k=16,16,0.8947715265975862,0.12275403444178919,0.0954664786511158
142,4,SA,nested fPCA LGBM,64,0.9794630131916218,0.03969630436197412,0.032495190474061714
142,4,SA,monotone NMF-increment LGBM k=5,64,0.7419222535132199,0.14072037819248093,0.1072001269528596
142,4,SA,monotone NMF-increment LGBM k=8,64,0.9127311232548055,0.0818297845599925,0.07136733296236256
142,4,SA,monotone NMF-increment LGBM k=10,64,0.9226668292183408,0.07703083815888831,0.0665737276040784
142,4,SA,monotone NMF-increment LGBM k=12,64,0.9154506814434125,0.08054466333150144,0.06744153523209373
142,4,SA,monotone NMF-increment LGBM k=16,64,0.925324186773802,0.07569578464257133,0.06693763672743573
147,4,SA,nested fPCA LGBM,33,0.997780865025352,0.014071327839569249,0.012190417811140464
147,4,SA,monotone NMF-increment LGBM k=5,33,0.9877050641863299,0.033121222286048455,0.029318150538053478
147,4,SA,monotone NMF-increment LGBM k=8,33,0.9405204000073428,0.0728496118306824,0.06680091737113983
147,4,SA,monotone NMF-increment LGBM k=10,33,0.9364966590179906,0.07527339597283811,0.06779965353671619
147,4,SA,monotone NMF-increment LGBM k=12,33,0.9451355250156241,0.06996628846070015,0.06376530674857528
147,4,SA,monotone NMF-increment LGBM k=16,33,0.9389911885574543,0.07378014502826317,0.06586261642822494
151,4,SA,nested fPCA LGBM,37,0.9975643687019152,0.0148027383507126,0.011419153343571492
151,4,SA,monotone NMF-increment LGBM k=5,37,0.9845240408911623,0.03731342170618443,0.02940040573536395
151,4,SA,monotone NMF-increment LGBM k=8,37,0.9679307427382655,0.05371316461852671,0.04237500712669699
151,4,SA,monotone NMF-increment LGBM k=10,37,0.9556732016592696,0.06314943534759257,0.05141330093471921
151,4,SA,monotone NMF-increment LGBM k=12,37,0.9519550627977105,0.06574460261765595,0.054730375348066754
151,4,SA,monotone NMF-increment LGBM k=16,37,0.956936538326289,0.06224303466633242,0.04993066643279294
156,4,SA,nested fPCA LGBM,33,0.9292066827220381,0.09043092821448863,0.07866926208089835
156,4,SA,monotone NMF-increment LGBM k=5,33,0.8499398218601939,0.13165991968422203,0.10918869910144652
156,4,SA,monotone NMF-increment LGBM k=8,33,0.8187314111520078,0.14470453230306177,0.11943689601452066
156,4,SA,monotone NMF-increment LGBM k=10,33,0.828403642760007,0.14079099851892474,0.11489307182030958
156,4,SA,monotone NMF-increment LGBM k=12,33,0.8298057425790892,0.14021462284978045,0.11526105739341116
156,4,SA,monotone NMF-increment LGBM k=16,33,0.8010627657105432,0.15159291178682227,0.12261221043283566
161,4,OLA,nested fPCA LGBM,55,0.9721362632791901,0.0589053110585524,0.0501980351920831
161,4,OLA,monotone NMF-increment LGBM k=5,55,0.8920811055610073,0.11592671207779322,0.09653441401520536
161,4,OLA,monotone NMF-increment LGBM k=8,55,0.8656070252969416,0.129366866291828,0.11055469979928131
161,4,OLA,monotone NMF-increment LGBM k=10,55,0.8306789971267202,0.14520788197736142,0.12391830973314008
161,4,OLA,monotone NMF-increment LGBM k=12,55,0.7677927989991543,0.1700484260562199,0.1486991038072446
161,4,OLA,monotone NMF-increment LGBM k=16,55,0.7878791825754148,0.1625273374602997,0.1395290250856054
166,4,OLA,nested fPCA LGBM,38,0.8837648404798674,0.09223901207807045,0.051570187618671416
166,4,OLA,monotone NMF-increment LGBM k=5,38,0.4940682335174079,0.19243845399427545,0.14586120386642484
166,4,OLA,monotone NMF-increment LGBM k=8,38,0.6409497843235392,0.1621151045824165,0.1287686817778982
166,4,OLA,monotone NMF-increment LGBM k=10,38,0.7111477278421355,0.1454064859344925,0.11105726141769488
166,4,OLA,monotone NMF-increment LGBM k=12,38,0.6227194741020177,0.16617974156045895,0.1317444135374115
166,4,OLA,monotone NMF-increment LGBM k=16,38,0.7502372424951034,0.13521028403799487,0.10710473329994025
170,4,SA,nested fPCA LGBM,24,0.9651636106180062,0.05603412467906286,0.041198864701265776
170,4,SA,monotone NMF-increment LGBM k=5,24,0.785242670863352,0.13912655168843002,0.12064770007931384
170,4,SA,monotone NMF-increment LGBM k=8,24,0.8326004076063118,0.12283248048548345,0.10701916245485953
170,4,SA,monotone NMF-increment LGBM k=10,24,0.7810547102322983,0.14047654823149325,0.12259708992423735
170,4,SA,monotone NMF-increment LGBM k=12,24,0.9067408129010281,0.09168152673188767,0.07728026256186864
170,4,SA,monotone NMF-increment LGBM k=16,24,0.7929397813619192,0.1366105872152851,0.11843815964646702
175,4,SA,nested fPCA LGBM,18,0.922041250251549,0.07340895391584842,0.045268666693741806
175,4,SA,monotone NMF-increment LGBM k=5,18,0.9519016672884291,0.057660926141737616,0.04856657488013543
175,4,SA,monotone NMF-increment LGBM k=8,18,0.9680484383427381,0.046996189611128274,0.03660232553617874
175,4,SA,monotone NMF-increment LGBM k=10,18,0.9635054832346364,0.05022621036536622,0.03410919012992175
175,4,SA,monotone NMF-increment LGBM k=12,18,0.95469768510418,0.05595988326451017,0.04890279788734925
175,4,SA,monotone NMF-increment LGBM k=16,18,0.9578467746784829,0.053979891534673724,0.04641280400369932
4,5,OLA,nested fPCA LGBM,22,0.46239337133065306,0.27046614210782194,0.2286507201889281
4,5,OLA,monotone NMF-increment LGBM k=5,22,-0.1515263040415784,0.3958380425595213,0.3502339606228359
4,5,OLA,monotone NMF-increment LGBM k=8,22,0.07976001050413428,0.3538597365237953,0.31338393858869773
4,5,OLA,monotone NMF-increment LGBM k=10,22,-0.19382182431448958,0.4030420470014878,0.3541097936256501
4,5,OLA,monotone NMF-increment LGBM k=12,22,0.004807829598231006,0.3679883537746515,0.3224937580011338
4,5,OLA,monotone NMF-increment LGBM k=16,22,0.14108512441784304,0.34186580362667457,0.29750077386641677
9,5,OLA,nested fPCA LGBM,19,0.9570350525417527,0.07989931724827704,0.05912578304479804
9,5,OLA,monotone NMF-increment LGBM k=5,19,0.9069496648523108,0.11758309747328652,0.09348114526055329
9,5,OLA,monotone NMF-increment LGBM k=8,19,0.9693974402242547,0.0674318078298375,0.04789349120210989
9,5,OLA,monotone NMF-increment LGBM k=10,19,0.9299020778908184,0.10205598952742058,0.07837215408338247
9,5,OLA,monotone NMF-increment LGBM k=12,19,0.9707674464259848,0.06590514241546716,0.04656477787724776
9,5,OLA,monotone NMF-increment LGBM k=16,19,0.9480656673590638,0.0878442225102075,0.05623276236690127
14,5,OLA,nested fPCA LGBM,13,0.9128777781192349,0.10905341467014987,0.08368270352875638
14,5,OLA,monotone NMF-increment LGBM k=5,13,0.9524741626450798,0.080545204047925,0.05588863303972806
14,5,OLA,monotone NMF-increment LGBM k=8,13,0.9251744368941817,0.10106477053491171,0.08210776632705191
14,5,OLA,monotone NMF-increment LGBM k=10,13,0.9194229769784329,0.10487703633708635,0.08615731032728517
14,5,OLA,monotone NMF-increment LGBM k=12,13,0.9459213617408884,0.08591869479407183,0.07032867147791402
14,5,OLA,monotone NMF-increment LGBM k=16,13,0.9482665899210515,0.08403502828668383,0.06784824885903608
17,5,SA,nested fPCA LGBM,20,0.9337768716730198,0.05263359736442568,0.048471393162700646
17,5,SA,monotone NMF-increment LGBM k=5,20,0.9718273352824679,0.03432987095755443,0.025142102616575374
17,5,SA,monotone NMF-increment LGBM k=8,20,0.9224628698555861,0.05695253621261066,0.04962553338583157
17,5,SA,monotone NMF-increment LGBM k=10,20,0.975551310678207,0.03198055515819321,0.026956929556461617
17,5,SA,monotone NMF-increment LGBM k=12,20,0.9341591926664177,0.05248144465412435,0.043779173653477804
17,5,SA,monotone NMF-increment LGBM k=16,20,0.9368066994900986,0.05141546014483948,0.043101036589625816
21,5,SA,nested fPCA LGBM,18,0.9083006855089951,0.10565070162644456,0.07853009610827849
21,5,SA,monotone NMF-increment LGBM k=5,18,0.968347555980936,0.06207160364407961,0.05349411574300832
21,5,SA,monotone NMF-increment LGBM k=8,18,0.9444250220438138,0.0822486901959283,0.07378225975051961
21,5,SA,monotone NMF-increment LGBM k=10,18,0.9420209807167992,0.08400879851234978,0.06526543802137476
21,5,SA,monotone NMF-increment LGBM k=12,18,0.8688125967354715,0.12636750441642602,0.10310559164060046
21,5,SA,monotone NMF-increment LGBM k=16,18,0.9064867767524332,0.10669052552923398,0.09062599005959726
26,5,SA,nested fPCA LGBM,13,0.9649268704869441,0.06740815102840579,0.05780505786674174
26,5,SA,monotone NMF-increment LGBM k=5,13,0.7313372058308122,0.1865644615221704,0.15262321924853378
26,5,SA,monotone NMF-increment LGBM k=8,13,0.9173961516881352,0.10344876150013099,0.08254789466261823
26,5,SA,monotone NMF-increment LGBM k=10,13,0.8818463523945033,0.12372251001494543,0.10033487220922102
26,5,SA,monotone NMF-increment LGBM k=12,13,0.752377184912493,0.1791102679637021,0.1462499495264515
26,5,SA,monotone NMF-increment LGBM k=16,13,0.6857517337392574,0.2017723260044775,0.16574469830446578
30,5,SA,nested fPCA LGBM,15,0.9581168869588025,0.05912408720650901,0.052241088349662075
30,5,SA,monotone NMF-increment LGBM k=5,15,0.71675219153878,0.15375464719398818,0.13892742954516354
30,5,SA,monotone NMF-increment LGBM k=8,15,0.7738728639911122,0.1373793043949796,0.12449921507197666
30,5,SA,monotone NMF-increment LGBM k=10,15,0.8059701480619559,0.1272562871539081,0.11787536840568459
30,5,SA,monotone NMF-increment LGBM k=12,15,0.77176731041612,0.13801741722125235,0.12733136025590133
30,5,SA,monotone NMF-increment LGBM k=16,15,0.8315465653016626,0.11857275404109172,0.10984338612607628
35,5,OLA,nested fPCA LGBM,17,0.3728576651464143,0.28411408561533963,0.17513498695436963
35,5,OLA,monotone NMF-increment LGBM k=5,17,0.13147435527830675,0.33434977037878777,0.2300119383753869
35,5,OLA,monotone NMF-increment LGBM k=8,17,0.2954855159918528,0.30113044727191046,0.21060079753996905
35,5,OLA,monotone NMF-increment LGBM k=10,17,0.37784043876515505,0.2829831626356935,0.19865730045531665
35,5,OLA,monotone NMF-increment LGBM k=12,17,0.13956348704239763,0.3327891220112911,0.22637624360797517
35,5,OLA,monotone NMF-increment LGBM k=16,17,0.2916406272142118,0.30195103911770227,0.2169238206075954
37,5,OLA,nested fPCA LGBM,15,0.7342582954673921,0.13017882185355942,0.11536985512271344
37,5,OLA,monotone NMF-increment LGBM k=5,15,0.08912799714149033,0.2410122712027109,0.20707158301868775
37,5,OLA,monotone NMF-increment LGBM k=8,15,0.23159990224683225,0.2213625679749206,0.18356057557826086
37,5,OLA,monotone NMF-increment LGBM k=10,15,-0.2758844326975607,0.2852437569215937,0.23851910336052953
37,5,OLA,monotone NMF-increment LGBM k=12,15,0.3507849610043571,0.20347205175841263,0.1748528116713919
37,5,OLA,monotone NMF-increment LGBM k=16,15,0.15256507883532022,0.23246825563780904,0.1996218152535407
44,5,OLA,nested fPCA LGBM,16,0.9636975065126021,0.07103223657550277,0.05452861015799878
44,5,OLA,monotone NMF-increment LGBM k=5,16,0.8547479533049555,0.1420850523487491,0.12378157496681147
44,5,OLA,monotone NMF-increment LGBM k=8,16,0.5488920932391199,0.250396054235888,0.1659954313856314
44,5,OLA,monotone NMF-increment LGBM k=10,16,0.9604348854291995,0.07415551838053759,0.06458790499005268
44,5,OLA,monotone NMF-increment LGBM k=12,16,0.9510979738091222,0.08244241179666355,0.07094898558996215
44,5,OLA,monotone NMF-increment LGBM k=16,16,0.934713873735991,0.09525717805879974,0.07656164006673533
49,5,OLA,nested fPCA LGBM,14,0.8514331973908397,0.06657661057917298,0.06059481537407389
49,5,OLA,monotone NMF-increment LGBM k=5,14,0.9350236353613256,0.0440289671497184,0.03737513296836529
49,5,OLA,monotone NMF-increment LGBM k=8,14,0.9760528644801707,0.026729299606954457,0.022517157895902196
49,5,OLA,monotone NMF-increment LGBM k=10,14,0.9839429821002119,0.021887352823640755,0.015737623528573115
49,5,OLA,monotone NMF-increment LGBM k=12,14,0.9766631624380158,0.02638650042601203,0.01938529618959072
49,5,OLA,monotone NMF-increment LGBM k=16,14,0.9401405221261047,0.04225978227626954,0.03686056563398245
53,5,OLA,nested fPCA LGBM,17,0.6010205367383359,0.21961296046598167,0.1831231923508801
53,5,OLA,monotone NMF-increment LGBM k=5,17,0.8555385670875819,0.1321474097098274,0.11875220470307604
53,5,OLA,monotone NMF-increment LGBM k=8,17,0.6221534883018748,0.21371765689844244,0.1945684922324411
53,5,OLA,monotone NMF-increment LGBM k=10,17,0.6261783381063747,0.21257634104056453,0.1930467938810082
53,5,OLA,monotone NMF-increment LGBM k=12,17,0.6741653565706962,0.1984638099467664,0.1762952545351499
53,5,OLA,monotone NMF-increment LGBM k=16,17,0.7458518739806835,0.17527749242233492,0.15557772527756086
61,5,OLA,nested fPCA LGBM,13,0.9720569762165039,0.059342357879778415,0.04406498735931361
61,5,OLA,monotone NMF-increment LGBM k=5,13,0.8261970849108337,0.14799826574531807,0.11557015986581771
61,5,OLA,monotone NMF-increment LGBM k=8,13,0.9135372730688691,0.10438607364563313,0.08379979130600573
61,5,OLA,monotone NMF-increment LGBM k=10,13,0.9101972356270546,0.10638317581115846,0.08406424260644367
61,5,OLA,monotone NMF-increment LGBM k=12,13,0.8735049301552296,0.1262597420593704,0.10131246028759351
61,5,OLA,monotone NMF-increment LGBM k=16,13,0.8617052247339921,0.1320173420240373,0.10301170656537294
66,5,OLA,nested fPCA LGBM,13,0.9652830528254833,0.06493922155108908,0.03907716182285081
66,5,OLA,monotone NMF-increment LGBM k=5,13,0.9242318600007363,0.09593556265630981,0.07804123823730753
66,5,OLA,monotone NMF-increment LGBM k=8,13,0.9392121986116398,0.08592994461848924,0.06564131693166161
66,5,OLA,monotone NMF-increment LGBM k=10,13,0.968393383949019,0.06196198387196875,0.04908579453196396
66,5,OLA,monotone NMF-increment LGBM k=12,13,0.9386828271069302,0.08630329467243755,0.07084047179149763
66,5,OLA,monotone NMF-increment LGBM k=16,13,0.9370543394312925,0.08744182470306186,0.07031997192772114
70,5,OLA,nested fPCA LGBM,16,0.8043459567108501,0.11727134585742054,0.09660052811818438
70,5,OLA,monotone NMF-increment LGBM k=5,16,0.8708411346815969,0.09528172392877671,0.07694410839482715
70,5,OLA,monotone NMF-increment LGBM k=8,16,0.5639984039814814,0.17506185870147656,0.1552155464022148
70,5,OLA,monotone NMF-increment LGBM k=10,16,0.5240567557175453,0.1829047899586329,0.16182640122951386
70,5,OLA,monotone NMF-increment LGBM k=12,16,0.22318587698091608,0.23367166446281307,0.20919900318531273
70,5,OLA,monotone NMF-increment LGBM k=16,16,0.3712150715681275,0.2102318719674634,0.18887670211697255
75,5,OLA,nested fPCA LGBM,12,0.8481674668760467,0.09970997252212915,0.08445539165350052
75,5,OLA,monotone NMF-increment LGBM k=5,12,0.8908174217621563,0.08455374551137235,0.058567800146236575
75,5,OLA,monotone NMF-increment LGBM k=8,12,0.8400009715856314,0.10235636408607907,0.08628317019205443
75,5,OLA,monotone NMF-increment LGBM k=10,12,0.8736904045145564,0.09094406239213386,0.07691294827093803
75,5,OLA,monotone NMF-increment LGBM k=12,12,0.9074225560510243,0.07785899088539638,0.06582371379680142
75,5,OLA,monotone NMF-increment LGBM k=16,12,0.8671662866394183,0.0932632046809368,0.07881701316696342
80,5,OLA,nested fPCA LGBM,22,0.7505910441475429,0.16136912810883194,0.1484632655398194
80,5,OLA,monotone NMF-increment LGBM k=5,22,0.7830145808612051,0.1505149733552439,0.13642438435295554
80,5,OLA,monotone NMF-increment LGBM k=8,22,0.8698219145153238,0.11658250169925065,0.10555051799541526
80,5,OLA,monotone NMF-increment LGBM k=10,22,0.8444293054666239,0.12744662105589688,0.11779620599829764
80,5,OLA,monotone NMF-increment LGBM k=12,22,0.901629254886245,0.10134385279582477,0.08561319287835059
80,5,OLA,monotone NMF-increment LGBM k=16,22,0.9109672054590969,0.09641385165966165,0.08082654541496505
85,5,OLA,nested fPCA LGBM,25,0.9321128007434396,0.08030905687541338,0.07086705955654883
85,5,OLA,monotone NMF-increment LGBM k=5,25,0.8623341374411019,0.11436251824792748,0.10197646155107291
85,5,OLA,monotone NMF-increment LGBM k=8,25,0.9741837555509495,0.04952415932692324,0.0396182185314588
85,5,OLA,monotone NMF-increment LGBM k=10,25,0.9100499519095021,0.09244241438204634,0.08006833353112042
85,5,OLA,monotone NMF-increment LGBM k=12,25,0.9331343095324633,0.0797025555341068,0.06868946302522273
85,5,OLA,monotone NMF-increment LGBM k=16,25,0.9532079396579222,0.06667402353247562,0.0569153609808958
94,5,SA,nested fPCA LGBM,14,0.803053692756341,0.15863959977201608,0.13906203634948228
94,5,SA,monotone NMF-increment LGBM k=5,14,0.54909237657993,0.2400388146029052,0.1803159609871647
94,5,SA,monotone NMF-increment LGBM k=8,14,0.7522529118484345,0.17792704408085713,0.1438045746778899
94,5,SA,monotone NMF-increment LGBM k=10,14,0.6930535131193887,0.19804734194663595,0.1602064053917284
94,5,SA,monotone NMF-increment LGBM k=12,14,0.8240594338569982,0.14994109461397354,0.1242220680709764
94,5,SA,monotone NMF-increment LGBM k=16,14,0.8397419673439731,0.14310262092555892,0.11511864758562226
101,5,OLA,nested fPCA LGBM,23,-1.1309068739579193,0.08000485598115573,0.06636040456082651
101,5,OLA,monotone NMF-increment LGBM k=5,23,-5.518157364735679,0.1399253923034557,0.11507133108646356
101,5,OLA,monotone NMF-increment LGBM k=8,23,-4.8604498683774935,0.13267820587952603,0.10821769473939795
101,5,OLA,monotone NMF-increment LGBM k=10,23,-3.048563152517632,0.11027690571692711,0.08841005702837332
101,5,OLA,monotone NMF-increment LGBM k=12,23,-4.616380364383819,0.12988600788914773,0.10540160880465961
101,5,OLA,monotone NMF-increment LGBM k=16,23,-6.858275517330761,0.1536376792272449,0.12311350361978397
106,5,OLA,nested fPCA LGBM,11,0.8191821073275474,0.14597198214233345,0.09171347895527028
106,5,OLA,monotone NMF-increment LGBM k=5,11,0.4668382177186551,0.2506561178813497,0.18850090124277852
106,5,OLA,monotone NMF-increment LGBM k=8,11,0.19132834839447777,0.3086987799507493,0.23242899365242461
106,5,OLA,monotone NMF-increment LGBM k=10,11,0.3086545086771759,0.285427866322365,0.21927391866616794
106,5,OLA,monotone NMF-increment LGBM k=12,11,0.7398188121930972,0.17510024332480378,0.1224142737116971
106,5,OLA,monotone NMF-increment LGBM k=16,11,0.6797983771619657,0.1942497944460651,0.14362310145812976
110,5,OLA,nested fPCA LGBM,32,0.8522209660547142,0.14956235067611415,0.1110743725526073
110,5,OLA,monotone NMF-increment LGBM k=5,32,0.8964261347392299,0.12521056138771489,0.11162338811817236
110,5,OLA,monotone NMF-increment LGBM k=8,32,0.7704385564003072,0.18640834229219833,0.1572402298129185
110,5,OLA,monotone NMF-increment LGBM k=10,32,0.9130204945663567,0.11474250784966991,0.10312939806860094
110,5,OLA,monotone NMF-increment LGBM k=12,32,0.8150003260869101,0.16734061171347958,0.14520235377259166
110,5,OLA,monotone NMF-increment LGBM k=16,32,0.7385259826239916,0.19894367699058074,0.1664684034336521
115,5,OLA,nested fPCA LGBM,17,-0.16385579076162915,0.39870008736915286,0.3335419508701295
115,5,OLA,monotone NMF-increment LGBM k=5,17,0.42925015092737906,0.2792027217558286,0.23430373576074806
115,5,OLA,monotone NMF-increment LGBM k=8,17,0.7332417842765715,0.19087789936505203,0.1353031256848149
115,5,OLA,monotone NMF-increment LGBM k=10,17,0.8189964203715632,0.15723177848460243,0.1064167005898931
115,5,OLA,monotone NMF-increment LGBM k=12,17,0.8291891065322784,0.15274061226042882,0.10276019962992468
115,5,OLA,monotone NMF-increment LGBM k=16,17,0.8122563701884655,0.1601324506344135,0.10931022625708299
119,5,OLA,nested fPCA LGBM,14,0.9330314738403362,0.09044033272199076,0.07635389458603228
119,5,OLA,monotone NMF-increment LGBM k=5,14,0.9128161193018132,0.10319172657100108,0.0878850530238694
119,5,OLA,monotone NMF-increment LGBM k=8,14,0.8635546089700118,0.12909404705258004,0.11169917215890268
119,5,OLA,monotone NMF-increment LGBM k=10,14,0.8488151416025286,0.1358879445732798,0.11537204479981382
119,5,OLA,monotone NMF-increment LGBM k=12,14,0.7956040223574858,0.15800213425288825,0.12313588403995891
119,5,OLA,monotone NMF-increment LGBM k=16,14,0.8017727670824839,0.1555995870859606,0.12353174159962688
124,5,OLA,nested fPCA LGBM,30,0.9530554533065998,0.07920570708382162,0.05502083220375122
124,5,OLA,monotone NMF-increment LGBM k=5,30,0.6960738294399292,0.2015338258552635,0.17605836047700973
124,5,OLA,monotone NMF-increment LGBM k=8,30,0.8399826169956998,0.14623370456797344,0.12199156171176326
124,5,OLA,monotone NMF-increment LGBM k=10,30,0.9056745699643235,0.11227376779768154,0.0966043096769839
124,5,OLA,monotone NMF-increment LGBM k=12,30,0.8530348019167624,0.14014291692643258,0.1056844684307688
124,5,OLA,monotone NMF-increment LGBM k=16,30,0.8312782592892816,0.15015832812048258,0.11311631321522062
128,5,OLA,nested fPCA LGBM,10,0.982715733251083,0.050135289045686315,0.036611799749966076
128,5,OLA,monotone NMF-increment LGBM k=5,10,0.9398463938806252,0.09352955691279607,0.07101786381608227
128,5,OLA,monotone NMF-increment LGBM k=8,10,0.9587749896893328,0.07742806919598641,0.053851586577419196
128,5,OLA,monotone NMF-increment LGBM k=10,10,0.9177093842756401,0.10939392351085736,0.08639266128177528
128,5,OLA,monotone NMF-increment LGBM k=12,10,0.8771874089642518,0.13364093025260873,0.10917193793757596
128,5,OLA,monotone NMF-increment LGBM k=16,10,0.8622910943833599,0.14151388585716335,0.11670987675797521
133,5,OLA,nested fPCA LGBM,15,0.9936948268400956,0.029356087244369125,0.024081678561020906
133,5,OLA,monotone NMF-increment LGBM k=5,15,0.9932571745456319,0.030357822646852935,0.023055846924849598
133,5,OLA,monotone NMF-increment LGBM k=8,15,0.9975463234527654,0.01831295029164847,0.013190258307123063
133,5,OLA,monotone NMF-increment LGBM k=10,15,0.9981963962999785,0.015700743527373735,0.011695125601152715
133,5,OLA,monotone NMF-increment LGBM k=12,15,0.9959685502954597,0.023473631559579242,0.01895661404426703
133,5,OLA,monotone NMF-increment LGBM k=16,15,0.9874142962468432,0.041475192759009794,0.03503408450447422
141,5,SA,nested fPCA LGBM,64,0.9963380520620315,0.01636050527679575,0.013521910160543101
141,5,SA,monotone NMF-increment LGBM k=5,64,0.9299724370551764,0.07154431596290015,0.06443776079392154
141,5,SA,monotone NMF-increment LGBM k=8,64,0.9543790668595789,0.05774610704003214,0.05000957238095921
141,5,SA,monotone NMF-increment LGBM k=10,64,0.9588664626118094,0.05483257725226243,0.049110629701630826
141,5,SA,monotone NMF-increment LGBM k=12,64,0.9443442657200832,0.06378162618654913,0.0554460261893204
141,5,SA,monotone NMF-increment LGBM k=16,64,0.9497562793036078,0.06060124211784172,0.05416800205305884
146,5,SA,nested fPCA LGBM,33,0.9974181242090404,0.014985536125531341,0.01246221949231575
146,5,SA,monotone NMF-increment LGBM k=5,33,0.9969785722982204,0.016211033961980766,0.012217827282666948
146,5,SA,monotone NMF-increment LGBM k=8,33,0.9931407338001197,0.024425498786892597,0.018437593706019936
146,5,SA,monotone NMF-increment LGBM k=10,33,0.9735730523477747,0.0479433210538666,0.039122122846742574
146,5,SA,monotone NMF-increment LGBM k=12,33,0.9745091233318725,0.04708656377058305,0.03912294393903056
146,5,SA,monotone NMF-increment LGBM k=16,33,0.984550819739897,0.036657034861361674,0.02740203044168775
150,5,SA,nested fPCA LGBM,32,0.9951477742021512,0.019887598686040044,0.01750672498023575
150,5,SA,monotone NMF-increment LGBM k=5,32,0.9950977090503271,0.01998993527492933,0.01693537955906175
150,5,SA,monotone NMF-increment LGBM k=8,32,0.9973989662705779,0.01456078664984559,0.011150997283523197
150,5,SA,monotone NMF-increment LGBM k=10,32,0.9904280124866736,0.02793269942944311,0.02212913477631881
150,5,SA,monotone NMF-increment LGBM k=12,32,0.9912489555727134,0.026708026027488778,0.02189200792575583
150,5,SA,monotone NMF-increment LGBM k=16,32,0.9957030687606027,0.018715052445269456,0.01584001822190558
155,5,SA,nested fPCA LGBM,31,0.9960104734259222,0.018902174546698333,0.016471389645829098
155,5,SA,monotone NMF-increment LGBM k=5,31,0.9902219795912829,0.029592152594638137,0.026830911628604154
155,5,SA,monotone NMF-increment LGBM k=8,31,0.9915587191734934,0.027495097398146068,0.02243169639696456
155,5,SA,monotone NMF-increment LGBM k=10,31,0.9872689203659308,0.03376631794195467,0.03068126830548459
155,5,SA,monotone NMF-increment LGBM k=12,31,0.9780753506038377,0.04431159845807072,0.03848691254795705
155,5,SA,monotone NMF-increment LGBM k=16,31,0.9873084677860557,0.033713831842885456,0.03047334668701777
160,5,OLA,nested fPCA LGBM,55,0.8835618687899555,0.11540005810779971,0.07084111379526807
160,5,OLA,monotone NMF-increment LGBM k=5,55,0.707808370502206,0.18280678019890562,0.14272565778716326
160,5,OLA,monotone NMF-increment LGBM k=8,55,0.6888403206725564,0.18864707328718194,0.14620854267154823
160,5,OLA,monotone NMF-increment LGBM k=10,55,0.6116090601612021,0.2107623146241638,0.1691874810467985
160,5,OLA,monotone NMF-increment LGBM k=12,55,0.633145929305706,0.20483543356333636,0.16422399007264504
160,5,OLA,monotone NMF-increment LGBM k=16,55,0.7125758179770338,0.18130929377430186,0.14093534562159554
165,5,SA,nested fPCA LGBM,52,0.9085850934122962,0.10463811885886701,0.08861273098672759
165,5,SA,monotone NMF-increment LGBM k=5,52,0.5713173523388045,0.2265945007770806,0.18729007344838292
165,5,SA,monotone NMF-increment LGBM k=8,52,0.6819386717433708,0.19518068942997566,0.1514048271909369
165,5,SA,monotone NMF-increment LGBM k=10,52,0.7274030279858557,0.18069324915936957,0.15427669156127274
165,5,SA,monotone NMF-increment LGBM k=12,52,0.6924516619716117,0.19192789750743242,0.16326110163527358
165,5,SA,monotone NMF-increment LGBM k=16,52,0.6604138523953753,0.20167701124040216,0.1657361303641731
174,5,SA,nested fPCA LGBM,16,0.8823826721836447,0.07882810698093554,0.06584172249878745
174,5,SA,monotone NMF-increment LGBM k=5,16,0.9629901834261426,0.044218490158163516,0.033548240325231404
174,5,SA,monotone NMF-increment LGBM k=8,16,0.9119996585195367,0.06818480799151469,0.05241670790334905
174,5,SA,monotone NMF-increment LGBM k=10,16,0.8957841164958791,0.07420145143713221,0.06013596624372043
174,5,SA,monotone NMF-increment LGBM k=12,16,0.8833253520490424,0.078511575545005,0.06455801190983655
174,5,SA,monotone NMF-increment LGBM k=16,16,0.9007163241822551,0.07242431013165561,0.05765934396649003
179,5,SA,nested fPCA LGBM,35,0.9118655515505869,0.07703976146256808,0.06755777083377486
179,5,SA,monotone NMF-increment LGBM k=5,35,0.5216536841854593,0.17947885928210836,0.1652567323675613
179,5,SA,monotone NMF-increment LGBM k=8,35,0.5310469983472934,0.17770790373735398,0.16237085225001624
179,5,SA,monotone NMF-increment LGBM k=10,35,0.3761861150141922,0.20496023128933014,0.18970101962814756
179,5,SA,monotone NMF-increment LGBM k=12,35,0.6768555576528514,0.14751644216682475,0.13133467925536457
179,5,SA,monotone NMF-increment LGBM k=16,35,0.7486560029882289,0.1300997141972115,0.11621906526991675
181,5,SA,nested fPCA LGBM,34,0.9280195169421255,0.08686672184807599,0.0694982150898477
181,5,SA,monotone NMF-increment LGBM k=5,34,0.8620853011077756,0.12024065459323764,0.09507529776168235
181,5,SA,monotone NMF-increment LGBM k=8,34,0.8701749387471562,0.11666089990649524,0.09560204232585004
181,5,SA,monotone NMF-increment LGBM k=10,34,0.8413238775359787,0.12897390331657052,0.10040554722615251
181,5,SA,monotone NMF-increment LGBM k=12,34,0.8840590701489048,0.11024640680334383,0.09600092393326268
181,5,SA,monotone NMF-increment LGBM k=16,34,0.9044373502603353,0.10008987474023397,0.08889390308858935
