q_burst_obs,Q_max_obs,Q_final,dynamic_range,t_50,max_slope,is_flat,is_immediate_saturation,is_never_rises,is_degenerate,theta_log_kw,theta_log_kh,theta_log_alpha,theta_log_kd,theta_log_ke,theta_m_crit,theta_q_burst,theta_Q_max
0.14702803,0.9482222,0.94822216,0.8011942,7.142857551574707,0.13086998,False,False,False,False,-0.51871705,-0.9271128,-1.6460903,-4.207817,-1.4628859,0.3353354,0.14702803,0.9482224
0.088166535,0.7592466,0.7592466,0.67108005,11.428571701049805,0.039179794,False,False,False,False,-0.7218602,-1.4707749,-0.60442615,-2.5896962,-2.8883712,0.12598653,0.088166535,0.7592609
0.11912998,0.93707794,0.93707794,0.817948,2.857142925262451,0.35465732,False,True,False,True,0.488338,-0.7999544,-1.3558822,-3.3063884,0.4080429,0.4618373,0.11912998,0.93707794
0.09153001,0.96598923,0.96598923,0.8744592,11.428571701049805,0.090123214,False,False,False,False,-0.9029584,-1.7883718,1.8109524,-4.783011,-2.073845,0.21803781,0.09153001,0.9660002
0.21693276,0.871148,0.871148,0.6542152,25.71428680419922,0.044624783,False,False,False,False,-2.120449,-2.9206657,-1.3972809,-4.809683,-1.9593512,0.46840957,0.21693276,0.87116814
0.2446407,0.89596605,0.89596605,0.65132535,28.571430206298828,0.029452061,False,False,False,False,-0.3685212,-3.025367,0.33836937,-4.801084,-2.3064156,0.15900575,0.2446407,0.89658034
0.25057295,0.6027994,0.6027994,0.35222647,2.857142925262451,0.11001578,False,True,False,True,-1.6087376,-2.0721648,1.2791214,0.98239946,0.49220538,0.3053959,0.25057295,0.6027994
0.061147127,0.8255268,0.8255268,0.7643796,21.428571701049805,0.04539998,False,False,False,False,-0.03413987,-3.550611,-1.3861723,-3.5497508,0.6311827,0.3654861,0.061147127,0.8255268
0.03440647,0.65838253,0.65838253,0.62397605,4.285714149475098,0.10720032,False,False,False,False,0.8724301,-2.2524347,0.07636309,-1.3048859,1.0509415,0.4910437,0.03440647,0.65838253
0.16379888,0.59359866,0.59359866,0.4297998,1.4285714626312256,0.24682699,False,True,False,True,0.48252487,-0.34290123,1.7404146,0.6470704,-0.0024635792,0.0793439,0.16379888,0.59359866
0.12531583,0.6355607,0.6355607,0.51024485,5.714285850524902,0.17947738,False,False,False,False,-2.8298855,-0.22301507,1.5207195,-4.9925838,-0.03206992,0.23709649,0.12531583,0.63556075
0.0015397132,0.5878258,0.5878258,0.58628607,2.857142925262451,0.16951995,False,True,False,True,0.4613905,-3.184607,0.73318267,-0.48287582,1.289679,0.35913002,0.0015397132,0.5878258
0.08459623,0.68707883,0.68707883,0.6024826,4.285714149475098,0.30802798,False,True,False,True,0.7482877,-1.5813973,-1.560168,-3.7274585,1.8518734,0.426609,0.08459623,0.68707883
0.08857046,0.8983443,0.8983443,0.8097738,21.428571701049805,0.115821764,False,False,False,False,-2.8814952,-2.0359483,-1.5061178,-4.31407,-0.63774896,0.30878264,0.08857046,0.8983444
0.17188516,0.8092934,0.8092934,0.63740826,5.714285850524902,0.121510535,False,False,False,False,-2.0213478,-0.18525982,1.3705997,-4.529849,-1.1222107,0.28515258,0.17188516,0.80929357
0.112450525,0.6282216,0.6282216,0.51577103,2.857142925262451,0.13938619,False,True,False,True,0.48107076,-1.8801997,-0.9758575,-0.5804329,-2.8981223,0.14164099,0.112450525,0.62822163
0.25737762,0.7242998,0.7242998,0.46692216,7.142857551574707,0.051723238,False,False,False,False,-1.3745835,-3.6392434,-0.4254303,-1.3587308,-2.1286645,0.26345316,0.25737762,0.7242999
0.29241204,0.7319196,0.7319196,0.43950754,2.857142925262451,0.121172436,False,True,False,True,-0.43051958,-2.1725378,0.40476274,-0.09248161,1.8681154,0.41788757,0.29241204,0.7319196
0.009622193,0.53899777,0.53899777,0.52937555,15.714285850524902,0.023543071,False,False,False,False,-2.7458038,-2.9481544,1.3618104,-2.0194473,-1.7426159,0.10257985,0.009622193,0.53899795
0.118288465,0.6486318,0.6486318,0.53034335,5.714285850524902,0.22970553,False,True,False,True,-1.0070919,-0.903188,1.0812821,-4.893296,1.0594549,0.09893537,0.118288465,0.6486318
0.08185877,0.8441748,0.8441748,0.76231605,17.14285659790039,0.09290325,False,False,False,False,-0.9815383,-2.3926854,-1.7946999,-4.590314,-0.89119864,0.27790973,0.08185877,0.8441748
0.014630861,0.90817434,0.90817434,0.8935435,11.428571701049805,0.4211979,False,False,False,False,-2.750146,-2.1349745,1.7588389,-3.223676,1.7575078,0.3564846,0.014630861,0.90817434
0.2571169,0.8197861,0.8197861,0.56266916,12.85714340209961,0.12994054,False,False,False,False,-0.78848624,-2.8928137,1.5993066,-4.424286,-0.23173761,0.22789203,0.2571169,0.81978613
0.26909673,0.92105514,0.92105514,0.6519584,7.142857551574707,0.06112695,False,False,False,False,0.7012634,-1.2936821,-0.4809494,-2.6309164,-2.5602036,0.39691493,0.26909673,0.9210562
0.060613025,0.7445439,0.7445439,0.6839309,17.14285659790039,0.05685837,False,False,False,False,-2.2634459,-1.9108002,-1.4098682,-3.6514525,-1.9567637,0.35189262,0.060613025,0.7445457
0.09608025,0.9608717,0.9608717,0.86479145,7.142857551574707,0.10362055,False,False,False,False,-0.39482975,-0.7107539,-1.5118401,-4.059537,-1.9516538,0.432485,0.09608025,0.9608722
0.14894605,0.7818982,0.7818977,0.63295215,7.142857551574707,0.12701097,False,False,False,False,0.40401888,-1.746748,-0.014888048,-2.5930448,-0.18633413,0.22362244,0.14894605,0.78189826
0.20418556,0.7570782,0.7570782,0.5528926,17.14285659790039,0.10502849,False,False,False,False,-2.4555128,-3.0482628,1.6149855,-4.43464,-0.67951536,0.4975787,0.20418556,0.7570783
0.15164074,0.9562019,0.9562019,0.80456114,14.285715103149414,0.10361069,False,False,False,False,-2.666525,-1.0092442,-1.4245615,-2.8515928,-1.3387909,0.24168032,0.15164074,0.9562019
0.08642623,0.8235307,0.8235307,0.7371044,2.857142925262451,0.39759666,False,True,False,True,-0.18790293,-0.20861435,1.2234249,-3.8966417,0.62126017,0.11594838,0.08642623,0.8235307
0.2584471,0.5432694,0.5432694,0.2848223,4.285714149475098,0.094634585,False,True,False,True,0.32548022,-0.4995439,-0.64383173,-1.9951973,0.78705883,0.057404265,0.2584471,0.5432694
0.060945887,0.6575403,0.6575403,0.59659445,5.714285850524902,0.071752414,False,False,False,False,-0.46554375,-2.3400335,-1.0533459,-1.603487,1.567297,0.2092281,0.060945887,0.6575403
0.22943605,0.9418787,0.9418787,0.71244264,15.714285850524902,0.071149394,False,False,False,False,-2.977871,-1.0972121,-0.9605274,-4.002021,-1.9402535,0.40436512,0.22943605,0.94188046
0.0790282,0.6324806,0.6324806,0.55345243,2.857142925262451,0.10588118,False,False,False,False,0.4068079,-2.6679194,-0.5588963,-1.1137102,1.5550866,0.33617574,0.0790282,0.6324806
0.13293578,0.8216234,0.8216234,0.6886876,17.14285659790039,0.16516937,False,False,False,False,-2.8636725,-1.567904,-1.122365,-4.6747274,1.6921911,0.12888248,0.13293578,0.8216234
0.099713914,0.82363886,0.82363886,0.72392493,1.4285714626312256,0.26548332,False,True,False,True,-0.42035413,-3.3457634,-1.6166434,0.39124727,-0.09290314,0.4616655,0.099713914,0.82363886
0.11626468,0.59589255,0.5958925,0.47962788,4.285714149475098,0.07213273,False,False,False,False,-1.0716906,-2.0889423,-1.2180884,-0.98539734,0.2904148,0.27035856,0.11626468,0.59589255
0.072081454,0.807601,0.807601,0.7355195,14.285715103149414,0.03308648,False,False,False,False,1.2288618,-3.4888482,0.81933093,-3.0087605,-1.7061701,0.31542015,0.072081454,0.8076012
0.027031858,0.7114615,0.7114615,0.68442965,2.857142925262451,0.15725344,False,False,False,False,-0.009047985,-3.484979,0.33299708,-0.7222123,0.48957753,0.24667728,0.027031858,0.7114615
0.21202485,0.7695944,0.7695944,0.5575695,1.4285714626312256,0.21885931,False,True,False,True,0.3682692,-2.7297542,0.7591622,-0.0021123886,-1.8053789,0.2772189,0.21202485,0.76959443
0.23816265,0.7835008,0.7835008,0.54533815,4.285714149475098,0.16378517,False,True,False,True,-0.2911713,-1.7502692,-1.5722954,-1.7642353,1.2311745,0.4777506,0.23816265,0.7835008
0.04631494,0.8478106,0.8478106,0.8014957,11.428571701049805,0.15862447,False,False,False,False,0.66753554,-2.9729593,-1.6573768,-4.5797634,1.9940243,0.4178276,0.04631494,0.8478106
0.27315733,0.8900949,0.8900949,0.6169375,1.4285714626312256,0.3646542,False,True,False,True,1.387919,-0.0007703304,1.7487898,0.32426167,-1.0731481,0.19603813,0.27315733,0.8900949
0.09741563,0.9453391,0.9453391,0.84792346,4.285714149475098,0.16069584,False,False,False,False,-2.0044475,-0.20196557,0.9663172,-0.3645935,-2.0669408,0.33955246,0.09741563,0.94533914
0.04522936,0.80646366,0.80646366,0.7612343,4.285714149475098,0.14557652,False,False,False,False,-0.9498515,-1.221375,0.35524368,-0.7235956,-1.3495688,0.38470355,0.04522936,0.8064637
0.2701682,0.52673864,0.52673864,0.25657046,4.285714149475098,0.054483138,False,False,False,False,-2.1914797,-3.9730752,-1.6061115,0.3684101,0.85258913,0.48609853,0.2701682,0.52673864
0.005086291,0.6080635,0.6080635,0.6029772,4.285714149475098,0.107467294,False,False,False,False,-2.2060778,-2.3231652,-1.2988646,0.08318949,-2.3900194,0.16522217,0.005086291,0.6080636
0.21600032,0.9727326,0.9727326,0.7567323,1.4285714626312256,0.51753664,False,True,False,True,1.5561938,-0.36247993,1.4316754,0.31638193,1.7229662,0.21738583,0.21600032,0.9727326
0.16723599,0.69029564,0.69029564,0.52305967,1.4285714626312256,0.20053963,False,True,False,True,0.32704687,-0.00064730644,1.0373259,-0.13505507,-1.3749804,0.38296118,0.16723599,0.6902957
0.063197106,0.94322634,0.94322634,0.8800292,4.285714149475098,0.17320438,False,False,False,False,-1.9092746,-3.1222332,-1.5389616,0.013990879,1.277328,0.24939214,0.063197106,0.94322634
0.29356244,0.9398434,0.9398434,0.646281,1.4285714626312256,0.40903956,False,True,False,True,1.0987225,-1.851332,-0.9442706,0.7571435,0.52235174,0.10419229,0.29356244,0.9398434
0.043917276,0.6664418,0.6664418,0.6225245,5.714285850524902,0.27450144,False,False,False,False,-1.4112272,-0.87569094,-1.136378,-2.4701428,1.6227531,0.2842968,0.043917276,0.6664418
0.15768814,0.8698718,0.8698713,0.71218365,2.857142925262451,0.22257933,False,True,False,True,-1.178613,-2.3858576,0.19140124,0.7744889,-0.3661492,0.136076,0.15768814,0.8698718
0.04348047,0.84292614,0.84292614,0.7994457,34.28571319580078,0.030941999,False,False,False,False,0.7401006,-3.827877,-0.35788488,-4.2294335,-1.5667139,0.35606602,0.04348047,0.84293175
0.22452156,0.52303255,0.52303255,0.29851097,10.0,0.037470162,False,False,False,False,1.6219454,-1.8688233,-1.3329754,-3.0748549,0.04591036,0.10347845,0.22452156,0.5230326
0.08999658,0.82322097,0.82322097,0.7332244,5.714285850524902,0.09409391,False,False,False,False,-2.9032333,-3.9433212,-0.40572667,0.017298698,-2.8661973,0.46201712,0.08999658,0.823221
0.050989654,0.95864594,0.95864594,0.9076563,2.857142925262451,0.23337877,False,False,False,False,-0.38599277,-3.8034382,1.658658,-0.38466978,1.9849892,0.38867274,0.050989654,0.95864594
0.18235968,0.5536767,0.5536767,0.37131703,10.0,0.024670932,False,False,False,False,-0.36563897,-1.0515671,-1.6036582,-2.8628795,-2.9546938,0.18736418,0.18235968,0.55370957
0.21584374,0.9965092,0.9965092,0.78066546,10.0,0.06353426,False,False,False,False,0.29691052,-0.92638636,0.27861857,-4.00725,-2.4382992,0.20558375,0.21584374,0.9965991
0.06503773,0.86924595,0.86924595,0.8042082,14.285715103149414,0.049912464,False,False,False,False,0.9375725,-2.2252185,0.7012329,-4.9431887,-2.6352532,0.3799868,0.06503773,0.87027395
0.24283083,0.8883356,0.8883356,0.6455048,5.714285850524902,0.08762595,False,False,False,False,-2.2648304,-2.9906218,-1.647378,-0.4344778,-0.75473785,0.44816026,0.24283083,0.88833565
0.2758917,0.7228175,0.7228175,0.4469258,5.714285850524902,0.054697033,False,False,False,False,-0.41960979,-2.618356,-0.43486333,-1.6012983,0.7392738,0.11736727,0.2758917,0.7228175
0.22517389,0.8979796,0.8979796,0.6728057,4.285714149475098,0.14440429,False,False,False,False,-2.594864,-3.0821157,1.7696354,0.7435818,-2.815699,0.43369213,0.22517389,0.8979796
0.106842995,0.9045653,0.9045653,0.7977223,2.857142925262451,0.24205719,False,False,False,False,1.616323,-3.0779006,0.6315515,-0.77230024,-1.2387334,0.35029697,0.106842995,0.90456533
0.23693037,0.7251257,0.7251257,0.4881953,4.285714149475098,0.07277828,False,False,False,False,-1.1936365,-2.7455914,0.5034981,-0.9359188,-1.7214291,0.29488963,0.23693037,0.7251258
0.28785163,0.6827261,0.6827261,0.39487445,15.714285850524902,0.029459927,False,False,False,False,0.2608347,-2.482374,0.70099926,-4.1731825,-1.970072,0.16079213,0.28785163,0.682729
0.036301054,0.7487943,0.7487943,0.71249324,1.4285714626312256,0.34743598,False,True,False,True,-0.5068259,-2.968991,1.9965801,0.9300103,-2.3854666,0.09259927,0.036301054,0.7487943
0.11560262,0.62885904,0.62885904,0.51325643,5.714285850524902,0.058664765,False,False,False,False,-1.1372597,-3.3090913,-0.7173443,-1.4332075,-1.8062268,0.32485607,0.11560262,0.62885916
0.007685513,0.5103346,0.5103346,0.50264907,4.285714149475098,0.10927513,False,False,False,False,-0.15653634,-0.35548353,-1.3521585,-1.8606968,-1.4219193,0.4957939,0.007685513,0.51033473
0.2453161,0.7619491,0.7619491,0.51663303,7.142857551574707,0.045534056,False,False,False,False,1.9634624,-3.26538,0.3834467,-2.2589183,-1.0266426,0.22474673,0.2453161,0.76194924
0.116590604,0.7051094,0.7051094,0.5885188,7.142857551574707,0.05762397,False,False,False,False,-2.9340365,-3.1807203,-0.6818006,-0.49035072,-2.1178343,0.48715693,0.116590604,0.7051095
0.13883954,0.9569094,0.9569094,0.8180699,1.4285714626312256,0.34430102,False,True,False,True,1.4588952,-0.9947846,1.6962407,-0.26466703,-1.2583847,0.12571871,0.13883954,0.9569094
0.0139410505,0.81264985,0.81264985,0.7987088,2.857142925262451,0.25067958,False,True,False,True,-1.3390496,-3.85474,0.8198569,0.920414,-1.2117081,0.0886947,0.0139410505,0.81264985
0.12754744,0.5295582,0.5295582,0.40201074,4.285714149475098,0.07705276,False,False,False,False,-0.68929935,-3.0099745,0.40426373,-0.8607235,1.4882975,0.449686,0.12754744,0.5295582
0.29210147,0.9757149,0.9757149,0.6836134,7.142857551574707,0.08963325,False,False,False,False,-2.7590578,-0.13262081,0.88411045,-0.6922779,-2.6630526,0.48335356,0.29210147,0.97571504
0.22858694,0.6343519,0.6343519,0.40576497,4.285714149475098,0.0918146,False,False,False,False,-2.6089625,-2.7546468,-1.3755276,0.8408966,-1.5741999,0.17227523,0.22858694,0.6343519
0.20320724,0.9674459,0.9674459,0.76423866,14.285715103149414,0.2082772,False,False,False,False,-1.7313054,-2.174943,-0.19223905,-4.3369355,1.5841703,0.17574762,0.20320724,0.9674459
0.18550208,0.5060797,0.5060797,0.3205776,4.285714149475098,0.061164763,False,False,False,False,0.76079106,-1.7168403,1.701714,-1.5967212,-1.6566415,0.4878499,0.18550208,0.5060798
0.24420194,0.8149454,0.8149454,0.57074344,12.85714340209961,0.029847806,False,False,False,False,-1.2117289,-3.362335,1.753506,-2.4954376,-2.7788122,0.26085573,0.24420194,0.8149501
0.036999464,0.85835063,0.8583504,0.8213512,8.571428298950195,0.073069006,False,False,False,False,0.29051113,-1.8142536,0.7456374,-2.730956,-1.4945005,0.06469059,0.036999464,0.85835063
0.06277508,0.9556252,0.955625,0.8928501,8.571428298950195,0.097902365,False,False,False,False,-1.9802835,-1.713067,0.6383829,-1.7875884,-2.1208744,0.49017388,0.06277508,0.9556252
0.024034275,0.6372702,0.6372702,0.61323595,17.14285659790039,0.1407035,False,False,False,False,-2.4887707,-2.481097,1.0879376,-3.2257419,1.6001072,0.1201648,0.024034275,0.6372702
0.2602955,0.5562535,0.5562535,0.29595798,2.857142925262451,0.07368278,False,True,False,True,-0.09587383,-0.15848827,-0.9548018,-0.92711544,-1.1267676,0.22620597,0.2602955,0.55625355
0.00490045,0.7139691,0.7139691,0.70906866,1.4285714626312256,0.27347878,False,True,False,True,-0.23446655,-0.11918163,-0.27482438,0.32931423,-1.269892,0.4561165,0.00490045,0.7139691
0.2527217,0.6823567,0.6823567,0.42963502,2.857142925262451,0.12678647,False,True,False,True,-0.939116,-1.35183,0.78465486,0.30345058,-0.8724649,0.2660776,0.2527217,0.6823567
0.12622444,0.5428798,0.5428798,0.41665536,7.142857551574707,0.03896213,False,False,False,False,1.6915841,-3.3316243,-0.2164197,-2.1611328,0.61552477,0.42882714,0.12622444,0.5428798
0.16301571,0.5164879,0.5164879,0.35347217,2.857142925262451,0.1939199,False,True,False,True,0.73873043,-1.4017365,0.8033986,-3.850603,1.1089888,0.4881099,0.16301571,0.5164879
0.0158351,0.8069397,0.8069397,0.7911046,4.285714149475098,0.118036285,False,False,False,False,1.2549748,-3.4829025,0.45974422,-1.5640466,-1.6700914,0.353344,0.0158351,0.80693984
0.13094494,0.631268,0.631268,0.50032306,2.857142925262451,0.12510467,False,True,False,True,-2.0848775,-2.2162673,0.2572577,0.55583334,-1.6928008,0.4191431,0.13094494,0.631268
0.25195983,0.96336854,0.96336854,0.71140873,22.85714340209961,0.05154915,False,False,False,False,-2.676999,-3.8350368,1.9532213,-2.7481985,-0.37512803,0.33600026,0.25195983,0.96336854
0.2907972,0.5497189,0.5497189,0.2589217,25.71428680419922,0.0096156765,False,False,False,False,1.5275431,-3.4817662,-0.32043362,-3.7752128,-1.9283794,0.32837158,0.2907972,0.549724
0.04514512,0.9628102,0.96280974,0.9176651,1.4285714626312256,0.50878364,False,True,False,True,1.013011,-3.0369334,-0.38954854,0.38131285,-1.0654258,0.29548755,0.04514512,0.9628102
0.26892656,0.6787448,0.6787448,0.40981823,30.0,0.0159044,False,False,False,False,-0.8231745,-3.462781,0.58562064,-4.133052,-2.4837685,0.2887068,0.26892656,0.679254
0.029381562,0.7501032,0.7501032,0.7207216,2.857142925262451,0.22538741,False,False,False,False,0.6766672,-0.28135753,1.3265219,-3.5736833,-0.77404976,0.2041959,0.029381562,0.7501033
0.08758373,0.5763367,0.5763367,0.48875296,2.857142925262451,0.1138795,False,False,False,False,1.3810878,-0.31496882,0.1866014,-1.3186309,-1.5823041,0.44483954,0.08758373,0.5763368
0.11768888,0.966895,0.966895,0.8492061,1.4285714626312256,0.42664868,False,True,False,True,-0.11501622,-0.80122924,-1.8031831,0.7119026,0.39932775,0.11736213,0.11768888,0.966895
0.24303083,0.59061325,0.59061325,0.3475824,15.714285850524902,0.09166058,False,False,False,False,-2.4180868,-2.5845544,0.65596056,-4.628255,0.87049556,0.39212322,0.24303083,0.59061325
0.16567695,0.76304024,0.76304024,0.5973633,17.14285659790039,0.034282308,False,False,False,False,1.9900026,-3.185523,1.996681,-4.879071,-2.727425,0.41319418,0.16567695,0.7644223
0.14987302,0.8307325,0.8307325,0.6808595,22.85714340209961,0.091814645,False,False,False,False,-1.884396,-2.8389509,-0.584775,-4.9224663,-0.37007833,0.31479326,0.14987302,0.8307326
0.12584253,0.70578206,0.70578206,0.57993954,11.428571701049805,0.042173814,False,False,False,False,1.8721275,-1.4682319,-0.73214483,-3.2346401,-2.099514,0.11902577,0.12584253,0.7057836
0.29915777,0.6051844,0.6051844,0.3060266,8.571428298950195,0.0671681,False,False,False,False,0.61215615,-2.8548737,1.5944073,-4.1050406,-0.49289465,0.47725698,0.29915777,0.60518444
0.17474936,0.8581811,0.8581811,0.68343174,10.0,0.10369745,False,False,False,False,-0.054677486,-1.7637546,-0.9377034,-3.0364847,0.17713499,0.118542835,0.17474936,0.8581812
0.23151124,0.67849267,0.67849267,0.44698143,4.285714149475098,0.16807714,False,True,False,True,-1.4851754,-0.3387177,-0.13162088,-0.63886166,1.9757662,0.20622462,0.23151124,0.67849267
0.24508348,0.6993986,0.6993986,0.4543151,11.428571701049805,0.07693343,False,False,False,False,-0.8651824,-2.3389423,-0.012425184,-3.133305,0.0859673,0.28347808,0.24508348,0.69939864
0.09928426,0.81538033,0.81538033,0.71609604,2.857142925262451,0.15743974,False,False,False,False,-0.24929953,-2.7439806,-1.6749074,-0.78599834,-0.18010521,0.18489115,0.09928426,0.81538033
0.21489973,0.9344833,0.9344833,0.7195836,4.285714149475098,0.19769649,False,True,False,True,-0.9520421,-0.69304824,0.11328626,-0.8667898,0.58924055,0.21979256,0.21489973,0.9344833
0.21536304,0.53242147,0.53242147,0.31705844,2.857142925262451,0.09468371,False,True,False,True,-0.38495398,-1.6086142,0.072671175,0.077102184,-1.5554883,0.15539679,0.21536304,0.53242147
0.18035102,0.73334336,0.73334336,0.55299234,8.571428298950195,0.20952302,False,False,False,False,-0.45991898,-2.9197822,1.3200672,-4.7931175,1.0158315,0.49760526,0.18035102,0.73334336
0.17003421,0.70278114,0.70278114,0.5327469,14.285715103149414,0.049183536,False,False,False,False,1.9608746,-2.8547046,-0.16026711,-3.313715,-0.84510326,0.32390127,0.17003421,0.70278126
0.061007634,0.73441136,0.73441136,0.67340374,11.428571701049805,0.12942185,False,False,False,False,-2.9996016,-1.8975918,-0.059243917,-1.5486898,1.4156256,0.4937021,0.061007634,0.73441136
0.2333615,0.5513803,0.5513803,0.3180188,2.857142925262451,0.098593876,False,True,False,True,-1.5016841,-3.8432913,-1.4553182,0.81568336,0.9576528,0.395859,0.2333615,0.5513803
0.085741855,0.8652544,0.8652544,0.7795125,1.4285714626312256,0.3680406,False,True,False,True,-0.23745203,-0.13857079,-1.1161718,0.6687832,0.15709615,0.4332973,0.085741855,0.8652544
0.28646356,0.91784805,0.9178478,0.6313845,8.571428298950195,0.095965795,False,False,False,False,-2.7162194,-2.126991,0.66710234,-1.1003165,1.59202,0.49609783,0.28646356,0.91784805
0.22667564,0.8377568,0.8377567,0.6110812,14.285715103149414,0.045752905,False,False,False,False,1.2576551,-2.2580595,-1.5520937,-3.1136813,-0.78066134,0.15341303,0.22667564,0.8377568
0.21611245,0.78406966,0.78406966,0.5679572,2.857142925262451,0.119221434,False,False,False,False,-0.09662008,-1.5168786,1.7569046,-0.9073057,-2.6923485,0.11167683,0.21611245,0.7840698
0.2069378,0.5547889,0.5547889,0.3478511,1.4285714626312256,0.1366901,False,True,False,True,0.7192292,-3.9974399,-1.8457386,-0.16032076,1.0991144,0.071440026,0.2069378,0.55478895
0.28317347,0.9005586,0.9005586,0.61738515,12.85714340209961,0.03458557,False,False,False,False,1.3932695,-1.3724191,1.9775739,-4.957976,-2.9066904,0.42712295,0.28317347,0.90317
0.090420686,0.7942672,0.7942671,0.7038465,24.285715103149414,0.08371823,False,False,False,False,1.1620746,-3.6845427,1.4476273,-4.8324413,0.058504105,0.12761718,0.090420686,0.7942672
0.05874156,0.65135443,0.65135443,0.59261286,18.571428298950195,0.09861178,False,False,False,False,-1.48295,-2.3164458,-1.8956487,-4.82862,0.46840763,0.17976235,0.05874156,0.65135443
0.19990516,0.7612313,0.7612313,0.56132615,7.142857551574707,0.06580454,False,False,False,False,-2.5439215,-3.5988004,1.1967447,-0.4752736,-0.16699123,0.15209158,0.19990516,0.7612313
0.26295337,0.59499073,0.59499073,0.33203736,20.0,0.015788555,False,False,False,False,-2.2866821,-1.5696204,1.8210878,-4.950819,-2.9859805,0.30382812,0.26295337,0.59787756
0.06563595,0.7716091,0.7716091,0.70597315,2.857142925262451,0.4010751,False,True,False,True,0.0503428,-0.5940294,0.6166327,-1.3507676,1.9943151,0.42158136,0.06563595,0.7716091
0.18329611,0.61389655,0.61389655,0.43060043,2.857142925262451,0.14867118,False,True,False,True,0.7771809,-0.23618102,-1.9898658,-0.375484,-1.2258296,0.054675225,0.18329611,0.6138966
0.16293272,0.94513947,0.94513947,0.7822068,8.571428298950195,0.060295373,False,False,False,False,-0.14571953,-3.2984939,-1.505058,-2.254553,-1.3398142,0.40659457,0.16293272,0.94513965
0.15053833,0.70193166,0.70193166,0.55139333,5.714285850524902,0.062137842,False,False,False,False,-0.03149271,-2.6431227,1.3546672,-1.8360648,-0.030770779,0.2026349,0.15053833,0.7019317
0.045697458,0.58148706,0.5814869,0.5357896,25.71428680419922,0.041195985,False,False,False,False,-0.71254325,-3.5597587,-0.012299776,-4.490133,-1.037827,0.4053979,0.045697458,0.58148706
0.13941433,0.88982284,0.88982284,0.75040853,5.714285850524902,0.082621396,False,False,False,False,-1.1104412,-2.548268,0.3385749,-1.5019531,0.7677412,0.12000187,0.13941433,0.88982284
0.06295599,0.86049956,0.86049956,0.7975436,2.857142925262451,0.18300527,False,False,False,False,1.6624289,-2.145891,-1.1572404,-1.1376123,0.9236932,0.13443127,0.06295599,0.86049956
0.268581,0.7863674,0.7863674,0.5177864,4.285714149475098,0.10458492,False,False,False,False,-0.67516494,-3.8889973,-1.1531701,-0.7834015,-1.3479393,0.43030155,0.268581,0.7863675
0.02522986,0.90343857,0.9034384,0.8782087,5.714285850524902,0.10881983,False,False,False,False,-0.6976869,-2.6348543,-0.10113168,-1.4539373,-2.4096277,0.22122596,0.02522986,0.9034387
0.2538684,0.85436743,0.85436743,0.60049903,5.714285850524902,0.31081474,False,False,False,False,-2.0920906,-0.17291236,-0.5155616,-3.7186258,0.7011328,0.3085428,0.2538684,0.85436743
0.018160397,0.72739416,0.72739416,0.70923376,8.571428298950195,0.29440916,False,False,False,False,-2.9083486,-0.7350192,-0.37662768,-3.3259132,1.0876346,0.4390993,0.018160397,0.72739416
0.21252345,0.9899956,0.9899956,0.77747214,5.714285850524902,0.1237762,False,False,False,False,1.5530167,-1.2254264,1.6849387,-3.0280962,-1.879106,0.46847966,0.21252345,0.9899956
0.18600854,0.7252983,0.7252983,0.5392897,20.0,0.0793569,False,False,False,False,-1.5442414,-3.2841337,-0.23442578,-4.82474,0.47993803,0.4409574,0.18600854,0.7252983
0.27252668,0.77125967,0.77125967,0.49873298,22.85714340209961,0.022313235,False,False,False,False,0.7395158,-3.2695026,1.9564862,-4.983031,-2.8948631,0.22183211,0.27252668,0.77503145
0.21520205,0.72873396,0.7287339,0.5135319,8.571428298950195,0.04107777,False,False,False,False,0.46011424,-3.4660137,0.72937155,-2.3352304,0.502059,0.4339046,0.21520205,0.72873396
0.09052021,0.69177526,0.69177526,0.60125506,2.857142925262451,0.16772357,False,True,False,True,-0.6539979,-3.2543604,-0.72340417,-0.05048561,-1.5024915,0.41473395,0.09052021,0.6917753
0.2682566,0.93449664,0.93449664,0.66624004,8.571428298950195,0.047947824,False,False,False,False,-0.4467945,-3.835331,-0.01996994,-2.3023872,-0.7245908,0.23002155,0.2682566,0.93449676
0.08002405,0.50887406,0.50887406,0.42885,10.0,0.14086212,False,False,False,False,-2.1943932,-1.0709465,-1.5687652,-4.553964,0.26420498,0.2783067,0.08002405,0.50887406
0.01858796,0.65367836,0.65367836,0.6350904,12.85714340209961,0.1217994,False,False,False,False,-1.4678402,-1.332001,-1.851203,-4.9143963,-0.18281865,0.11290906,0.01858796,0.6536784
0.053144593,0.5766904,0.5766904,0.5235458,7.142857551574707,0.049644962,False,False,False,False,-0.90250206,-3.8174105,-1.3354554,-1.8032966,-2.8574293,0.24337524,0.053144593,0.5766907
0.10990568,0.62924623,0.62924623,0.5193406,2.857142925262451,0.17439114,False,True,False,True,0.48257756,-3.5393794,-1.5156684,-0.28915548,-0.03258419,0.4799104,0.10990568,0.62924623
0.06739755,0.6229648,0.6229647,0.55556726,7.142857551574707,0.13107198,False,False,False,False,-0.73136616,-1.9898813,1.5252886,-4.98824,-0.6780019,0.37452924,0.06739755,0.6229648
0.24222071,0.51334184,0.51334184,0.27112114,41.42857360839844,0.011937567,False,False,False,False,0.70816946,-3.9163704,0.47391152,-4.3225594,0.74265456,0.082615905,0.24222071,0.51334184
0.12484539,0.8535712,0.8535712,0.7287258,12.85714340209961,0.100167826,False,False,False,False,-2.6014168,-1.9705262,1.5759768,-4.5691867,-1.6151493,0.47261357,0.12484539,0.8535712
0.17418405,0.74712664,0.74712664,0.5729426,4.285714149475098,0.0977951,False,False,False,False,-2.9049954,-2.6289618,-1.0156643,0.5291834,0.5375998,0.110822976,0.17418405,0.74712664
0.10372213,0.7543491,0.7543491,0.65062696,2.857142925262451,0.1817226,False,True,False,True,-1.5271746,-3.1421533,-0.6636772,0.36467934,-2.2921307,0.11472274,0.10372213,0.7543491
0.27118933,0.5066476,0.50664747,0.23545825,11.428571701049805,0.032217707,False,False,False,False,0.18052983,-1.9399838,-0.48145127,-3.8190506,-0.9485817,0.1844255,0.27118933,0.5066476
0.14350098,0.8967415,0.8967415,0.7532405,4.285714149475098,0.1653177,False,False,False,False,-2.0946474,-3.6271803,-0.36551356,0.33782005,1.6913481,0.07912506,0.14350098,0.8967415
0.22766793,0.68839085,0.68839085,0.46072292,2.857142925262451,0.27880305,False,True,False,True,0.60199356,-0.36179233,-0.055476427,-4.0156784,1.1538262,0.1978442,0.22766793,0.68839085
0.054344848,0.9898574,0.9898574,0.93551254,7.142857551574707,0.09940307,False,False,False,False,0.5627353,-0.20114803,1.8597109,-4.730195,-2.1537008,0.18196996,0.054344848,0.989875
0.010139537,0.5035597,0.5035597,0.49342018,28.571430206298828,0.016387055,False,False,False,False,-0.72079706,-3.3266811,-0.8899789,-3.6570938,0.5199735,0.07874349,0.010139537,0.5035597
0.11826277,0.7684706,0.7684706,0.6502078,2.857142925262451,0.19605842,False,True,False,True,0.57631016,-1.0110908,-1.2421582,-1.2560644,1.3454618,0.3076928,0.11826277,0.7684706
0.27248454,0.9955462,0.9955462,0.7230617,2.857142925262451,0.16914903,False,False,False,False,-0.76806927,-0.9930017,-1.3580227,-0.47869253,0.9090588,0.1386782,0.27248454,0.9955462
0.24454947,0.5328483,0.5328483,0.28829885,11.428571701049805,0.07528767,False,False,False,False,-1.4855717,-2.5601888,0.996711,-4.350261,0.48864508,0.32749358,0.24454947,0.5328483
0.042536564,0.63717663,0.63717663,0.5946401,17.14285659790039,0.048212267,False,False,False,False,-2.576962,-1.1017418,0.72042155,-4.792299,-1.8941488,0.06912984,0.042536564,0.6372001
0.22548342,0.8453586,0.8453586,0.6198752,1.4285714626312256,0.40888354,False,True,False,True,1.5688462,-2.3981018,1.1487024,0.8490429,0.6393306,0.073577665,0.22548342,0.8453586
0.278051,0.56817293,0.56817293,0.29012194,1.4285714626312256,0.17207977,False,True,False,True,1.437664,-3.9728684,1.230032,0.4556241,-2.8259118,0.29854092,0.278051,0.56817293
0.13130298,0.9596782,0.9596782,0.8283752,1.4285714626312256,0.51255876,False,True,False,True,0.3202982,-1.1162453,0.5241802,0.9828272,1.5469489,0.4680398,0.13130298,0.9596782
0.24657196,0.92005235,0.92005175,0.6734804,22.85714340209961,0.06391592,False,False,False,False,-2.8297815,-3.0792587,-0.42776227,-2.8911705,1.809237,0.38112468,0.24657196,0.92005235
0.10476984,0.95918536,0.95918536,0.85441554,8.571428298950195,0.07096266,False,False,False,False,-2.367509,-2.231642,0.29204917,-1.2197225,0.7855816,0.18547097,0.10476984,0.95918536
0.039318003,0.54122657,0.54122657,0.50190854,2.857142925262451,0.13448024,False,True,False,True,-1.1709609,-3.3892827,1.3560796,0.031466484,-1.2839173,0.23001797,0.039318003,0.54122657
0.22709207,0.9523327,0.9523327,0.7252406,11.428571701049805,0.13591464,False,False,False,False,0.4401238,-2.8543851,1.592191,-4.4021397,-0.8455627,0.27985814,0.22709207,0.9523327
0.29548204,0.7021424,0.7021424,0.40666038,12.85714340209961,0.026052723,False,False,False,False,1.1930113,-1.1196079,-0.9179876,-4.142443,-2.736532,0.28616104,0.29548204,0.7025144
0.26110616,0.8091911,0.8091911,0.548085,2.857142925262451,0.15143798,False,True,False,True,-0.6052463,-3.453388,0.6140194,-0.09805012,-2.9647899,0.116572514,0.26110616,0.8091911
0.1321595,0.65629774,0.65629774,0.5241382,14.285715103149414,0.030590981,False,False,False,False,-0.6558652,-1.6424835,-0.30408382,-4.0968947,-2.8360748,0.42298427,0.1321595,0.6571532
0.07435179,0.66467166,0.66467166,0.5903199,17.14285659790039,0.100486904,False,False,False,False,-1.145288,-3.090846,-0.5923667,-4.575243,1.3708591,0.36687705,0.07435179,0.66467166
0.15917763,0.96834594,0.9683459,0.80916834,2.857142925262451,0.14876665,False,False,False,False,0.6215937,-2.7406108,0.5273874,-1.1739755,-2.073733,0.33136284,0.15917763,0.968346
0.08274481,0.9896705,0.98967,0.9069257,8.571428298950195,0.28814307,False,False,False,False,-1.40455,-2.514137,1.7232013,-4.449807,-0.31937885,0.49178803,0.08274481,0.9896705
0.2067349,0.8028118,0.8028118,0.5960769,1.4285714626312256,0.38510066,False,True,False,True,1.7183518,-0.13932061,-0.1908462,0.7138996,-1.5892985,0.19798133,0.2067349,0.8028118
0.22112586,0.6564825,0.6564825,0.43535668,1.4285714626312256,0.17679586,False,True,False,True,0.8781891,-0.09936142,-1.2519782,-0.40781975,0.33641148,0.39370283,0.22112586,0.6564825
0.15158984,0.79325587,0.79325587,0.64166605,5.714285850524902,0.0968474,False,False,False,False,-2.4758902,-0.39923048,-1.1404712,-0.082018375,-2.8816087,0.23607446,0.15158984,0.7932559
0.14181049,0.65456927,0.65456927,0.5127588,4.285714149475098,0.09106234,False,False,False,False,-0.29792,-1.3697875,-0.22268915,-1.2652869,1.9739609,0.12941329,0.14181049,0.65456927
0.13967046,0.9854524,0.98545206,0.8457819,5.714285850524902,0.11850333,False,False,False,False,1.693574,-0.28792024,-0.05453849,-3.039898,-2.0446653,0.4359964,0.13967046,0.9854524
0.22526298,0.72752255,0.7275221,0.50225955,2.857142925262451,0.19308594,False,True,False,True,0.9256549,-0.24939084,1.5818472,-3.9495268,0.2317555,0.18170173,0.22526298,0.72752255
0.2518792,0.6456064,0.6456064,0.3937272,2.857142925262451,0.082424425,False,False,False,False,-0.2835753,-3.3832176,-1.7874513,-0.8702812,0.08096361,0.29454413,0.2518792,0.6456064
0.28027856,0.7612461,0.7612461,0.48096752,10.0,0.072240375,False,False,False,False,0.38745213,-3.1015232,0.41439986,-2.6848955,1.2508168,0.47175857,0.28027856,0.7612461
0.08360827,0.63323647,0.63323635,0.5496282,4.285714149475098,0.08431763,False,False,False,False,0.9742327,-3.9982767,-1.1731884,-1.4638305,-0.48605752,0.09835859,0.08360827,0.63323647
0.028983451,0.75463724,0.75463724,0.72565377,8.571428298950195,0.059908934,False,False,False,False,-2.9769053,-1.8092585,1.3633881,-0.78240967,-1.6878324,0.068390325,0.028983451,0.7546373
0.017633326,0.99609756,0.99609756,0.97846425,24.285715103149414,0.03714275,False,False,False,False,1.2197833,-2.809945,-1.08829,-3.6003695,-0.71642184,0.061327692,0.017633326,0.9960977
0.08909136,0.73934495,0.73934495,0.6502536,15.714285850524902,0.09516223,False,False,False,False,-1.6922902,-2.3607273,-0.53510547,-4.6355186,-0.94073296,0.34387627,0.08909136,0.7393451
0.2283845,0.51576936,0.51576936,0.28738487,1.4285714626312256,0.10284291,False,True,False,True,-0.51195884,-3.9910097,1.4534328,0.4233184,1.2045135,0.20111036,0.2283845,0.51576936
0.106686994,0.5152292,0.51522917,0.40854222,4.285714149475098,0.07189853,False,False,False,False,-1.1184667,-2.4067686,-0.7062993,-0.7399998,-1.6391447,0.24892162,0.106686994,0.5152292
0.15762784,0.79897267,0.79897267,0.64134485,2.857142925262451,0.15069726,False,False,False,False,-0.9128516,-3.6949525,1.1662083,-0.3966112,1.84198,0.19944437,0.15762784,0.79897267
0.276118,0.832998,0.832998,0.55688,11.428571701049805,0.03433361,False,False,False,False,1.9955463,-0.16677308,-1.035079,-4.552708,-2.7532206,0.16664906,0.276118,0.83396244
0.21494146,0.61343414,0.61343414,0.3984927,1.4285714626312256,0.23660366,False,True,False,True,1.9121327,-0.51755834,0.028995275,-3.8593264,1.9412518,0.45548853,0.21494146,0.61343414
0.06682783,0.8999429,0.8999429,0.83311504,2.857142925262451,0.25256813,False,True,False,True,1.4694481,-1.8179681,1.3224678,-0.7479,0.82752085,0.077567905,0.06682783,0.8999429
0.20164408,0.6558328,0.6558328,0.45418876,8.571428298950195,0.03411764,False,False,False,False,-1.0208397,-3.7399595,1.8187985,-2.0648766,1.5167098,0.09913622,0.20164408,0.6558328
0.18422748,0.7113711,0.7113711,0.52714366,4.285714149475098,0.09784659,False,False,False,False,-1.5520384,-2.4171395,-0.74029183,-0.35611963,-0.97499776,0.445599,0.18422748,0.7113712
0.14033343,0.6271952,0.6271952,0.48686177,48.57142639160156,0.022061048,False,False,False,False,-1.9439986,-3.831346,-0.5834446,-4.778095,-0.9631767,0.27867746,0.14033343,0.6271958
0.012654216,0.6959852,0.6959852,0.68333095,2.857142925262451,0.4129287,False,True,False,True,1.2351589,-0.8736403,-0.49275422,-3.1853175,1.0717254,0.4707555,0.012654216,0.6959852
0.13372931,0.6041746,0.6041746,0.4704453,8.571428298950195,0.14163817,False,False,False,False,-0.73200536,-2.7241218,1.7074182,-2.4431343,1.6196213,0.27611232,0.13372931,0.6041746
0.20751202,0.97516894,0.97516894,0.7676569,7.142857551574707,0.3121247,False,False,False,False,-1.331266,-1.3555408,0.884675,-2.1067405,1.8821073,0.119270116,0.20751202,0.97516894
0.085087664,0.81012774,0.8101274,0.7250401,7.142857551574707,0.093896,False,False,False,False,-0.934706,-0.41218185,0.03296876,-4.2465343,-1.871541,0.3587485,0.085087664,0.81012774
0.037245065,0.54022425,0.54022425,0.50297916,2.857142925262451,0.108623676,False,False,False,False,1.960638,-1.3206391,-0.18717957,-1.2501352,-1.9403594,0.08594305,0.037245065,0.5402244
0.124957845,0.5403795,0.5403795,0.41542166,8.571428298950195,0.13372593,False,False,False,False,0.013048649,-1.6104336,-0.849936,-4.934452,0.8542619,0.1473329,0.124957845,0.5403795
0.08757661,0.6798066,0.6798066,0.59222996,10.0,0.19872968,False,False,False,False,-1.9103955,-1.1656802,-1.8634539,-3.710719,1.3743258,0.15960903,0.08757661,0.6798066
0.03557287,0.8630248,0.8630243,0.8274519,2.857142925262451,0.19798875,False,False,False,False,0.56864786,-3.3119392,0.20053077,-0.7747917,-0.68148303,0.3156842,0.03557287,0.86302483
0.22070067,0.8426648,0.8426643,0.6219641,2.857142925262451,0.13850325,False,False,False,False,0.4343238,-2.2508643,-1.6537406,-0.8000736,1.1313539,0.23564571,0.22070067,0.8426648
0.2246239,0.66839385,0.66839385,0.44376993,8.571428298950195,0.04337086,False,False,False,False,-1.4999189,-2.1388407,1.9908769,-1.985837,-2.4902837,0.25859112,0.2246239,0.6683941
0.18482484,0.75888485,0.75888485,0.57406,5.714285850524902,0.15799564,False,False,False,False,-1.8092089,-0.35244346,1.0580235,-2.5096788,-0.37227774,0.2512034,0.18482484,0.7588849
0.028703088,0.82473063,0.82473063,0.79602754,10.0,0.083319396,False,False,False,False,-2.0128374,-1.6294515,0.052309513,-1.8060393,-1.4527197,0.3326501,0.028703088,0.82473075
0.043905724,0.98123467,0.98123467,0.93732893,5.714285850524902,0.09875436,False,False,False,False,0.85473347,-2.2201064,-1.5536003,-2.0109055,-0.49645114,0.08055393,0.043905724,0.98123467
0.11495886,0.7182195,0.7182195,0.60326064,1.4285714626312256,0.25986618,False,True,False,True,1.3695469,-0.89159393,1.3855174,-0.84511137,0.90697193,0.42402238,0.11495886,0.7182195
0.26649186,0.79160476,0.79160476,0.52511287,5.714285850524902,0.19764298,False,False,False,False,1.2826161,-2.0007203,-1.301373,-4.3261967,0.8981886,0.46137187,0.26649186,0.79160476
0.08093029,0.8345933,0.8345933,0.753663,34.28571319580078,0.048564587,False,False,False,False,1.2257013,-3.8362665,-1.4409258,-4.886691,1.5142155,0.27296406,0.08093029,0.8345933
0.22033046,0.94009423,0.9400942,0.71976376,7.142857551574707,0.072898604,False,False,False,False,-1.4358323,-3.2826884,0.77139664,-1.4507036,-2.290296,0.12680106,0.22033046,0.94009423
0.18283153,0.9046936,0.9046928,0.7218621,5.714285850524902,0.10095076,False,False,False,False,-0.29648232,-3.00457,0.9657488,-1.4767838,-2.6886983,0.1291899,0.18283153,0.9046936
0.21673389,0.83703923,0.83703923,0.62030536,2.857142925262451,0.19213365,False,True,False,True,-1.3031595,-1.032933,-1.2386255,0.870801,1.2813601,0.31714413,0.21673389,0.83703923
0.016039558,0.63098097,0.63098097,0.6149414,11.428571701049805,0.14759514,False,False,False,False,-1.975243,-2.0174398,0.5333209,-2.6771426,1.8973637,0.1882318,0.016039558,0.63098097
0.071643986,0.8774525,0.8774524,0.8058085,11.428571701049805,0.15183423,False,False,False,False,-2.8202121,-0.35190368,-0.89781857,-4.1107197,-0.770247,0.1233931,0.071643986,0.8774525
0.2669725,0.9928604,0.9928604,0.7258879,7.142857551574707,0.20050052,False,False,False,False,-2.376989,-1.0568154,1.458477,-2.0067291,0.61009145,0.14896432,0.2669725,0.9928604
0.22299477,0.6547213,0.6547213,0.43172655,4.285714149475098,0.12701873,False,False,False,False,0.094091654,-0.17744827,-1.9863317,-2.3294024,-0.0032672882,0.07943295,0.22299477,0.6547214
0.26300195,0.80653113,0.80653113,0.54352915,24.285715103149414,0.04850857,False,False,False,False,-1.4042063,-3.5868287,0.81763554,-4.1828814,-1.0305141,0.37495208,0.26300195,0.8065313
0.27083734,0.54854786,0.54854786,0.27771053,7.142857551574707,0.028324667,False,False,False,False,-1.4326067,-2.8699307,1.1225655,-1.443387,1.6045103,0.35973185,0.27083734,0.54854786
0.28366452,0.6006286,0.6006286,0.3169641,5.714285850524902,0.034019865,False,False,False,False,1.50982,-2.9189084,-0.53536916,-1.9820437,-0.96882963,0.3195063,0.28366452,0.60062873
0.23119865,0.72931623,0.72931623,0.49811757,1.4285714626312256,0.24937098,False,True,False,True,0.27246785,-3.6074085,0.3140309,0.47143412,1.185708,0.4676816,0.23119865,0.72931623
0.14777413,0.7388869,0.7388869,0.59111273,2.857142925262451,0.14871596,False,True,False,True,0.15274143,-2.8357093,1.6976457,-0.4978857,-2.3298001,0.4695477,0.14777413,0.73888695
0.12015042,0.93784815,0.93784815,0.81769776,21.428571701049805,0.03047522,False,False,False,False,-1.184213,-2.5276806,0.100100756,-3.4645686,-2.8255172,0.15910116,0.12015042,0.93878615
0.097953655,0.8897376,0.8897376,0.7917839,12.85714340209961,0.040480398,False,False,False,False,1.339138,-3.1983047,-0.076794624,-2.8658493,-1.8374212,0.23543432,0.097953655,0.8897376
0.14098042,0.9887622,0.9887622,0.8477818,11.428571701049805,0.18857646,False,False,False,False,-1.7398452,-1.6922944,-1.1286287,-2.936315,1.4680595,0.16453937,0.14098042,0.9887622
0.116651274,0.96084785,0.9608471,0.84419656,15.714285850524902,0.044108685,False,False,False,False,0.35566807,-3.0179977,-1.2008061,-3.0520225,-1.282873,0.37296206,0.116651274,0.96084785
0.15632267,0.63799113,0.63799113,0.48166847,2.857142925262451,0.121408045,False,True,False,True,-1.8717041,-2.6254075,0.7281606,0.39596415,1.8914824,0.31101304,0.15632267,0.63799113
0.16019058,0.9433532,0.9433532,0.7831626,27.142858505249023,0.028220622,False,False,False,False,0.9125469,-3.1592982,-0.5256915,-4.50739,-2.903358,0.40076417,0.16019058,0.9492937
0.20192672,0.7427833,0.7427833,0.5408566,2.857142925262451,0.3154887,False,True,False,True,1.489327,-0.9504936,0.8003886,-2.778552,0.8277793,0.38319525,0.20192672,0.7427833
0.060628567,0.66833717,0.66833717,0.6077086,4.285714149475098,0.099928156,False,False,False,False,-0.12657571,-1.9911263,-1.4514511,-1.3035841,-2.3378634,0.38417032,0.060628567,0.66833735
0.18758312,0.8862872,0.8862872,0.6987041,4.285714149475098,0.22664486,False,True,False,True,-1.685633,-0.42137766,-1.4084373,-0.46815872,0.75382566,0.43409175,0.18758312,0.8862872
0.16817376,0.66167456,0.66167456,0.4935008,7.142857551574707,0.095336966,False,False,False,False,1.4762502,-1.6060476,0.68003535,-4.3458023,-1.1705747,0.2954012,0.16817376,0.66167474
0.0076689185,0.5109246,0.5109246,0.50325567,4.285714149475098,0.08552067,False,False,False,False,-2.9783444,-2.5201206,0.765682,0.5832114,-2.7575731,0.38242278,0.0076689185,0.5109246
0.15922895,0.953496,0.953496,0.79426706,10.0,0.24979629,False,False,False,False,-2.0656114,-2.2641666,0.5585878,-4.2815332,1.4260998,0.47846842,0.15922895,0.953496
0.20925501,0.8220817,0.8220817,0.6128267,8.571428298950195,0.05089635,False,False,False,False,-1.6317885,-2.7911894,-0.25809002,-1.672204,-2.2439656,0.09483406,0.20925501,0.8220817
0.2611962,0.8888922,0.8888922,0.627696,11.428571701049805,0.10742417,False,False,False,False,1.945672,-2.8154259,0.7062807,-3.2106154,0.7341237,0.2625361,0.2611962,0.8888922
0.29657808,0.988817,0.988817,0.6922389,1.4285714626312256,0.43088585,False,True,False,True,1.5808692,-0.972209,0.07513976,0.58531713,-1.9684546,0.4872169,0.29657808,0.988817
0.27772343,0.68736494,0.68736494,0.4096415,5.714285850524902,0.049023367,False,False,False,False,-1.6678022,-3.0597165,0.12653661,-1.0658066,0.75406766,0.36650816,0.27772343,0.68736494
0.10599463,0.6518817,0.65188164,0.54588705,8.571428298950195,0.13909556,False,False,False,False,-1.3201838,-1.3295996,0.5573344,-3.7499828,-0.2581885,0.10416879,0.10599463,0.6518817
0.1985311,0.5763452,0.5763452,0.3778141,54.28571319580078,0.012777768,False,False,False,False,1.6914582,-3.8003473,-1.18085,-4.9358897,0.13051343,0.10181998,0.1985311,0.57634723
0.0030754746,0.6674062,0.6674062,0.6643307,2.857142925262451,0.1819064,False,True,False,True,-2.1014524,-3.0217512,0.300138,0.75664234,1.8417807,0.2580013,0.0030754746,0.6674062
0.08927581,0.74734795,0.74734795,0.6580721,4.285714149475098,0.11715728,False,False,False,False,-1.4527776,-2.4253914,0.7641771,-0.49029493,0.6084368,0.33927536,0.08927581,0.74734795
0.13483463,0.5338836,0.5338836,0.39904892,10.0,0.028005058,False,False,False,False,-0.18183136,-3.0215807,-0.17891264,-2.374487,-2.862032,0.42753258,0.13483463,0.53388506
0.20959932,0.9389478,0.9389478,0.7293485,1.4285714626312256,0.48940185,False,True,False,True,1.4779339,-3.076148,0.7080879,0.9751377,-0.38426876,0.33973333,0.20959932,0.9389478
0.14888477,0.82670504,0.82670456,0.67782027,2.857142925262451,0.19808611,False,True,False,True,-1.267057,-3.125438,-0.15651369,0.34615326,-0.2850454,0.43133256,0.14888477,0.82670504
0.2507629,0.76084733,0.7608473,0.5100844,8.571428298950195,0.11964634,False,False,False,False,-0.41306925,-1.945708,-1.903239,-4.6227026,-0.29217482,0.38636008,0.2507629,0.76084733
0.05515253,0.6698442,0.6698442,0.6146917,11.428571701049805,0.04503516,False,False,False,False,0.55380416,-1.1635258,-1.7265046,-4.6368003,-2.438365,0.27886835,0.05515253,0.66999674
0.14952746,0.7912836,0.7912836,0.6417562,1.4285714626312256,0.24146457,False,True,False,True,-0.87403536,-1.2196765,0.46371794,0.78302765,1.7549767,0.13145973,0.14952746,0.7912836
0.09382123,0.9190924,0.9190924,0.8252712,14.285715103149414,0.140027,False,False,False,False,1.6824961,-2.619842,-0.7860043,-3.9003687,1.3421526,0.21125577,0.09382123,0.9190924
0.044546414,0.6297662,0.6297662,0.5852198,1.4285714626312256,0.35253674,False,True,False,True,1.8004093,-2.0842826,-1.4098122,0.4443555,-1.3550119,0.1713144,0.044546414,0.6297662
0.14979053,0.65780956,0.65780956,0.50801903,20.0,0.017275697,False,False,False,False,-2.4579127,-3.1544285,-1.8219161,-2.6046581,0.505188,0.10419677,0.14979053,0.65780956
0.19330847,0.80733407,0.80733407,0.6140256,8.571428298950195,0.055421628,False,False,False,False,0.7092457,-0.26775718,-0.265126,-3.5098991,-2.4209104,0.14280759,0.19330847,0.8073608
0.0015452385,0.6202181,0.6202181,0.61867285,5.714285850524902,0.24057007,False,False,False,False,0.8463237,-2.297179,1.027667,-4.6727686,0.17204762,0.49342856,0.0015452385,0.62021816
0.10443988,0.93835986,0.93835986,0.83392,1.4285714626312256,0.35308906,False,True,False,True,1.1004233,-2.3126974,-1.0660868,-0.169806,-0.33241606,0.28381258,0.10443988,0.93835986
0.13356578,0.85975564,0.85975564,0.72618985,2.857142925262451,0.24487336,False,True,False,True,0.88674283,-1.6417167,0.305223,-0.44872046,1.0575247,0.18270467,0.13356578,0.85975564
0.25476855,0.7801374,0.7801374,0.52536887,4.285714149475098,0.088046126,False,False,False,False,-1.7114465,-0.12990022,-1.3699985,-0.61565876,-2.2957811,0.34723997,0.25476855,0.7801374
0.15389314,0.6363012,0.6363012,0.48240808,14.285715103149414,0.030153356,False,False,False,False,-0.7505698,-0.7281728,-1.4360821,-4.0239973,-2.6307411,0.13650145,0.15389314,0.6366385
0.112071835,0.98934865,0.9893486,0.87727684,5.714285850524902,0.15998429,False,False,False,False,0.05696249,-1.9325101,1.6645145,-3.3008246,-1.1839166,0.42381364,0.112071835,0.98934865
0.24884126,0.7341144,0.7341144,0.48527315,4.285714149475098,0.078867994,False,False,False,False,-1.4929502,-2.021904,-0.4738562,-0.6003599,0.45791864,0.15518114,0.24884126,0.7341144
0.24789515,0.64545804,0.64545804,0.3975629,1.4285714626312256,0.14396894,False,True,False,True,-1.132194,-2.0403433,1.3918915,0.9428234,0.71647644,0.31437108,0.24789515,0.64545804
0.13477166,0.74504304,0.74504304,0.6102714,5.714285850524902,0.08593239,False,False,False,False,-1.8065076,-2.5775716,-1.2944479,-0.7100935,-0.26252556,0.19801976,0.13477166,0.74504304
0.12955028,0.81252205,0.81252205,0.6829718,1.4285714626312256,0.24206924,False,True,False,True,1.6435766,-0.21466732,-1.539696,-0.90050983,0.465369,0.36103272,0.12955028,0.81252205
0.17945074,0.90246993,0.90246993,0.7230192,7.142857551574707,0.08132654,False,False,False,False,0.12909126,-0.053402424,-1.9168556,-3.1384273,-2.182005,0.1658592,0.17945074,0.90247095
0.18212801,0.63409424,0.63409424,0.45196623,7.142857551574707,0.14778857,False,False,False,False,-2.390535,-0.6991763,1.6706042,-3.4787211,-0.06365347,0.15949005,0.18212801,0.6340943
0.07534957,0.9242507,0.9242507,0.84890115,2.857142925262451,0.24268106,False,True,False,True,-1.4738872,-3.338833,-1.6678002,0.39404297,-0.8157091,0.26875803,0.07534957,0.9242507
0.12929124,0.67763495,0.67763495,0.5483437,27.142858505249023,0.060523864,False,False,False,False,-1.9309335,-2.8089242,-1.5612292,-4.5226417,1.7194834,0.10125597,0.12929124,0.67763495
0.13746843,0.6920649,0.6920649,0.5545964,1.4285714626312256,0.31663242,False,True,False,True,0.41571927,-1.4650619,-1.5331819,0.6942234,-2.990331,0.29725382,0.13746843,0.6920649
0.17694122,0.68162215,0.68162215,0.50468093,1.4285714626312256,0.2391142,False,True,False,True,1.2036672,-0.31136656,0.2605269,-3.059597,1.358624,0.41636068,0.17694122,0.68162215
0.25833523,0.7411958,0.7411958,0.48286057,7.142857551574707,0.050705776,False,False,False,False,-0.39460015,-0.217412,0.21688914,-2.5911953,-2.6166382,0.15442641,0.25833523,0.74119663
0.2720736,0.9069768,0.9069768,0.6349032,5.714285850524902,0.111774735,False,False,False,False,-0.6664827,-1.2212787,-1.3158541,-2.2026582,-1.203136,0.3927247,0.2720736,0.90697694
0.05167775,0.8571279,0.8571279,0.80545014,4.285714149475098,0.11433158,False,False,False,False,1.3638892,-3.7874038,-0.7100334,-1.644752,-2.6233869,0.33603635,0.05167775,0.85712814
0.020086743,0.581695,0.581695,0.56160825,2.857142925262451,0.19083819,False,True,False,True,1.5233808,-3.7108982,1.6758847,-0.6001959,-2.149804,0.49036497,0.020086743,0.5816951
0.26380742,0.9424086,0.9424086,0.6786012,15.714285850524902,0.037275836,False,False,False,False,-1.7436142,-2.1012769,0.3591404,-2.8804119,-2.8696182,0.2490279,0.26380742,0.9424843
0.08805453,0.6843007,0.6843007,0.5962462,8.571428298950195,0.1535955,False,False,False,False,0.7514801,-1.7096221,0.4969492,-4.312729,0.5123489,0.051071946,0.08805453,0.6843007
0.19154283,0.7334427,0.7334427,0.5418999,4.285714149475098,0.088800594,False,False,False,False,1.3358307,-2.0583012,-0.9110186,-1.475874,-2.5744257,0.21542957,0.19154283,0.7334429
0.12571335,0.8794966,0.8794966,0.7537832,4.285714149475098,0.43922886,False,True,False,True,-0.76254916,-0.77764964,-1.5192561,-3.5147767,1.9199286,0.3197725,0.12571335,0.8794966
0.2373001,0.5461287,0.5461287,0.3088286,8.571428298950195,0.034822073,False,False,False,False,1.0039611,-2.3342023,-0.8330827,-2.490373,0.4077711,0.24627584,0.2373001,0.5461287
0.09001385,0.8217211,0.8217211,0.7317072,5.714285850524902,0.26682973,False,False,False,False,-1.7265792,-0.47532058,0.26237798,-1.395885,0.32223845,0.22183402,0.09001385,0.8217211
0.12731968,0.6083181,0.60831803,0.4809984,5.714285850524902,0.06030736,False,False,False,False,-1.1625774,-2.8261957,0.26423526,-1.2743559,-0.725729,0.122833565,0.12731968,0.6083181
0.0016595722,0.7354646,0.7354646,0.733805,2.857142925262451,0.18571743,False,False,False,False,0.81579185,-3.3251994,1.5946724,-0.80513525,-2.6407926,0.4419727,0.0016595722,0.7354647
0.27450344,0.90082425,0.9008238,0.62632084,30.0,0.019634286,False,False,False,False,-2.0608928,-3.7205505,0.19815993,-3.4545763,1.3070893,0.098125294,0.27450344,0.90082425
0.13153088,0.71146584,0.71146584,0.57993495,14.285715103149414,0.08909525,False,False,False,False,1.6896496,-2.5856643,-1.22591,-3.9930952,1.5789261,0.16309045,0.13153088,0.71146584
0.08303667,0.71563685,0.71563685,0.6326002,18.571428298950195,0.12877047,False,False,False,False,-0.06990576,-3.6411586,1.6126785,-4.2198153,1.9588985,0.18696104,0.08303667,0.71563685
0.29677895,0.8181376,0.8181376,0.5213586,1.4285714626312256,0.21045451,False,True,False,True,0.23989034,-2.3705695,-1.9960968,0.11015129,1.9762206,0.38851896,0.29677895,0.8181376
0.088112414,0.74029016,0.74029016,0.65217775,28.571430206298828,0.03229475,False,False,False,False,-0.69589925,-3.5929906,-1.7480099,-4.0654907,-1.1343076,0.40601906,0.088112414,0.74029016
0.13520604,0.75443375,0.75443375,0.6192277,1.4285714626312256,0.29333213,False,True,False,True,-0.5352826,-3.3073578,-0.05414033,0.8966608,1.4981365,0.4463643,0.13520604,0.75443375
0.2763908,0.7914943,0.7914943,0.5151035,1.4285714626312256,0.30107993,False,True,False,True,0.8667166,-2.6652532,-0.81054235,0.56676626,-0.35727167,0.123078495,0.2763908,0.7914943
0.27000904,0.8662802,0.8662798,0.59627116,1.4285714626312256,0.24038467,False,True,False,True,0.83764386,-3.7370203,0.37114334,-0.1650486,-0.8606627,0.14710897,0.27000904,0.86628026
0.20727722,0.81669885,0.81669885,0.6094216,2.857142925262451,0.18608911,False,True,False,True,0.2120142,-1.5270061,0.0441432,-0.27959967,-1.0465195,0.14255492,0.20727722,0.8166989
0.0101910895,0.843549,0.84354895,0.83335793,7.142857551574707,0.072254665,False,False,False,False,0.45187163,-2.2221422,-0.26540875,-2.238437,0.15920687,0.102344304,0.0101910895,0.843549
0.18713629,0.7276223,0.7276223,0.540486,8.571428298950195,0.08062808,False,False,False,False,-1.8687593,-2.1682456,0.5544572,-1.5792217,1.1116552,0.30449378,0.18713629,0.7276223
0.090195864,0.90239453,0.90239453,0.81219864,8.571428298950195,0.105859056,False,False,False,False,-0.13097548,-1.2666485,1.364429,-4.842536,-1.5414078,0.07309886,0.090195864,0.9023949
0.18765248,0.94860315,0.94860315,0.7609507,32.85714340209961,0.08278416,False,False,False,False,-2.8687549,-3.7920363,1.158046,-3.7716112,1.3271651,0.34510756,0.18765248,0.94860315
0.089791454,0.72292405,0.72292405,0.6331326,8.571428298950195,0.24172221,False,False,False,False,-2.815738,-0.5354097,0.64859533,-4.010329,0.10827994,0.2122926,0.089791454,0.7229241
0.15991057,0.91710526,0.9171044,0.7571947,8.571428298950195,0.072337195,False,False,False,False,-1.6786625,-0.25112653,1.7214043,-2.320033,-2.7169418,0.2612355,0.15991057,0.91710526
0.14882208,0.82741976,0.82741976,0.6785977,11.428571701049805,0.05466343,False,False,False,False,-0.41956472,-1.417908,0.5306704,-3.7022047,-2.0507169,0.07390173,0.14882208,0.8274324
0.1294366,0.99223745,0.99223745,0.86280084,4.285714149475098,0.34142715,False,False,False,False,-0.67776203,-0.05866766,-0.38152504,-3.957581,-0.08333039,0.2116375,0.1294366,0.99223745
0.15496305,0.8061935,0.8061935,0.65123045,4.285714149475098,0.274837,False,True,False,True,-0.5717311,-0.25291657,0.26709104,-3.1160655,1.3328981,0.14683351,0.15496305,0.8061935
0.21011956,0.9003149,0.9003149,0.6901954,12.85714340209961,0.03789461,False,False,False,False,0.6220856,-3.845319,0.09811139,-2.7767591,1.1209159,0.35069987,0.21011956,0.9003149
0.090580866,0.76428723,0.76428723,0.67370635,12.85714340209961,0.06165482,False,False,False,False,-1.0597025,-2.128139,1.6045072,-4.4179673,-2.2280493,0.2914599,0.090580866,0.76431775
0.08422832,0.86253166,0.86253166,0.7783033,10.0,0.16173586,False,False,False,False,1.7084002,-2.2318473,-1.7052691,-3.3637328,1.795917,0.22556989,0.08422832,0.86253166
0.09942692,0.6683882,0.6683882,0.56896126,2.857142925262451,0.14888965,False,True,False,True,-0.19050932,-3.763359,1.6655734,-0.31062555,1.6729627,0.37345985,0.09942692,0.6683882
0.14260517,0.629812,0.629812,0.48720682,12.85714340209961,0.053720616,False,False,False,False,0.71155524,-2.3877077,0.392107,-4.9069643,-1.7358057,0.3585757,0.14260517,0.62981236
0.060279146,0.5675422,0.5675422,0.50726306,7.142857551574707,0.23308857,False,False,False,False,-2.6806688,-0.72888017,-0.40211773,-4.947599,1.9119611,0.384491,0.060279146,0.5675422
0.071859956,0.5382512,0.5382512,0.46639127,1.4285714626312256,0.20327933,False,True,False,True,1.915782,-1.9916494,-1.2028449,-0.2736597,-1.0207477,0.29041317,0.071859956,0.5382513
0.20928304,0.5283578,0.5283578,0.31907475,2.857142925262451,0.09282881,False,True,False,True,-2.1603067,-2.219606,-1.4478953,0.9568262,-0.4729421,0.18886283,0.20928304,0.5283578
0.0011351645,0.82901263,0.82901263,0.82787746,4.285714149475098,0.13085869,False,False,False,False,-1.7787304,-1.2487979,-1.6993253,-0.50479126,-0.28986216,0.08739337,0.0011351645,0.82901263
0.18839654,0.79420507,0.79420507,0.6058085,12.85714340209961,0.081573114,False,False,False,False,0.68167067,-2.3998127,-1.7685108,-3.7290392,-0.23429155,0.28318572,0.18839654,0.79420507
0.09880278,0.72234964,0.72234964,0.62354684,1.4285714626312256,0.22070856,False,True,False,True,-0.6310408,-0.94454694,1.9400272,0.49844122,1.7716899,0.19906175,0.09880278,0.72234964
0.10967163,0.71617365,0.71617365,0.606502,10.0,0.055078696,False,False,False,False,0.23889709,-1.1904426,-0.17827225,-3.9377787,-2.38625,0.4916117,0.10967163,0.7162078
0.2688239,0.6212458,0.6212458,0.3524219,5.714285850524902,0.04426047,False,False,False,False,-2.0321505,-2.9915197,0.43927932,-0.73644066,-1.4883088,0.19218373,0.2688239,0.62124586
0.24373333,0.62608725,0.62608725,0.3823539,8.571428298950195,0.04997654,False,False,False,False,-2.365212,-2.3120313,1.9030883,-1.3472333,-0.154567,0.24698469,0.24373333,0.6260873
0.2287812,0.5544705,0.5544705,0.3256893,4.285714149475098,0.047758706,False,False,False,False,1.1950274,-1.5275118,0.22236633,-1.5870008,-2.041813,0.44210902,0.2287812,0.55447066
0.014504636,0.8599719,0.8599719,0.84546727,18.571428298950195,0.23729655,False,False,False,False,-2.8277042,-2.5148582,1.3287044,-3.476995,1.8170924,0.16187544,0.014504636,0.8599719
0.21448153,0.72166866,0.72166866,0.5071871,12.85714340209961,0.025524212,False,False,False,False,-2.01086,-2.3152766,-0.6238079,-2.2383776,-2.6784327,0.06862971,0.21448153,0.7216711
0.027799042,0.7196857,0.7196857,0.6918866,7.142857551574707,0.07697725,False,False,False,False,-2.0080762,-2.0509493,-1.825465,-1.2036729,0.6872575,0.49320874,0.027799042,0.7196857
0.046587575,0.9284041,0.9284041,0.8818165,2.857142925262451,0.3035865,False,True,False,True,0.8567374,-0.1670785,-1.4229441,-0.7251129,0.5321603,0.41064593,0.046587575,0.9284041
0.13282116,0.8298093,0.8298093,0.69698817,2.857142925262451,0.20385507,False,True,False,True,-1.5889091,-3.2310975,0.39711428,0.54142046,-2.1555538,0.3951293,0.13282116,0.8298093
0.17493747,0.6157577,0.6157577,0.44082022,8.571428298950195,0.06429752,False,False,False,False,1.4501762,-1.4569595,-1.6603129,-2.9032278,-0.0038070679,0.085192166,0.17493747,0.61575776
0.25322825,0.55723023,0.55723023,0.304002,10.0,0.0647983,False,False,False,False,-0.996943,-1.284518,-1.6096394,-3.926043,0.6402607,0.052465864,0.25322825,0.55723023
0.27865645,0.5618626,0.5618626,0.28320614,5.714285850524902,0.1049596,False,False,False,False,-0.5402546,-1.5894325,0.7891848,-3.862003,-0.16356778,0.37188214,0.27865645,0.56186265
0.045037776,0.6423981,0.6423981,0.5973604,20.0,0.029873405,False,False,False,False,-1.7429299,-1.4173675,-0.06420541,-4.0244813,-2.604127,0.075215906,0.045037776,0.64355785
0.14815086,0.86685836,0.8668583,0.7187075,5.714285850524902,0.11036409,False,False,False,False,-2.2359986,-3.7544942,0.15611792,-0.2406311,-1.6787174,0.2974995,0.14815086,0.86685836
0.15139826,0.66745096,0.66745096,0.5160527,4.285714149475098,0.093126476,False,False,False,False,-2.233767,-1.9050469,1.86679,0.14175558,-2.9777918,0.2411286,0.15139826,0.66745096
0.05793148,0.77228296,0.77228284,0.7143515,20.0,0.06465553,False,False,False,False,-2.142465,-3.3916526,1.3289347,-2.9712393,-0.66088533,0.34102193,0.05793148,0.77228296
0.18979585,0.75755394,0.75755394,0.5677581,7.142857551574707,0.055648115,False,False,False,False,0.9870312,-3.1693764,0.5818746,-2.1024683,0.8745899,0.42450804,0.18979585,0.75755394
0.11479079,0.799697,0.799697,0.6849062,15.714285850524902,0.039523765,False,False,False,False,-2.6520767,-1.2036915,1.219332,-3.089676,-2.9823565,0.4573321,0.11479079,0.8000181
0.22318979,0.7743906,0.7743906,0.5512008,2.857142925262451,0.16128097,False,True,False,True,-1.202771,-0.72454166,1.9505587,-0.11948395,-1.2956094,0.43267775,0.22318979,0.7743906
0.19792792,0.80908537,0.80908537,0.6111574,5.714285850524902,0.09512936,False,False,False,False,-2.513702,-2.8587863,-1.9787734,0.006500721,1.9712272,0.40606564,0.19792792,0.80908537
0.19106102,0.57607883,0.57607883,0.3850178,20.0,0.037868183,False,False,False,False,1.9066072,-3.013958,-0.67145085,-4.693635,-0.7475591,0.290434,0.19106102,0.57607895
0.011820209,0.5760433,0.5760433,0.5642231,5.714285850524902,0.062715545,False,False,False,False,-0.7892983,-3.648002,-1.6268795,-1.608969,-2.9403808,0.3349126,0.011820209,0.57604355
0.22673626,0.8294433,0.8294433,0.602707,2.857142925262451,0.18028502,False,True,False,True,-1.0187402,-3.9085627,1.6152647,0.45806885,-1.8058224,0.322133,0.22673626,0.8294433
0.1005987,0.6585612,0.6585612,0.55796254,27.142858505249023,0.05277431,False,False,False,False,-0.83488965,-3.8864224,1.4542778,-4.6312904,-0.96299934,0.2889571,0.1005987,0.65856135
0.157101,0.63767946,0.63767946,0.48057845,4.285714149475098,0.09090853,False,False,False,False,-2.660676,-1.8898015,-0.22709012,0.61540747,-1.3230529,0.4489059,0.157101,0.63767946
0.17357753,0.84055316,0.84055316,0.6669756,8.571428298950195,0.1465911,False,False,False,False,-1.0945466,-2.2269623,0.020716429,-2.494258,0.24193263,0.46029112,0.17357753,0.84055316
0.20132871,0.73867214,0.73867214,0.53734344,1.4285714626312256,0.19061776,False,True,False,True,1.0438008,-1.5688963,0.9219415,-0.42634773,1.840033,0.06965289,0.20132871,0.73867214
0.25343245,0.7936935,0.7936935,0.54026103,1.4285714626312256,0.18988222,False,True,False,True,-0.9489758,-2.771084,1.2024012,0.74436235,-2.5402246,0.396563,0.25343245,0.7936935
0.18755089,0.7365117,0.7365116,0.5489608,4.285714149475098,0.15621437,False,False,False,False,-0.47055054,-0.46094823,0.059297085,-2.748273,-0.6846113,0.34718788,0.18755089,0.7365117
0.13630849,0.9415078,0.9415078,0.8051993,4.285714149475098,0.14696115,False,False,False,False,0.28916645,-1.4613585,-1.6201179,-1.2524698,1.0296106,0.30080342,0.13630849,0.9415078
0.0046966374,0.7417791,0.7417791,0.7370825,4.285714149475098,0.13755928,False,False,False,False,-2.684203,-2.912873,-0.90398145,0.5921564,-2.9180543,0.29731497,0.0046966374,0.7417791
0.22800961,0.74950314,0.74950314,0.52149355,5.714285850524902,0.062909596,False,False,False,False,0.43184352,-2.467709,1.9414706,-1.9904499,-1.7745752,0.3330198,0.22800961,0.7495033
0.19281964,0.55387217,0.55387217,0.3610525,1.4285714626312256,0.15178718,False,True,False,True,1.6386847,-3.2658322,0.85335684,-0.29649305,0.74172807,0.27491745,0.19281964,0.55387217
0.08129506,0.55374074,0.55374074,0.47244567,4.285714149475098,0.082860775,False,False,False,False,-2.4618893,-2.124313,-0.25066614,0.22757721,1.3153172,0.42756072,0.08129506,0.55374074
0.09088683,0.59260195,0.59260195,0.5017151,24.285715103149414,0.035951186,False,False,False,False,-2.8449972,-1.2761784,-1.8021646,-4.9947753,-1.7634504,0.085031636,0.09088683,0.59261334
0.10608268,0.57129323,0.57129323,0.46521056,2.857142925262451,0.12672277,False,True,False,True,-1.7825868,-0.09855127,-0.37689352,0.488616,-0.44453144,0.2460664,0.10608268,0.57129323
0.04962743,0.5534866,0.5534866,0.50385916,7.142857551574707,0.19727847,False,False,False,False,-2.5086198,-0.6151564,-0.6163192,-4.924939,1.7943239,0.27917364,0.04962743,0.5534866
0.110767245,0.5151513,0.5151513,0.40438408,5.714285850524902,0.062632605,False,False,False,False,-2.5994627,-3.7537103,1.8098426,0.06848049,-0.29552484,0.08323828,0.110767245,0.5151513
0.18285894,0.71869373,0.71869373,0.5358348,8.571428298950195,0.10560272,False,False,False,False,0.36155033,-2.5310392,-0.427989,-2.9360404,0.6721287,0.39679012,0.18285894,0.71869373
0.06591032,0.7516783,0.7516783,0.68576795,1.4285714626312256,0.30117777,False,True,False,True,-0.74706006,-2.0349474,-1.4893281,0.9273095,-1.5782063,0.40590653,0.06591032,0.7516783
0.23598349,0.99297523,0.99297506,0.75699174,30.0,0.05947999,False,False,False,False,0.35581827,-3.836361,0.91739964,-4.2963343,-0.15113425,0.23038265,0.23598349,0.99297523
0.08498587,0.91957855,0.9195784,0.8345927,2.857142925262451,0.17904088,False,False,False,False,0.063414335,-2.0571082,-0.99088955,-0.88149166,-1.7033063,0.36794007,0.08498587,0.91957855
0.11102817,0.84113914,0.8411391,0.73011094,2.857142925262451,0.24393609,False,True,False,True,1.4175901,-0.77363014,0.020034075,-0.60876894,-2.7780814,0.45746893,0.11102817,0.84113914
0.22566752,0.7751966,0.7751966,0.5495291,2.857142925262451,0.14905941,False,True,False,True,-0.9233465,-2.6715739,-0.9392109,-0.06493139,-1.8601232,0.23532227,0.22566752,0.7751967
0.25737235,0.64637566,0.64637566,0.3890033,4.285714149475098,0.084321775,False,False,False,False,-2.6034985,-3.9887495,-0.97234607,0.7669492,-2.2775645,0.39900544,0.25737235,0.64637566
0.212976,0.6711257,0.6711257,0.45814973,12.85714340209961,0.022962388,False,False,False,False,-1.6040169,-3.4388726,0.31196332,-2.4193897,-0.3785379,0.37259614,0.212976,0.67112577
0.13461447,0.7180135,0.7180135,0.58339906,4.285714149475098,0.089482516,False,False,False,False,-0.32829714,-1.5249071,0.0425725,-1.3996694,-1.5127244,0.45942658,0.13461447,0.71801364
0.13657115,0.83792186,0.8379213,0.7013507,20.0,0.023649987,False,False,False,False,-2.7437816,-3.4497364,0.06221342,-2.4639602,-1.7569497,0.3927764,0.13657115,0.83792204
0.11398738,0.7427939,0.7427939,0.62880653,10.0,0.040346008,False,False,False,False,1.6056657,-2.919494,-0.9843445,-2.6028414,-0.7117026,0.16246341,0.11398738,0.74279404
0.14387676,0.71719074,0.71719074,0.57331395,2.857142925262451,0.1698644,False,True,False,True,0.62140274,-0.14967418,1.4810176,-1.6824951,-0.657542,0.33263436,0.14387676,0.7171908
0.010358584,0.9174648,0.9174648,0.9071062,7.142857551574707,0.095815,False,False,False,False,0.35967588,-3.6272004,-1.7008734,-1.9878483,-1.2577453,0.16371018,0.010358584,0.917465
0.14815024,0.8351656,0.83516556,0.6870154,4.285714149475098,0.10651534,False,False,False,False,-0.59960985,-3.0745504,-0.8146882,-1.2112908,-2.3130872,0.28945085,0.14815024,0.8351657
0.09321188,0.79965734,0.79965734,0.70644546,1.4285714626312256,0.33674014,False,True,False,True,0.49173927,-3.3067586,0.86358166,0.26535416,-0.33905125,0.38962725,0.09321188,0.79965734
0.060954437,0.59851193,0.59851193,0.5375575,17.14285659790039,0.05225921,False,False,False,False,0.23049593,-2.9237645,1.2348349,-4.8364916,-1.4390903,0.14261276,0.060954437,0.5985122
0.211879,0.5541784,0.5541784,0.3422994,17.14285659790039,0.06219371,False,False,False,False,-2.855727,-1.6567664,-0.39563346,-4.5260324,-0.50102806,0.23751917,0.211879,0.5541785
0.0980382,0.9203862,0.9203862,0.822348,5.714285850524902,0.28428394,False,False,False,False,-1.2033134,-1.5883312,0.84777355,-1.7730503,0.17749548,0.49991766,0.0980382,0.9203862
0.15510209,0.94032073,0.94032073,0.78521866,1.4285714626312256,0.32973188,False,True,False,True,1.653471,-3.7692325,0.4837885,-0.30065155,-0.8899679,0.39917713,0.15510209,0.9403208
0.22965108,0.9058778,0.9058773,0.67622674,4.285714149475098,0.11822308,False,False,False,False,-0.44617128,-3.2804449,1.518877,-1.1077871,1.6269236,0.33085474,0.22965108,0.9058778
0.15948366,0.5520603,0.5520603,0.39257663,12.85714340209961,0.06643425,False,False,False,False,-0.079033375,-2.4649317,0.413069,-4.09175,-0.4145918,0.20268174,0.15948366,0.55206037
0.0384924,0.7009084,0.7009084,0.66241604,1.4285714626312256,0.30165836,False,True,False,True,1.0275569,-3.845225,0.85648274,-0.024318695,-2.7912397,0.47828978,0.0384924,0.7009084
0.08041061,0.99396145,0.99396133,0.91355085,10.0,0.14052612,False,False,False,False,0.7954948,-2.6342056,1.7823701,-3.3234582,-0.83471084,0.12792082,0.08041061,0.99396145
0.08743592,0.55104434,0.55104434,0.4636084,5.714285850524902,0.15279354,False,False,False,False,1.3801589,-1.8527389,0.16444492,-4.545786,1.3873692,0.24126609,0.08743592,0.55104434
0.16729937,0.8338935,0.833893,0.6665941,4.285714149475098,0.12180114,False,False,False,False,1.5554533,-1.051625,1.2046578,-1.6893637,-2.196426,0.36716777,0.16729937,0.83389366
0.117393695,0.72862077,0.72862077,0.6112271,4.285714149475098,0.08980829,False,False,False,False,-1.122521,-2.9438305,1.6418636,-0.99434996,-1.5146481,0.29509225,0.117393695,0.7286208
0.18058373,0.5845229,0.5845229,0.4039392,1.4285714626312256,0.18428467,False,True,False,True,0.9018984,-3.5918367,1.8100662,0.0191679,-0.49785185,0.18296733,0.18058373,0.5845229
0.26258707,0.77040625,0.77040625,0.5078192,11.428571701049805,0.11039553,False,False,False,False,1.123877,-3.0577214,0.38214946,-4.951493,0.6971867,0.4273134,0.26258707,0.77040625
0.09886242,0.6306259,0.6306259,0.5317635,1.4285714626312256,0.2015926,False,True,False,True,0.97609353,-1.3180778,1.3412321,-0.30707645,-2.6873202,0.2987197,0.09886242,0.63062596
0.12381165,0.52715135,0.52715135,0.40333968,1.4285714626312256,0.18091297,False,True,False,True,1.2499046,-2.2862487,0.31068635,-0.11111164,1.1828055,0.39507622,0.12381165,0.52715135
0.23675624,0.7147329,0.7147328,0.47797665,10.0,0.14776608,False,False,False,False,-2.899962,-1.371341,-0.023734331,-3.8954358,0.5918319,0.47923023,0.23675624,0.7147329
0.09050804,0.5405971,0.5405971,0.45008904,18.571428298950195,0.07504389,False,False,False,False,-0.16218734,-3.275729,0.9439857,-4.3248463,1.2259808,0.17223142,0.09050804,0.5405971
0.13499539,0.8340533,0.8340533,0.6990579,2.857142925262451,0.19696504,False,True,False,True,-1.1045518,-2.1934583,-0.9218619,0.1355462,0.9347596,0.07642314,0.13499539,0.8340533
0.016336478,0.9594501,0.9594501,0.9431136,5.714285850524902,0.11231497,False,False,False,False,1.911993,-2.4782255,1.22786,-2.1680686,-1.4588575,0.41269124,0.016336478,0.9594501
0.20507906,0.64771867,0.64771867,0.4426396,1.4285714626312256,0.30034912,False,True,False,True,1.9970717,-2.5460486,0.79004383,0.9916129,0.25371218,0.36299,0.20507906,0.64771867
0.22501466,0.75412077,0.75412077,0.52910614,11.428571701049805,0.09355448,False,False,False,False,0.110245705,-3.0659473,1.707828,-3.2855427,0.0715127,0.20982228,0.22501466,0.7541208
0.20795405,0.59964204,0.59964204,0.391688,2.857142925262451,0.09728585,False,False,False,False,0.8746331,-2.5415666,-1.1736233,-0.8498211,-1.9069531,0.09026811,0.20795405,0.59964216
0.2551188,0.8248569,0.8248569,0.5697381,15.714285850524902,0.043188717,False,False,False,False,-1.4396865,-2.4993906,0.14201498,-3.0390177,-1.3997548,0.21844883,0.2551188,0.8248569
0.27616656,0.8232727,0.8232727,0.54710615,5.714285850524902,0.06561777,False,False,False,False,-1.7035948,-3.3824604,0.046340466,-1.0389044,-0.552315,0.40671283,0.27616656,0.8232727
0.16167438,0.6522602,0.6522602,0.4905858,4.285714149475098,0.17913054,False,True,False,True,0.32449555,-0.8396728,-0.6851592,-1.4678555,1.5212111,0.16725558,0.16167438,0.6522602
0.2085697,0.88761604,0.88761604,0.67904633,7.142857551574707,0.22393271,False,False,False,False,-2.4223094,-0.94065785,1.5981085,-3.620706,0.43696737,0.34399486,0.2085697,0.88761604
0.17945352,0.642824,0.642824,0.46337047,4.285714149475098,0.17075956,False,True,False,True,1.8339782,-0.48199916,-1.7500207,-3.1760817,0.8277569,0.14655395,0.17945352,0.642824
0.19849333,0.671212,0.671212,0.4727187,1.4285714626312256,0.18189059,False,True,False,True,-0.003473997,-1.0241189,0.6286237,0.17930746,-0.80083776,0.39714602,0.19849333,0.671212
0.026098752,0.7701261,0.7701261,0.7440274,4.285714149475098,0.14898853,False,True,False,True,-2.2656658,-0.17024136,-0.5963032,0.2596755,1.0758414,0.26593962,0.026098752,0.7701261
0.17365478,0.77384925,0.77384925,0.60019445,2.857142925262451,0.15467608,False,True,False,True,-1.7085509,-1.4795699,-0.7949765,0.31225777,-2.7555902,0.21442898,0.17365478,0.77384925
0.061221674,0.6031636,0.6031636,0.54194194,1.4285714626312256,0.26518968,False,True,False,True,1.5538406,-2.6319287,-1.5965092,-0.013750076,0.19857502,0.42321718,0.061221674,0.6031636
0.2868655,0.65983975,0.65983975,0.37297425,11.428571701049805,0.07449541,False,False,False,False,-1.5098674,-1.8578053,0.6777184,-3.7239642,-0.73537755,0.23611245,0.2868655,0.65983987
0.21208999,0.65813434,0.65813434,0.44604436,27.142858505249023,0.033461418,False,False,False,False,1.9226761,-3.2266603,-0.82412267,-4.256429,1.3417506,0.12027232,0.21208999,0.65813434
0.1801036,0.9885239,0.9885239,0.8084203,4.285714149475098,0.14374043,False,False,False,False,1.9912734,-1.7178867,-1.7368336,-1.4836891,-0.19605184,0.05737814,0.1801036,0.98852396
0.27966875,0.8667916,0.8667916,0.58712286,4.285714149475098,0.10690154,False,False,False,False,0.21944046,-2.010636,-0.41460443,-1.2027795,-1.6137888,0.49657223,0.27966875,0.8667917
0.13918895,0.8295376,0.8295376,0.6903486,2.857142925262451,0.2123475,False,True,False,True,-1.4311965,-3.8779097,-1.1513457,0.91688395,-2.7946963,0.060167126,0.13918895,0.8295376
0.019796617,0.5246727,0.5246727,0.5048761,30.0,0.015599256,False,False,False,False,-2.9882305,-3.8568432,0.010873556,-3.0063024,1.2416997,0.33959997,0.019796617,0.5246727
0.18803853,0.64175653,0.64175653,0.453718,2.857142925262451,0.103663795,False,False,False,False,1.2168794,-2.3546422,-0.8749144,-1.0550575,-0.9913378,0.38260567,0.18803853,0.6417566
0.23170869,0.574153,0.574153,0.3424443,11.428571701049805,0.058768086,False,False,False,False,-2.5037236,-0.9173157,-1.2016215,-2.3318121,-0.15817928,0.14405745,0.23170869,0.57415307
0.053967442,0.81186277,0.81186277,0.75789535,5.714285850524902,0.25183767,False,False,False,False,0.114016056,-1.7860982,0.73382187,-4.9442515,-0.3555863,0.38468885,0.053967442,0.8118628
0.19294156,0.5088886,0.5088886,0.31594706,5.714285850524902,0.059529636,False,False,False,False,-0.49020433,-0.30330014,-0.42349362,-1.9795043,-1.5873435,0.21954808,0.19294156,0.5088888
0.15763122,0.5771264,0.5771264,0.41949517,1.4285714626312256,0.23105846,False,True,False,True,1.3965187,-0.56179786,0.8469913,0.24579239,-1.2782164,0.32624942,0.15763122,0.5771264
0.12718154,0.5229243,0.5229243,0.39574277,25.71428680419922,0.021538895,False,False,False,False,-1.4611142,-2.7100205,-0.49450684,-4.663816,-2.2582247,0.25363338,0.12718154,0.5230634
0.078840464,0.79585266,0.79585266,0.71701217,1.4285714626312256,0.34355682,False,True,False,True,0.03416848,-0.911011,1.6656275,0.52481127,-2.2469153,0.20289151,0.078840464,0.79585266
0.2511853,0.78308374,0.78308374,0.53189844,2.857142925262451,0.14367887,False,True,False,True,0.16992044,-1.5550272,1.1687407,-0.41726685,-1.8418672,0.42945844,0.2511853,0.7830838
0.20436652,0.74147326,0.74147326,0.53710675,8.571428298950195,0.045656912,False,False,False,False,-2.6750603,-3.226651,0.5573523,-0.9627733,1.8311253,0.3895144,0.20436652,0.74147326
0.21882759,0.69389874,0.69389874,0.47507113,10.0,0.086978905,False,False,False,False,1.2046747,-2.727972,0.81433487,-3.4288616,-0.523334,0.40797383,0.21882759,0.6938988
0.042622,0.917364,0.917364,0.87474203,2.857142925262451,0.24594083,False,True,False,True,-0.5316553,-3.1102664,0.9263971,0.018644333,0.36055565,0.057275973,0.042622,0.917364
0.2073778,0.8782207,0.8782207,0.6708429,8.571428298950195,0.07550797,False,False,False,False,-0.8579612,-0.77174234,1.4742141,-2.8787832,-1.9668047,0.06332138,0.2073778,0.87822104
0.053166375,0.5759562,0.5759562,0.52278984,8.571428298950195,0.0373338,False,False,False,False,-0.93341494,-3.9416504,-1.2882209,-2.1616416,0.64100814,0.19960642,0.053166375,0.5759562
0.0890902,0.7489569,0.7489569,0.6598667,11.428571701049805,0.044667248,False,False,False,False,1.7368236,-1.2757545,-1.6238334,-3.8527179,-2.6222374,0.30755344,0.0890902,0.74915373
0.079458475,0.74104124,0.74104124,0.66158277,41.42857360839844,0.02092856,False,False,False,False,-0.89549565,-3.7506838,-1.7872515,-4.326886,-1.5470262,0.30999532,0.079458475,0.7410888
0.19877906,0.60450125,0.60450125,0.4057222,1.4285714626312256,0.16250406,False,True,False,True,-0.799458,-0.17092013,-0.9117398,0.81860113,-2.4192166,0.087274656,0.19877906,0.60450125
0.28984806,0.8982041,0.8982041,0.608356,1.4285714626312256,0.38911003,False,True,False,True,0.7823105,-3.1064947,1.5749295,0.90487576,-0.33995104,0.32308698,0.28984806,0.8982041
0.057841573,0.6140615,0.6140615,0.5562199,4.285714149475098,0.092938356,False,False,False,False,-2.6824698,-2.064022,-1.8053551,0.2916603,-0.9579148,0.27343163,0.057841573,0.6140615
0.120674126,0.9843154,0.9843154,0.86364126,2.857142925262451,0.5237089,False,True,False,True,-0.17554855,-0.34985733,-1.0053058,-1.7165191,1.7630167,0.47664803,0.120674126,0.9843154
0.22999112,0.50094783,0.50094783,0.2709567,4.285714149475098,0.062116377,False,False,False,False,0.41042185,-0.17847419,0.059339285,-4.5424843,-1.1805098,0.34248435,0.22999112,0.500948
0.23259082,0.67579937,0.67579937,0.44320855,1.4285714626312256,0.29649898,False,True,False,True,1.444624,-3.7941515,1.1718411,0.95999813,0.11608529,0.23253545,0.23259082,0.67579937
0.002608806,0.69354814,0.69354814,0.6909393,4.285714149475098,0.12711984,False,False,False,False,-2.3518317,-3.4193754,0.9403639,0.29117203,-0.39876795,0.05684226,0.002608806,0.69354814
0.11874013,0.5307299,0.5307299,0.41198975,18.571428298950195,0.048686497,False,False,False,False,0.8495481,-3.3327904,0.5390816,-3.6397102,1.5340366,0.216043,0.11874013,0.5307299
0.12833108,0.8966489,0.8966489,0.7683178,7.142857551574707,0.087718986,False,False,False,False,-2.7392292,-1.8648305,0.32338238,-0.37919807,-2.6860728,0.31442463,0.12833108,0.89664894
0.12060265,0.81731987,0.81731987,0.6967172,4.285714149475098,0.11479358,False,False,False,False,-1.6367399,-1.4041462,0.8059392,-0.49298668,-1.357473,0.34740743,0.12060265,0.81731987
0.117189415,0.60766655,0.60766655,0.49047714,38.57143020629883,0.015004093,False,False,False,False,-2.0372577,-3.5892186,-1.6359727,-3.8858814,-1.5580692,0.3084917,0.117189415,0.60768104
0.16850865,0.763639,0.76363873,0.5951303,15.714285850524902,0.06409057,False,False,False,False,-0.47899866,-2.6315935,1.2328608,-4.470816,-1.4227717,0.13040759,0.16850865,0.763639
0.26369646,0.7785596,0.7785596,0.51486313,2.857142925262451,0.24059156,False,True,False,True,-0.64381504,-0.015607595,-0.7629676,-2.4311876,0.1458931,0.4627877,0.26369646,0.7785596
0.06963473,0.69473094,0.69473094,0.6250962,5.714285850524902,0.22414415,False,True,False,True,-1.4458166,-1.342963,1.2583709,-2.064024,0.8725841,0.45914474,0.06963473,0.69473094
0.1468006,0.94436014,0.94436014,0.7975595,10.0,0.25106156,False,False,False,False,-2.7507885,-1.5408933,1.4253805,-2.5825734,-0.101077795,0.34689513,0.1468006,0.9443602
0.13021043,0.9747782,0.9747782,0.8445678,37.14285659790039,0.0452485,False,False,False,False,-0.13569641,-3.9658914,-1.6515722,-4.9722958,-0.39695907,0.39662778,0.13021043,0.97477823
0.060380336,0.84311885,0.84311885,0.7827385,2.857142925262451,0.18775293,False,True,False,True,-0.94975734,-1.5910993,1.8034813,-0.48172474,-0.5797572,0.49172518,0.060380336,0.8431189
0.17983581,0.5686429,0.5686429,0.38880712,2.857142925262451,0.087229684,False,False,False,False,1.0788422,-3.2383833,-1.8786871,-1.0404136,-1.448472,0.16145563,0.17983581,0.568643
0.07828036,0.9882687,0.9882681,0.9099883,1.4285714626312256,0.55780697,False,True,False,True,1.7485094,-2.1795318,-0.64050484,0.50794363,0.19610381,0.31786752,0.07828036,0.9882687
0.050024524,0.50278646,0.50278646,0.45276195,4.285714149475098,0.10808958,False,True,False,True,-1.2614217,-0.33653975,-0.147017,-0.49508715,1.2578068,0.10748695,0.050024524,0.50278646
0.18702532,0.6978975,0.6978975,0.5108722,2.857142925262451,0.21998131,False,True,False,True,1.3031564,-0.28002858,-0.73093915,-3.4693377,-0.08152437,0.39613536,0.18702532,0.69789755
0.20575364,0.8466666,0.8466666,0.64091295,8.571428298950195,0.10134303,False,False,False,False,-2.090187,-0.28946424,-1.2952273,-4.898897,-1.4981813,0.3198668,0.20575364,0.8466668
0.1063774,0.50916773,0.50916773,0.40279034,24.285715103149414,0.015954573,False,False,False,False,-1.9482468,-2.7675798,-0.8893595,-3.4527783,-2.6056833,0.3210574,0.1063774,0.5093735
0.028602917,0.7285837,0.7285837,0.6999808,27.142858505249023,0.049171675,False,False,False,False,-1.9597931,-3.201092,-0.8627255,-3.8537126,-0.933548,0.35563162,0.028602917,0.7285838
0.17844583,0.9795331,0.9795324,0.80108726,21.428571701049805,0.031293936,False,False,False,False,-1.2194743,-3.0225165,-0.44409657,-3.2714937,-0.41963053,0.11258374,0.17844583,0.9795331
0.015956068,0.5255927,0.5255927,0.50963664,17.14285659790039,0.084379815,False,False,False,False,1.571528,-2.8967183,0.6164565,-4.8356123,1.6048584,0.05077293,0.015956068,0.5255927
0.0958078,0.6016763,0.6016763,0.5058685,11.428571701049805,0.033745572,False,False,False,False,-2.8216348,-1.7291403,-0.52886534,-1.2819576,-0.6546855,0.27016672,0.0958078,0.60167634
0.1121798,0.5833386,0.5833386,0.4711588,11.428571701049805,0.13734546,False,False,False,False,-2.593139,-0.99083257,-1.0311987,-2.6101365,0.714237,0.21927609,0.1121798,0.5833386
0.014579845,0.7555195,0.7555195,0.7409397,5.714285850524902,0.10135601,False,False,False,False,-2.6390014,-1.0400662,-0.45123625,-0.11358547,-0.33545876,0.2747142,0.014579845,0.7555195
0.25437227,0.79938656,0.79938656,0.54501426,7.142857551574707,0.04770193,False,False,False,False,-1.0649918,-3.1412687,-0.4628756,-1.8431637,-2.3837059,0.3124138,0.25437227,0.7993868
0.14572178,0.95117414,0.951174,0.80545235,5.714285850524902,0.16131617,False,False,False,False,1.8863821,-1.0667157,-1.5772979,-3.1808429,-1.1016073,0.3423071,0.14572178,0.95117414
0.15144849,0.51159877,0.51159877,0.36015028,22.85714340209961,0.027674986,False,False,False,False,-0.20958447,-3.266621,-0.73323154,-4.4958835,-1.1893239,0.3856228,0.15144849,0.51159894
0.107348144,0.64692134,0.64692134,0.5395732,14.285715103149414,0.052345093,False,False,False,False,-2.6632445,-1.2749078,-1.7554052,-4.3928595,-1.9905372,0.48945162,0.107348144,0.6469247
0.2460133,0.76297337,0.76297337,0.5169601,7.142857551574707,0.1530942,False,False,False,False,-2.1880322,-0.7205858,-0.3229375,-1.4214954,0.09722471,0.338456,0.2460133,0.76297337
0.055333633,0.50192153,0.50192153,0.4465879,11.428571701049805,0.0599616,False,False,False,False,-0.2414062,-2.1298802,-1.5541346,-2.686545,1.8793855,0.115537465,0.055333633,0.50192153
0.17568468,0.5375551,0.5375551,0.3618704,1.4285714626312256,0.17191896,False,True,False,True,-0.34840584,-3.8706448,-1.0243883,0.76432323,0.5354123,0.39487362,0.17568468,0.5375551
0.040656444,0.53664744,0.53664744,0.495991,5.714285850524902,0.062922865,False,False,False,False,-1.6632993,-3.619117,-1.2367177,-0.9783673,-1.1933854,0.49488422,0.040656444,0.5366475
0.10916337,0.6469155,0.6469155,0.53775215,2.857142925262451,0.12188786,False,False,False,False,1.9685059,-3.727712,1.7018626,-1.1921666,-2.7786283,0.47097033,0.10916337,0.6469157
0.2026419,0.6887897,0.6887897,0.48614782,40.0,0.04476704,False,False,False,False,-2.4502478,-3.6916919,0.4452958,-4.946781,0.5273149,0.21940042,0.2026419,0.6887897
0.054258194,0.5950208,0.5950208,0.5407626,10.0,0.04721417,False,False,False,False,0.3645463,-2.0546322,0.5878339,-3.220529,-2.219615,0.3036549,0.054258194,0.59502256
0.27187577,0.8703785,0.8703785,0.59850276,5.714285850524902,0.093001746,False,False,False,False,-2.90392,-2.6374955,-1.3363767,0.3362589,1.3016214,0.3283846,0.27187577,0.8703785
0.07827318,0.7470857,0.7470857,0.6688125,22.85714340209961,0.10759555,False,False,False,False,-2.8550563,-2.2001102,-0.32464457,-3.8214898,0.21202731,0.2047745,0.07827318,0.7470857
0.1439667,0.5431301,0.5431301,0.3991634,2.857142925262451,0.11088735,False,True,False,True,-2.1621754,-0.34469724,1.2655611,0.8397808,-0.94280005,0.3484839,0.1439667,0.5431301
0.17457359,0.7302431,0.7302431,0.5556695,21.428571701049805,0.01812677,False,False,False,False,0.63104296,-3.396984,-0.72196245,-3.3434727,-2.938923,0.2830704,0.17457359,0.73141396
0.06196436,0.5850815,0.5850815,0.5231172,11.428571701049805,0.045388673,False,False,False,False,1.3386335,-1.904105,-0.36429667,-3.6363287,-1.984763,0.2430116,0.06196436,0.58508176
0.2157014,0.63399744,0.63399744,0.41829604,2.857142925262451,0.107509464,False,True,False,True,-0.83065605,-2.3531318,-1.2208455,-0.24713087,1.6201925,0.12158865,0.2157014,0.63399744
0.074889906,0.6179725,0.6179725,0.5430826,2.857142925262451,0.34528866,False,True,False,True,-0.75958514,-0.13299108,0.25591993,-4.860421,1.7982221,0.26548037,0.074889906,0.6179725
0.0529717,0.9587634,0.9587634,0.9057917,1.4285714626312256,0.4432646,False,True,False,True,1.6438322,-1.9662454,1.1046698,-0.028315544,-1.4703288,0.29409748,0.0529717,0.9587634
0.22772397,0.7400211,0.7400211,0.51229715,4.285714149475098,0.094673164,False,False,False,False,-1.8219855,-0.6715596,0.50673795,-0.1493969,-2.2614245,0.26800275,0.22772397,0.74002117
0.28931737,0.70054597,0.70054597,0.4112286,4.285714149475098,0.14172904,False,True,False,True,-0.535871,-1.0253906,-1.4948037,-2.6014667,0.6387296,0.38535097,0.28931737,0.70054597
0.21102194,0.8875115,0.8875115,0.67648953,15.714285850524902,0.0904571,False,False,False,False,0.092347145,-2.9840536,-0.33566928,-3.506051,1.352674,0.27637058,0.21102194,0.8875115
0.023920747,0.9829209,0.9829209,0.9590001,8.571428298950195,0.25898242,False,False,False,False,-0.034129143,-1.7871623,-0.14638305,-4.5412245,-0.097206354,0.22515255,0.023920747,0.98292094
0.085204035,0.60534465,0.60534465,0.52014065,27.142858505249023,0.047020238,False,False,False,False,-0.766521,-2.9981735,-1.9470344,-4.7631397,0.45200825,0.1722865,0.085204035,0.60534465
0.12135634,0.9894422,0.9894422,0.86808586,1.4285714626312256,0.50435376,False,True,False,True,1.5180173,-2.4807773,1.2963643,0.38164282,-2.4382544,0.44286013,0.12135634,0.9894422
0.025781233,0.67067343,0.67067343,0.6448922,2.857142925262451,0.14406185,False,False,False,False,0.7769568,-3.9373655,0.37155747,-0.9454231,-1.4069312,0.44561985,0.025781233,0.6706735
0.1125019,0.89116615,0.89116615,0.77866423,10.0,0.05758303,False,False,False,False,1.8820744,-0.046705484,0.99908423,-3.7908387,-2.6510031,0.09205953,0.1125019,0.89162403
0.14824013,0.80187947,0.80187947,0.6536393,1.4285714626312256,0.30977628,False,True,False,True,0.29150057,-2.2428818,1.798701,0.35580397,-1.6684555,0.17756234,0.14824013,0.80187947
0.20757782,0.85292006,0.85292006,0.64534223,4.285714149475098,0.34584326,False,True,False,True,-0.5178969,-1.2278726,1.3798957,-2.5409365,0.72772956,0.30560124,0.20757782,0.85292006
0.25290525,0.85030985,0.85030985,0.5974046,17.14285659790039,0.10359523,False,False,False,False,-1.1682065,-2.8917198,0.8548701,-3.9207542,0.81250596,0.1306353,0.25290525,0.85030985
0.18012244,0.74503696,0.74503696,0.5649145,5.714285850524902,0.164539,False,False,False,False,-1.1124622,-0.8568127,-0.65865207,-1.360867,0.23605967,0.2979789,0.18012244,0.74503696
0.115149274,0.74287426,0.74287426,0.627725,4.285714149475098,0.16744815,False,True,False,True,-1.22224,-0.88418055,0.7888622,-0.8810148,1.187788,0.15727551,0.115149274,0.74287426
0.25275317,0.76131004,0.76131004,0.50855684,11.428571701049805,0.029678082,False,False,False,False,1.5174613,-3.5926216,-1.1471987,-2.7146,-2.635502,0.09723434,0.25275317,0.7616622
0.13147327,0.99398965,0.99398965,0.8625164,20.0,0.047996376,False,False,False,False,-2.5111916,-2.330238,-0.0657537,-3.0665483,-2.5911214,0.3974532,0.13147327,0.9940832
0.2858902,0.5921846,0.5921846,0.3062944,20.0,0.050975874,False,False,False,False,-2.414668,-3.097975,-0.103905916,-4.0891285,1.3219314,0.4489982,0.2858902,0.5921846
0.009900463,0.99889374,0.99889374,0.9889933,2.857142925262451,0.47907153,False,True,False,True,1.2787514,-0.6113334,-0.7957902,-1.6708086,0.6913018,0.43600768,0.009900463,0.99889374
0.07601002,0.89530796,0.89530796,0.8192979,11.428571701049805,0.0768466,False,False,False,False,-1.128555,-1.1851101,-1.242178,-4.30863,-2.193087,0.40760484,0.07601002,0.8953276
0.28830472,0.73641324,0.73641324,0.44810852,8.571428298950195,0.05217329,False,False,False,False,0.25578547,-1.2044466,-0.4448483,-2.9489698,-1.6697009,0.14923213,0.28830472,0.7364135
0.063604675,0.88736,0.88736,0.8237553,32.85714340209961,0.06550587,False,False,False,False,-1.5720887,-3.8608098,0.08700633,-4.977913,-0.5294385,0.41706672,0.063604675,0.88736
0.17147683,0.8858735,0.885873,0.71439666,4.285714149475098,0.1355805,False,False,False,False,-1.2974756,-3.5382206,-1.9808779,-0.5096617,-2.4127316,0.3848623,0.17147683,0.88587356
0.065769754,0.6975589,0.6975589,0.63178915,7.142857551574707,0.30267033,False,False,False,False,-2.379228,-0.25101185,-1.9920626,-4.277106,0.9992192,0.28264683,0.065769754,0.6975589
0.11024575,0.9775431,0.9775431,0.86729735,4.285714149475098,0.14230537,False,False,False,False,-2.7248373,-3.740618,-0.42909217,0.28855705,0.24661255,0.31742844,0.11024575,0.9775431
0.23634121,0.7819947,0.7819947,0.54565346,4.285714149475098,0.17361379,False,True,False,True,-0.4760568,-1.3246944,0.03178835,-1.5318623,0.33366776,0.44766065,0.23634121,0.7819947
0.027528638,0.7993864,0.7993864,0.77185774,2.857142925262451,0.14389977,False,False,False,False,0.4994998,-2.6014626,1.367075,-1.1578429,1.3867011,0.23986982,0.027528638,0.7993864
0.2824392,0.8781736,0.8781736,0.59573436,2.857142925262451,0.283231,False,True,False,True,0.51679325,-0.38395834,0.7751825,-0.891572,1.4895129,0.19767626,0.2824392,0.8781736
0.13714398,0.5974266,0.5974266,0.46028262,1.4285714626312256,0.1660374,False,True,False,True,1.1696138,-0.57361984,-1.6339748,-0.43742466,1.8283439,0.11693275,0.13714398,0.5974266
0.2341546,0.70465064,0.70465064,0.47049606,11.428571701049805,0.036866907,False,False,False,False,-1.1036768,-1.7019444,1.0698175,-2.8709474,-2.8673058,0.3964917,0.2341546,0.7046782
0.11304546,0.63715,0.63715,0.52410454,2.857142925262451,0.18915169,False,True,False,True,1.6401925,-0.45821023,-0.44081163,-1.884151,-0.059624195,0.23090924,0.11304546,0.63715005
0.25822833,0.9778234,0.9778234,0.7195951,7.142857551574707,0.36944082,False,False,False,False,-1.9217162,-1.0011733,-0.59388065,-3.4392152,1.7022371,0.31097388,0.25822833,0.9778234
0.13982354,0.8165594,0.8165594,0.6767358,7.142857551574707,0.14127012,False,False,False,False,-0.8521755,-1.7016721,1.8542783,-4.0641055,-1.2495683,0.30701718,0.13982354,0.81655955
0.03496474,0.8994397,0.8994397,0.86447495,1.4285714626312256,0.5271705,False,True,False,True,0.8145697,-2.822837,0.15572977,0.7141428,-1.9146328,0.12242141,0.03496474,0.8994397
0.17373003,0.78272545,0.78272545,0.60899544,22.85714340209961,0.12811355,False,False,False,False,-2.7930799,-2.972602,1.3507886,-3.7984424,1.5330362,0.16982058,0.17373003,0.78272545
0.14720482,0.57519805,0.57519805,0.42799324,2.857142925262451,0.25239396,False,True,False,True,-0.561321,-0.7543113,1.6986437,-3.873087,0.9020834,0.33511704,0.14720482,0.57519805
0.106899805,0.66948575,0.66948575,0.56258595,14.285715103149414,0.029764652,False,False,False,False,0.24159575,-0.54832506,-1.7166784,-4.7706623,-2.9577098,0.3269888,0.106899805,0.67234313
0.22923438,0.8076985,0.80769783,0.5784641,4.285714149475098,0.08150031,False,False,False,False,1.8278961,-2.510131,-1.2700949,-1.7301462,-1.8721535,0.20907626,0.22923438,0.8076985
0.042367354,0.5743016,0.5743016,0.53193426,4.285714149475098,0.30759838,False,True,False,True,-2.2155516,-0.095923424,1.3531253,-4.0450544,0.5889566,0.36745682,0.042367354,0.5743016
0.16915336,0.5505181,0.5505181,0.38136473,7.142857551574707,0.04682317,False,False,False,False,-2.5700603,-1.1091003,0.3484497,-0.7321434,-1.5980642,0.44418287,0.16915336,0.55051816
0.27937987,0.6067907,0.6067907,0.32741085,8.571428298950195,0.033767037,False,False,False,False,-1.129252,-0.979326,0.43976545,-2.4589474,-2.246642,0.1350346,0.27937987,0.606791
0.0153300585,0.87579024,0.8757898,0.86046016,11.428571701049805,0.11034709,False,False,False,False,1.271606,-2.6694314,0.01999116,-4.9213696,-1.3126605,0.46467036,0.0153300585,0.8757905
0.17042361,0.56616455,0.56616455,0.39574093,25.71428680419922,0.020488888,False,False,False,False,-2.603961,-1.7082946,-1.8132727,-4.3749027,-2.518244,0.19698119,0.17042361,0.566707
0.13617615,0.9711937,0.9711937,0.8350175,1.4285714626312256,0.44003952,False,True,False,True,0.13359046,-0.79542065,1.6303976,0.6563382,1.1459727,0.2087457,0.13617615,0.9711937
0.039980814,0.54609674,0.54609674,0.5061159,5.714285850524902,0.2672475,False,False,False,False,0.7436471,-2.5303853,1.5099981,-4.6217747,1.6396699,0.40088883,0.039980814,0.54609674
0.13127969,0.9501543,0.9501543,0.8188746,1.4285714626312256,0.405898,False,True,False,True,1.4550648,-0.026974678,0.17452621,-3.1722062,0.923532,0.37650734,0.13127969,0.9501543
0.19079144,0.71582216,0.71582204,0.52503073,7.142857551574707,0.07131132,False,False,False,False,1.1204362,-1.5013983,1.0384567,-4.810089,-1.6710217,0.29966414,0.19079144,0.71582234
0.15506221,0.6885151,0.6885151,0.5334529,2.857142925262451,0.10501972,False,False,False,False,0.44396853,-1.3907413,-1.848408,-1.0537453,-0.7032633,0.120167285,0.15506221,0.6885152
0.13110262,0.5861464,0.5861464,0.4550438,21.428571701049805,0.06379937,False,False,False,False,-1.8275999,-3.822474,1.6731255,-3.8218894,-0.164222,0.4552475,0.13110262,0.5861465
0.25170732,0.7174674,0.7174674,0.4657601,14.285715103149414,0.044045936,False,False,False,False,-2.9186442,-1.6676929,-1.0035243,-1.7812223,0.298553,0.21124975,0.25170732,0.7174674
0.25308827,0.62743914,0.6274391,0.37435088,24.285715103149414,0.039504923,False,False,False,False,-1.4977174,-3.3223956,0.6068034,-3.854765,0.025521278,0.24660277,0.25308827,0.62743914
0.23705591,0.8959837,0.8959835,0.6589278,5.714285850524902,0.08768958,False,False,False,False,-1.7315557,-2.2584693,-1.2215633,-0.8562679,-1.4157479,0.36731195,0.23705591,0.8959837
0.033790793,0.8135489,0.8135489,0.77975816,8.571428298950195,0.15293403,False,False,False,False,-0.95895314,-0.9085276,-1.059056,-4.989048,-0.7379248,0.11186,0.033790793,0.81354904
0.12697423,0.9402073,0.9402067,0.8132331,12.85714340209961,0.12852603,False,False,False,False,1.6363101,-2.7870667,-0.113135576,-4.1734834,-0.063056946,0.33914682,0.12697423,0.94020736
0.28800663,0.84901416,0.84901416,0.5610075,4.285714149475098,0.11782047,False,False,False,False,-2.5120687,-2.2683372,-1.1101408,0.63418007,1.6175361,0.49632213,0.28800663,0.84901416
0.18578918,0.5317945,0.5317945,0.34600532,25.71428680419922,0.054845683,False,False,False,False,-2.4142864,-3.3566318,0.47944665,-4.6784096,1.0827088,0.3728171,0.18578918,0.5317945
0.18510796,0.5832855,0.5832855,0.39817756,1.4285714626312256,0.1475045,False,True,False,True,1.3186197,-2.211671,-0.8392756,-0.43367052,-0.28873587,0.17491093,0.18510796,0.5832855
0.005659926,0.61969846,0.61969846,0.6140385,1.4285714626312256,0.2456141,False,True,False,True,1.823535,-0.24700546,0.92236376,-0.41291714,-2.9851427,0.14992532,0.005659926,0.6196985
0.12832505,0.6852278,0.6852278,0.55690277,5.714285850524902,0.09899292,False,False,False,False,-2.572685,-0.52785707,1.0790246,-0.23326063,-1.6098373,0.4464921,0.12832505,0.6852279
0.00063951017,0.7778314,0.7778314,0.7771919,1.4285714626312256,0.4941559,False,True,False,True,0.84608126,-0.6755371,-1.4374611,0.85608864,-0.7523236,0.33492655,0.00063951017,0.7778314
0.2573977,0.8243748,0.8243747,0.5669771,10.0,0.036238723,False,False,False,False,-1.7372905,-3.2522814,-0.83505225,-2.0139742,-1.212203,0.13086632,0.2573977,0.8243748
0.2156014,0.5740051,0.5740051,0.35840374,12.85714340209961,0.061117876,False,False,False,False,-2.8266113,-1.5804648,0.4912982,-1.8897634,0.10706401,0.25616202,0.2156014,0.5740051
0.084284306,0.96334356,0.96334344,0.87905926,4.285714149475098,0.14581208,False,False,False,False,-1.5659542,-0.50178766,-1.2390811,-0.52810574,1.8131809,0.06925759,0.084284306,0.96334356
0.25217715,0.7289093,0.7289093,0.47673216,4.285714149475098,0.09811427,False,False,False,False,-0.6511674,-1.6051729,0.28463912,-0.7637024,-1.5300791,0.30421,0.25217715,0.7289094
0.059257187,0.6346324,0.6346324,0.5753752,11.428571701049805,0.13925828,False,False,False,False,-2.7936404,-1.3086894,-0.51057196,-2.6329055,0.80383825,0.31443205,0.059257187,0.6346324
0.17960191,0.80660534,0.80660534,0.62700343,10.0,0.1677763,False,False,False,False,-0.88002396,-2.4941304,-0.42339945,-4.050527,1.3110657,0.3916899,0.17960191,0.80660534
0.009668005,0.8288471,0.82884693,0.8191791,4.285714149475098,0.15150137,False,False,False,False,-0.20732951,-0.50453186,0.4525621,-1.5430038,-1.8742775,0.35005808,0.009668005,0.8288471
0.29207864,0.827053,0.827053,0.53497434,22.85714340209961,0.106441,False,False,False,False,-2.6669734,-2.8277435,1.0558772,-3.7868361,1.4906831,0.15068291,0.29207864,0.827053
0.16473645,0.5349712,0.53497046,0.37023473,11.428571701049805,0.036733326,False,False,False,False,-1.5833853,-0.7802422,-1.7711854,-3.9004724,-2.0662746,0.30461898,0.16473645,0.5349732
0.2043014,0.67908454,0.67908454,0.47478312,5.714285850524902,0.056470677,False,False,False,False,1.9124017,-2.0019114,-1.0679934,-1.9283414,-1.5731333,0.3370757,0.2043014,0.6790847
0.1622171,0.7591882,0.75918806,0.5969711,7.142857551574707,0.10263678,False,False,False,False,-0.35425472,-0.80998397,-1.3008626,-2.668964,-0.8688116,0.12613711,0.1622171,0.7591882
0.0468909,0.62288857,0.6228885,0.57599765,5.714285850524902,0.073555365,False,False,False,False,-2.5193217,-1.5897262,1.9089329,-0.4043188,-1.8560951,0.4809575,0.0468909,0.62288857
0.05581289,0.7555208,0.7555208,0.6997079,1.4285714626312256,0.40148774,False,True,False,True,0.60273266,-0.4089172,1.9085722,0.5827732,-1.8766143,0.326486,0.05581289,0.7555208
0.13095826,0.5672195,0.5672195,0.43626124,8.571428298950195,0.036285277,False,False,False,False,1.5712624,-1.0152166,-1.8467476,-3.2911177,-2.6093526,0.38099107,0.13095826,0.5672443
0.10456095,0.779832,0.779832,0.67527103,2.857142925262451,0.20567316,False,True,False,True,-1.2988598,-1.3436713,0.1851592,0.81492186,-0.5331912,0.3457753,0.10456095,0.779832
0.09552627,0.7813769,0.7813769,0.6858506,12.85714340209961,0.04215935,False,False,False,False,-0.4104414,-0.2820375,0.83802104,-3.7096763,-2.7213936,0.060926247,0.09552627,0.7823163
0.20683742,0.86652726,0.8665268,0.65968984,1.4285714626312256,0.25232306,False,True,False,True,1.8519154,-2.1965091,0.78198147,-0.47532415,-2.415001,0.0888765,0.20683742,0.8665273
0.12619051,0.85405743,0.85405743,0.7278669,10.0,0.10350586,False,False,False,False,-1.664088,-1.6865838,-1.9582219,-1.9621859,0.112807035,0.27712974,0.12619051,0.85405743
0.26120302,0.6878035,0.6878035,0.4266005,14.285715103149414,0.024889454,False,False,False,False,-1.1871665,-0.5112126,-1.7226589,-3.7144904,-2.5870824,0.071509436,0.26120302,0.6881318
0.22711141,0.80131114,0.80131114,0.57419974,11.428571701049805,0.07860229,False,False,False,False,-2.4638171,-1.5851808,-1.5145116,-1.8449202,0.6884551,0.22742224,0.22711141,0.80131114
0.16289882,0.8149872,0.8149872,0.65208834,10.0,0.18177474,False,False,False,False,-2.5061007,-1.606364,1.2892828,-2.6954594,-0.26372695,0.30370417,0.16289882,0.8149872
0.10717187,0.7391258,0.7391258,0.6319539,8.571428298950195,0.13544744,False,False,False,False,-2.8936481,-0.48256946,0.8722899,-1.6295283,-0.045099735,0.09354472,0.10717187,0.73912585
0.16567993,0.91937363,0.91937363,0.7536937,14.285715103149414,0.038585614,False,False,False,False,0.09427309,-3.097118,0.21220875,-2.9310431,1.3196988,0.08186872,0.16567993,0.91937363
0.045435477,0.9582213,0.9582213,0.9127858,7.142857551574707,0.09466762,False,False,False,False,-2.4417052,-2.0573227,0.9241853,-0.7894244,-0.20599937,0.36595306,0.045435477,0.9582213
0.29796255,0.5395634,0.5395634,0.24160087,2.857142925262451,0.11393082,False,True,False,True,-0.444242,-0.70718503,0.4424398,-2.3337421,0.5708437,0.48859262,0.29796255,0.5395634
0.2537968,0.9153267,0.9153267,0.6615299,2.857142925262451,0.21309213,False,True,False,True,-0.3483765,-3.4367526,1.1652968,0.15368319,-2.2554939,0.26199597,0.2537968,0.9153267
0.23995815,0.58001924,0.5800192,0.34006107,7.142857551574707,0.12235024,False,False,False,False,-2.379674,-0.65713954,-0.354079,-4.5514164,-0.0020022392,0.37981898,0.23995815,0.58001924
0.2154907,0.7990959,0.7990959,0.58360523,28.571430206298828,0.06976896,False,False,False,False,-2.3107066,-3.3437824,1.1334245,-4.6219435,-0.5210812,0.20888132,0.2154907,0.799096
0.012412888,0.58960086,0.58960086,0.57718796,7.142857551574707,0.085254274,False,False,False,False,-1.7624389,-1.6506667,1.8405354,-1.5060692,-1.7388601,0.282533,0.012412888,0.589601
0.12913874,0.81306136,0.81306136,0.68392265,5.714285850524902,0.082588166,False,False,False,False,-0.96437,-3.2463033,1.69363,-1.4176693,1.4363565,0.22376548,0.12913874,0.81306136
0.100371234,0.560903,0.560903,0.46053177,2.857142925262451,0.13184877,False,True,False,True,-1.2433488,-2.6817458,-1.961951,0.26004028,1.7625728,0.05222248,0.100371234,0.560903
0.23191763,0.5490999,0.5490999,0.3171823,4.285714149475098,0.17154509,False,True,False,True,-1.5148138,-0.4773786,1.0698419,-2.2327762,0.56775427,0.34219417,0.23191763,0.5490999
0.15373309,0.78717595,0.78717595,0.6334429,17.14285659790039,0.024587432,False,False,False,False,0.27276802,-3.8941863,-1.315331,-3.1179624,-0.7435734,0.06266644,0.15373309,0.78991413
0.040469583,0.61172813,0.61172783,0.57125854,8.571428298950195,0.06786243,False,False,False,False,-1.4921652,-1.3512936,1.7476466,-2.512444,-1.8314464,0.075688615,0.040469583,0.61172813
0.09598398,0.6520952,0.6520952,0.5561112,8.571428298950195,0.05127969,False,False,False,False,-2.3481855,-2.7863007,1.1017697,-1.0612335,1.7533102,0.49839056,0.09598398,0.6520952
0.046639755,0.81869614,0.81869614,0.7720564,10.0,0.047627337,False,False,False,False,-0.15788746,-3.5925643,1.0878379,-2.5399337,-2.5933223,0.10512913,0.046639755,0.81871307
0.111326754,0.52421445,0.52421415,0.4128877,7.142857551574707,0.05818424,False,False,False,False,1.4164262,-0.41549468,-0.55070996,-3.742568,-1.6095872,0.121298134,0.111326754,0.52421445
0.26235357,0.99642843,0.9964283,0.73407483,1.4285714626312256,0.3294498,False,True,False,True,0.8362436,-3.8823905,-1.2441092,0.013300896,-2.370023,0.32878956,0.26235357,0.99642843
0.18364637,0.91762996,0.91762984,0.7339836,7.142857551574707,0.07218383,False,False,False,False,0.7649741,-2.536732,1.1428709,-2.099008,-1.2708504,0.2757328,0.18364637,0.91762996
0.0064664665,0.7904188,0.7904188,0.78395236,4.285714149475098,0.25485858,False,True,False,True,0.54941034,-1.0450191,0.29919505,-2.1509948,0.5497422,0.32911754,0.0064664665,0.7904188
0.21931112,0.98460793,0.98460793,0.7652968,7.142857551574707,0.075985454,False,False,False,False,-1.6102297,-3.0605958,0.7734606,-1.3865342,-0.07664156,0.16826372,0.21931112,0.98460793
0.21255186,0.68424386,0.68424386,0.471692,2.857142925262451,0.12605722,False,True,False,True,-0.19415712,-1.1779473,-1.7546561,-0.21651459,0.3684702,0.37636882,0.21255186,0.68424386
0.1697267,0.55495447,0.55495447,0.38522777,2.857142925262451,0.16132672,False,True,False,True,-0.6500628,-0.065464735,1.4634719,-4.1503654,1.4835591,0.4989271,0.1697267,0.55495447
0.16180843,0.92197293,0.92197245,0.7601645,8.571428298950195,0.22039378,False,False,False,False,-0.015398502,-2.4039216,1.4379737,-4.8823524,0.13975859,0.272361,0.16180843,0.921973
0.12200148,0.6513304,0.6513304,0.52932894,18.571428298950195,0.01859015,False,False,False,False,-0.45483828,-3.6101615,-1.1666749,-3.2012115,-0.23337412,0.3618275,0.12200148,0.6513305
0.16602404,0.82908183,0.82908183,0.6630578,8.571428298950195,0.052913498,False,False,False,False,0.59701586,-3.9446158,1.3975625,-2.3487415,1.239573,0.44501314,0.16602404,0.82908183
0.26719353,0.85291123,0.85291123,0.5857177,5.714285850524902,0.2435865,False,False,False,False,-1.9140162,-0.56703186,1.1705902,-2.4711766,0.47444296,0.26239702,0.26719353,0.85291123
0.24851806,0.9853554,0.9853554,0.7368373,2.857142925262451,0.19709483,False,False,False,False,1.3226175,-3.8179579,1.9486535,-0.88225603,0.71545506,0.32513657,0.24851806,0.9853554
0.2337118,0.7834703,0.7834703,0.5497585,12.85714340209961,0.03221583,False,False,False,False,-0.712976,-3.6410406,1.8365266,-2.6326745,-1.7056905,0.41350678,0.2337118,0.7834705
0.07149611,0.80219877,0.80219877,0.73070264,2.857142925262451,0.1975235,False,True,False,True,-0.6569307,-2.3826017,1.8338192,-0.17214584,0.9888396,0.4184776,0.07149611,0.80219877
0.16561049,0.74524045,0.74524045,0.57962996,21.428571701049805,0.026858065,False,False,False,False,-2.662724,-0.8380413,-1.9824154,-4.998213,-2.971205,0.4137502,0.16561049,0.7505685
0.1539466,0.9464266,0.9464264,0.79248,22.85714340209961,0.04971049,False,False,False,False,-0.10236311,-2.7569025,-0.60732675,-4.0207763,-1.1105423,0.13654928,0.1539466,0.9464266
0.27301142,0.7499064,0.7499064,0.476895,11.428571701049805,0.11531061,False,False,False,False,-2.5667305,-1.0164573,-1.487596,-3.242972,-0.011139154,0.31371513,0.27301142,0.7499065
0.15385325,0.58062917,0.58062917,0.42677593,28.571430206298828,0.018047806,False,False,False,False,-1.4521711,-2.8271365,0.05863595,-4.2494864,-2.460146,0.17873077,0.15385325,0.5811647
0.21054034,0.83111656,0.83111656,0.6205762,11.428571701049805,0.050285313,False,False,False,False,-1.927083,-0.57200956,1.8482378,-2.9397058,-2.644844,0.18885796,0.21054034,0.8311362
0.24002475,0.78467965,0.78467965,0.5446549,14.285715103149414,0.024725048,False,False,False,False,-1.2749993,-3.7614388,-0.60137606,-2.6707845,0.939657,0.16342925,0.24002475,0.78467965
0.003925395,0.5507245,0.5507245,0.5467991,11.428571701049805,0.035962265,False,False,False,False,-0.9189956,-3.78236,1.9745345,-2.5349505,1.0729961,0.1586146,0.003925395,0.5507245
0.2762143,0.7516091,0.7516091,0.4753948,2.857142925262451,0.13025138,False,True,False,True,-1.7812132,-2.6369364,-0.28242683,0.5020428,-2.8056462,0.38730127,0.2762143,0.7516091
0.07923439,0.5081965,0.5081964,0.42896208,5.714285850524902,0.055407744,False,False,False,False,-2.0591052,-1.9360316,0.47447777,-0.6726179,-1.2599229,0.19778644,0.07923439,0.5081965
0.040895984,0.9668218,0.9668218,0.9259258,7.142857551574707,0.09481516,False,False,False,False,0.37802196,-3.5120296,-0.96080303,-2.0308723,1.4272604,0.4750556,0.040895984,0.9668218
0.07093842,0.7547017,0.7547017,0.68376327,1.4285714626312256,0.40668646,False,True,False,True,1.7394524,-0.3843279,0.17412424,0.40943766,0.71466494,0.1135491,0.07093842,0.7547017
0.07351488,0.915462,0.915462,0.84194714,5.714285850524902,0.102126665,False,False,False,False,-2.271699,-2.6585639,1.6124833,-0.6032615,1.6771984,0.2767249,0.07351488,0.915462
0.28122643,0.84020543,0.84020543,0.55897903,2.857142925262451,0.12303544,False,False,False,False,-0.31569433,-1.6631925,-0.8473959,-0.7676873,-2.3463657,0.45454472,0.28122643,0.84020555
0.13465479,0.7710353,0.77103525,0.63638055,2.857142925262451,0.2365331,False,True,False,True,1.4468155,-0.7860637,-0.7638347,-4.602,-0.1710248,0.41627213,0.13465479,0.7710353
0.12468771,0.61713356,0.61713356,0.49244586,2.857142925262451,0.16220231,False,True,False,True,1.352983,-1.1742151,1.4951797,-1.5594878,-0.21976304,0.22118056,0.12468771,0.6171336
0.12222517,0.5725233,0.5725233,0.45029813,4.285714149475098,0.091475725,False,False,False,False,1.171442,-0.17590189,0.74222994,-1.9147587,-1.3252627,0.052850332,0.12222517,0.5725235
0.013432271,0.6316015,0.6316015,0.61816925,10.0,0.046913866,False,False,False,False,-2.3456554,-2.3960328,-0.39344192,-1.3948228,-2.312049,0.4366982,0.013432271,0.6316017
0.09100349,0.7150307,0.7150307,0.62402725,10.0,0.15265012,False,False,False,False,-1.4491295,-1.8766937,0.8267615,-2.7905958,-0.10982776,0.2217346,0.09100349,0.7150308
0.15473706,0.78450876,0.78450876,0.6297717,1.4285714626312256,0.26937985,False,True,False,True,0.0033545494,-3.942702,-1.3920865,0.3437538,0.63046217,0.26898405,0.15473706,0.78450876
0.13019447,0.9416038,0.9416038,0.8114093,38.57143020629883,0.026659666,False,False,False,False,0.08105564,-3.3654766,-0.5451751,-4.7533274,-2.4654644,0.23266505,0.13019447,0.9455365
0.119908966,0.5484067,0.5484067,0.42849776,2.857142925262451,0.11101387,False,True,False,True,-0.06938648,-2.3242915,-0.055408955,-0.32452297,-1.2573118,0.23293765,0.119908966,0.5484068
0.2945298,0.8437368,0.8437368,0.54920703,37.14285659790039,0.011087717,False,False,False,False,-0.8494067,-3.8488834,-1.075037,-3.9095416,1.3623147,0.067733556,0.2945298,0.8437369
0.0041566733,0.7312653,0.7312653,0.72710866,7.142857551574707,0.15620545,False,False,False,False,-2.1894832,-0.34302092,-0.44071913,-4.5409555,-0.84718037,0.38619727,0.0041566733,0.7312654
0.043492842,0.7470671,0.7470671,0.70357424,12.85714340209961,0.04701876,False,False,False,False,0.51720786,-2.7794507,0.18215561,-3.1757684,-2.1772447,0.45120665,0.043492842,0.74706906
0.12876391,0.54204017,0.54204017,0.41327626,11.428571701049805,0.12272295,False,False,False,False,0.33264947,-3.117696,0.9656832,-4.491377,1.8876276,0.37520576,0.12876391,0.54204017
0.13370933,0.95917517,0.95917517,0.82546586,10.0,0.056189723,False,False,False,False,-0.42290282,-1.2905815,-1.0862188,-2.3778088,-2.991441,0.05006684,0.13370933,0.95918643
0.24178714,0.90589964,0.90589964,0.6641125,8.571428298950195,0.10913133,False,False,False,False,-0.61766386,-1.3729761,-0.79943156,-2.97958,-0.77479625,0.16125534,0.24178714,0.90589976
0.06459146,0.7868439,0.7868439,0.7222524,14.285715103149414,0.11871043,False,False,False,False,-2.4435012,-1.3865616,-0.82621,-3.725132,-0.804996,0.20521347,0.06459146,0.786844
0.2884018,0.72715086,0.72715086,0.43874905,5.714285850524902,0.05502258,False,False,False,False,0.926934,-2.3086135,-0.13990235,-1.7742474,-1.5744462,0.39411756,0.2884018,0.727151
0.24187371,0.9451255,0.9451255,0.70325184,7.142857551574707,0.08633065,False,False,False,False,-0.330055,-0.38852763,1.638118,-4.2317,-1.6577564,0.054290947,0.24187371,0.9451258
0.15329887,0.7756375,0.7756375,0.62233865,7.142857551574707,0.19936773,False,False,False,False,-1.4099036,-1.358453,0.48446822,-4.5810733,0.49833393,0.38540328,0.15329887,0.7756375
0.23943067,0.6516621,0.6516621,0.41223145,2.857142925262451,0.22397216,False,True,False,True,0.08093572,-0.55918384,1.7671411,-1.568819,0.56564164,0.21613422,0.23943067,0.6516621
0.20105085,0.8518708,0.8518708,0.6508199,8.571428298950195,0.20177054,False,False,False,False,-2.5607228,-1.061651,0.7417731,-1.3396766,0.56367135,0.30177423,0.20105085,0.8518708
0.24167103,0.6162994,0.6162994,0.37462837,12.85714340209961,0.023024555,False,False,False,False,-1.8486159,-2.1071603,0.30140328,-2.4554687,-2.60196,0.29634333,0.24167103,0.61630034
0.15458277,0.6360679,0.6360679,0.48148516,8.571428298950195,0.039346635,False,False,False,False,1.9545217,-1.543886,0.85061336,-3.158436,-2.5450325,0.19126393,0.15458277,0.6360816
0.28876975,0.87014216,0.87014216,0.5813724,15.714285850524902,0.024771573,False,False,False,False,1.7264161,-3.2800672,-1.3470504,-3.064117,1.7428799,0.17211762,0.28876975,0.87014216
0.23599808,0.62789476,0.62789476,0.39189667,5.714285850524902,0.101159625,False,False,False,False,-0.87985754,-0.9655843,0.95081663,-3.5269759,-1.0146867,0.49294055,0.23599808,0.6278949
0.118339635,0.8419168,0.8419166,0.72357714,7.142857551574707,0.09334693,False,False,False,False,-1.1722224,-0.8790159,1.015331,-1.7621961,-2.108608,0.10904765,0.118339635,0.8419168
0.24429445,0.99875176,0.99875176,0.7544573,1.4285714626312256,0.34136954,False,True,False,True,-0.7665255,-3.672165,-0.49015903,0.9944973,-2.566298,0.10037856,0.24429445,0.99875176
0.27244905,0.6614978,0.6614978,0.38904873,4.285714149475098,0.08146166,False,False,False,False,-2.9049072,-3.808877,-0.62537146,0.9911046,-1.9188912,0.2942374,0.27244905,0.6614978
0.14006232,0.7102904,0.7102904,0.57022804,2.857142925262451,0.17304824,False,True,False,True,-1.2666636,-3.3424666,0.07679105,0.8001356,0.5222821,0.43315026,0.14006232,0.7102904
0.296246,0.7045419,0.7045417,0.40829593,7.142857551574707,0.07416252,False,False,False,False,-0.94663525,-0.85930634,-0.26225567,-4.5625873,-1.3778706,0.3630549,0.296246,0.7045419
0.20171924,0.9128701,0.91286963,0.7111509,8.571428298950195,0.065887325,False,False,False,False,-2.6766596,-3.4726357,-1.5736132,-0.79068947,1.3428221,0.3415403,0.20171924,0.9128701
0.052911777,0.81723565,0.8172352,0.7643239,2.857142925262451,0.3147887,False,True,False,True,1.209301,-0.80573535,1.1183996,-1.1882305,0.79040766,0.12061283,0.052911777,0.81723565
0.07104745,0.7877202,0.7877202,0.7166728,22.85714340209961,0.06024778,False,False,False,False,-0.11094475,-3.758244,-1.4569967,-4.388226,1.4855599,0.42210466,0.07104745,0.7877202
0.07501686,0.8985975,0.8985975,0.8235806,11.428571701049805,0.059810508,False,False,False,False,-1.0750182,-0.26134753,-1.8114696,-4.1886206,-2.581413,0.40594515,0.07501686,0.8989025
0.20090537,0.76785994,0.7678599,0.56695455,17.14285659790039,0.03985742,False,False,False,False,0.34508133,-2.977585,-0.53878045,-3.214048,0.6029358,0.18476775,0.20090537,0.76785994
0.06068382,0.5022981,0.5022981,0.4416143,5.714285850524902,0.053657915,False,False,False,False,-2.496516,-3.2572238,-1.3867476,-0.4280157,0.041703224,0.2693426,0.06068382,0.5022981
0.19675887,0.7268252,0.7268252,0.5300663,61.42856979370117,0.010096678,False,False,False,False,-1.3847159,-3.530685,-1.9893274,-4.861281,-2.132986,0.05626835,0.19675887,0.8435432
0.2220322,0.51289624,0.51289624,0.29086405,4.285714149475098,0.04673167,False,False,False,False,0.50766945,-3.9909897,1.2367189,-1.4151092,0.7783458,0.21970022,0.2220322,0.51289624
0.22859308,0.65539926,0.65539926,0.42680618,4.285714149475098,0.084181465,False,False,False,False,0.35151815,-0.4140725,0.8407309,-4.827839,-1.2018087,0.24705859,0.22859308,0.65539944
0.27383056,0.9600498,0.96004945,0.6862192,7.142857551574707,0.06265839,False,False,False,False,-0.14043331,-2.7021017,-0.31771684,-2.0597188,-1.9355412,0.11882897,0.27383056,0.9600498
0.19849646,0.7563225,0.75632226,0.55782604,5.714285850524902,0.08864279,False,False,False,False,-0.57568693,-0.268862,1.5411713,-3.8896446,-1.4933975,0.12045944,0.19849646,0.7563225
0.29457432,0.628445,0.628445,0.3338707,10.0,0.029442905,False,False,False,False,-0.8428426,-0.51506615,-0.7817409,-3.641873,-2.2771902,0.16053595,0.29457432,0.62845236
0.07216391,0.7176554,0.7176554,0.6454915,7.142857551574707,0.25338718,False,False,False,False,-1.1878831,-1.0985713,-1.5360658,-3.820876,1.3400207,0.18870282,0.07216391,0.7176554
0.20080273,0.6794609,0.6794609,0.47865814,8.571428298950195,0.1709664,False,False,False,False,-0.8562305,-1.6344929,0.7332425,-4.3131385,1.7719045,0.061080527,0.20080273,0.6794609
0.023187716,0.78012097,0.78012097,0.7569333,4.285714149475098,0.36612493,False,True,False,True,-1.5557389,-0.12915897,-1.9273064,-1.7951121,1.1019616,0.47614866,0.023187716,0.78012097
0.22380053,0.6945402,0.69454014,0.47073966,34.28571319580078,0.0111403,False,False,False,False,1.9734497,-3.959058,0.48850393,-3.8797128,-0.09415817,0.07146851,0.22380053,0.6945402
0.15498157,0.5565786,0.5565786,0.40159702,11.428571701049805,0.023244357,False,False,False,False,0.99410725,-2.030075,-0.28507924,-2.7283497,-2.789103,0.17942879,0.15498157,0.5565884
0.07776853,0.54073864,0.54073864,0.4629701,8.571428298950195,0.035149544,False,False,False,False,1.6940026,-3.3007317,-0.7791841,-2.4011865,-2.5251565,0.2732223,0.07776853,0.54074025
0.27089372,0.6168705,0.6168705,0.3459768,1.4285714626312256,0.13288835,False,True,False,True,-0.43867874,-0.22942328,0.49249864,0.47436857,-0.5244479,0.19646621,0.27089372,0.6168705
0.1318,0.6946455,0.6946455,0.5628455,12.85714340209961,0.18419687,False,False,False,False,-2.8127627,-1.5622745,0.9967494,-3.7932942,0.37991095,0.19517379,0.1318,0.6946455
0.02732683,0.5598115,0.5598115,0.53248465,14.285715103149414,0.027154967,False,False,False,False,-1.0347317,-3.6273265,0.49016714,-2.7891312,1.4115887,0.31255507,0.02732683,0.5598115
0.0761362,0.97669625,0.97669625,0.90056,10.0,0.18153495,False,False,False,False,-1.8029089,-1.0422456,-1.2912912,-3.3724189,-0.046126127,0.119007975,0.0761362,0.97669625
0.22497684,0.7117605,0.7117605,0.48678368,7.142857551574707,0.04695442,False,False,False,False,-1.8217342,-2.6663435,1.4304011,-1.3277476,1.4622488,0.07677727,0.22497684,0.7117605
0.2782825,0.9119263,0.9119263,0.63364387,4.285714149475098,0.1163249,False,False,False,False,-2.101616,-2.856593,-1.9345484,0.07532549,-0.97970295,0.0543775,0.2782825,0.9119263
0.18926837,0.72906363,0.72906363,0.5397953,1.4285714626312256,0.37572187,False,True,False,True,0.53370667,-0.04253936,1.8061082,0.80367565,1.7388139,0.45785242,0.18926837,0.72906363
0.09352073,0.9374256,0.9374256,0.84390485,7.142857551574707,0.0812041,False,False,False,False,-0.40492678,-2.8311553,0.9397154,-1.9130883,0.08981514,0.13006678,0.09352073,0.9374257
0.24575174,0.67455375,0.67455375,0.428802,7.142857551574707,0.09479959,False,False,False,False,-0.25684643,-1.3098164,-1.7460148,-3.2846785,-0.5636265,0.2513895,0.24575174,0.6745538
0.021301711,0.58999866,0.58999866,0.568697,12.85714340209961,0.08729938,False,False,False,False,1.5864935,-2.3868155,0.77789783,-4.112084,-0.07566643,0.055639185,0.021301711,0.5899987
0.21370327,0.94881374,0.94881374,0.73511046,4.285714149475098,0.32469708,False,True,False,True,0.19989228,-1.844986,0.19356894,-2.3281655,1.6006241,0.49541003,0.21370327,0.94881374
0.1995354,0.6862711,0.6862711,0.48673567,2.857142925262451,0.13643792,False,True,False,True,-0.6235552,-2.7352636,0.3888185,-0.027392387,-0.886379,0.10223784,0.1995354,0.6862711
0.24756715,0.57073534,0.5707349,0.3231682,8.571428298950195,0.037936732,False,False,False,False,-1.7034291,-0.73675513,-0.067884445,-3.7148743,-1.9959302,0.48689607,0.24756715,0.57073534
0.22633547,0.7761407,0.7761407,0.5498052,7.142857551574707,0.15777013,False,False,False,False,-0.49880505,-2.0432694,0.9533284,-4.569388,-0.4628446,0.3499678,0.22633547,0.77614075
0.19388789,0.5747254,0.5747254,0.3808375,2.857142925262451,0.11443114,False,True,False,True,-1.739177,-3.9200292,1.0810268,0.7388897,-1.2547996,0.07392785,0.19388789,0.5747254
0.24130651,0.6721941,0.6721941,0.4308876,10.0,0.13541633,False,False,False,False,-2.1334126,-1.4548283,-0.1899252,-2.2040617,1.7423706,0.23553447,0.24130651,0.6721941
0.27779678,0.79738325,0.79738325,0.51958644,2.857142925262451,0.13260283,False,True,False,True,1.3602605,-1.3898551,1.7821963,-0.9536619,-1.3855438,0.3730671,0.27779678,0.7973833
0.15987127,0.5160117,0.5160117,0.35614043,14.285715103149414,0.087585576,False,False,False,False,0.6525717,-3.4070466,1.0836728,-4.835867,1.7100539,0.36793035,0.15987127,0.5160117
0.08852974,0.8491007,0.8491007,0.76057094,1.4285714626312256,0.33418038,False,True,False,True,1.7734027,-0.7247176,1.8437369,-0.82066727,0.34194398,0.21671747,0.08852974,0.8491007
0.110069424,0.92026484,0.92026484,0.81019545,2.857142925262451,0.16642994,False,False,False,False,0.36701345,-2.06484,0.31811714,-0.96945906,-2.9158916,0.076022714,0.110069424,0.92026496
0.15328074,0.5554035,0.5554035,0.40212274,8.571428298950195,0.033084128,False,False,False,False,0.7197056,-3.9089239,-0.60049725,-2.3171158,0.32110262,0.45907727,0.15328074,0.5554035
0.26679876,0.77457035,0.77457035,0.5077716,2.857142925262451,0.13254991,False,True,False,True,-0.34660244,-2.772322,-1.2222838,-0.3383298,-0.8358798,0.38131657,0.26679876,0.7745704
0.03653185,0.9873302,0.9873302,0.95079833,5.714285850524902,0.13279441,False,False,False,False,0.9081216,-2.9445708,1.1164315,-1.8801494,1.1613235,0.49011338,0.03653185,0.9873302
0.006808287,0.84075475,0.84075475,0.83394647,22.85714340209961,0.093973905,False,False,False,False,1.4084048,-3.6111379,0.58628297,-4.4423237,0.3109653,0.309794,0.006808287,0.84075475
0.29191467,0.72691834,0.72691834,0.43500367,2.857142925262451,0.27019316,False,True,False,True,-1.1867006,-0.006445408,1.9520161,-0.9643698,1.4706073,0.35626566,0.29191467,0.72691834
0.21436907,0.6396404,0.6396404,0.42527133,10.0,0.046223305,False,False,False,False,0.11787605,-2.330366,-0.03497672,-2.9049993,-1.489387,0.4051575,0.21436907,0.63964057
0.27214155,0.5445396,0.5445393,0.27239802,12.85714340209961,0.020770477,False,False,False,False,-2.7032537,-1.0220854,-1.8397434,-2.1327536,-2.6511068,0.46339944,0.27214155,0.5445396
0.17751494,0.6317484,0.6317484,0.45423344,32.85714340209961,0.027305719,False,False,False,False,-2.824333,-3.1824944,0.5518825,-3.500228,-1.0953652,0.21796717,0.17751494,0.63174856
0.228069,0.6692455,0.6692455,0.44117647,1.4285714626312256,0.24423343,False,True,False,True,0.6370373,-3.4311736,-0.17802763,0.51467896,-1.8804466,0.44762412,0.228069,0.6692455
0.0646917,0.62522376,0.62522376,0.56053203,4.285714149475098,0.105233766,False,False,False,False,0.36691117,-3.3511517,0.1609652,-1.1502182,1.6624031,0.14909475,0.0646917,0.62522376
0.19550233,0.5683284,0.5683284,0.37282604,18.571428298950195,0.032887198,False,False,False,False,-2.9354312,-1.595545,-1.6555398,-2.8053317,-1.6154538,0.28757998,0.19550233,0.5683286
0.2679475,0.92765,0.92765,0.6597025,5.714285850524902,0.07929639,False,False,False,False,-1.2380366,-2.1922777,-1.1561646,-1.3069654,0.42549086,0.11464673,0.2679475,0.92765
0.22381546,0.5410825,0.5410825,0.31726706,8.571428298950195,0.033057828,False,False,False,False,-1.2510614,-1.7024171,0.24351597,-2.4139163,-2.177845,0.46040457,0.22381546,0.5410828
0.20384564,0.9483348,0.9483348,0.7444892,5.714285850524902,0.38681537,False,True,False,True,-2.4375393,-0.09809017,0.3192098,-2.6892369,1.1943445,0.3396378,0.20384564,0.9483348
0.23559774,0.68201816,0.68201816,0.44642043,4.285714149475098,0.1838718,False,True,False,True,-0.6951196,-0.09424949,-1.4048693,-3.8255005,-0.07640386,0.24768391,0.23559774,0.6820182
0.29582673,0.9892137,0.98921317,0.693387,5.714285850524902,0.13463105,False,False,False,False,-0.106879234,-2.415576,1.501493,-2.1967776,-0.46162653,0.43983352,0.29582673,0.9892137
0.13766223,0.75592244,0.75592244,0.6182602,22.85714340209961,0.03810635,False,False,False,False,-2.9443097,-3.1301215,-0.4342966,-2.61933,0.9460945,0.37662056,0.13766223,0.75592244
0.13482812,0.5896148,0.5896145,0.4547867,5.714285850524902,0.071330436,False,False,False,False,0.035644054,-0.27588654,1.0364265,-3.5132287,-1.780672,0.34615564,0.13482812,0.5896148
0.27458727,0.8925402,0.8925402,0.61795294,12.85714340209961,0.14301996,False,False,False,False,-2.9196892,-1.7135186,-0.58404636,-3.7455077,-0.029725075,0.49410146,0.27458727,0.8925402
0.06864022,0.6936856,0.6936856,0.62504536,7.142857551574707,0.10747941,False,False,False,False,-2.3855062,-0.85854053,1.0344362,-0.99907064,-1.1227577,0.27108207,0.06864022,0.69368565
0.21095555,0.5453551,0.5453551,0.33439952,4.285714149475098,0.05586908,False,False,False,False,-0.91153646,-2.2833138,-1.9903779,-0.9416375,-2.5454776,0.10673738,0.21095555,0.5453552
0.17742538,0.6128584,0.6128584,0.43543303,5.714285850524902,0.05717744,False,False,False,False,1.8849602,-0.08490825,-0.6355641,-2.517022,-2.4126377,0.28891,0.17742538,0.6128588
0.16985515,0.9914306,0.9914301,0.8215754,7.142857551574707,0.08458717,False,False,False,False,0.28395867,-2.07697,-0.5895579,-2.010379,-2.9233122,0.11650275,0.16985515,0.9914306
0.16784558,0.97130466,0.97130466,0.80345905,7.142857551574707,0.20174582,False,False,False,False,-1.9818066,-0.7178354,0.18303871,-3.290694,-0.4972608,0.3828707,0.16784558,0.9713047
0.17656568,0.54481316,0.54481316,0.36824748,11.428571701049805,0.07879138,False,False,False,False,-0.9731438,-3.3355618,1.8072767,-2.856802,1.0862513,0.42340928,0.17656568,0.54481316
0.2796002,0.88134515,0.88134515,0.60174495,7.142857551574707,0.06689463,False,False,False,False,-2.9543574,-1.0505266,0.48898244,-0.25440884,-2.703515,0.24400127,0.2796002,0.88134515
0.09045963,0.7509906,0.7509906,0.660531,7.142857551574707,0.07959593,False,False,False,False,1.5775852,-0.42975664,-0.49073482,-4.042951,-1.9907207,0.351416,0.09045963,0.75099146
0.079777375,0.64993805,0.64993805,0.5701607,2.857142925262451,0.1943994,False,True,False,True,-0.10104036,-0.75844646,1.115407,-0.2877779,-0.39839268,0.40202364,0.079777375,0.64993805
0.14794846,0.61675227,0.61675227,0.46880382,11.428571701049805,0.06986935,False,False,False,False,-0.895833,-3.1614506,1.7839959,-2.4597063,0.22681093,0.26800457,0.14794846,0.61675227
0.1738968,0.5107214,0.5107214,0.3368246,2.857142925262451,0.101003714,False,True,False,True,-0.68354297,-3.7889903,-0.9564192,0.30868244,-2.8448777,0.3120262,0.1738968,0.5107214
0.20715334,0.82380223,0.82380223,0.6166489,2.857142925262451,0.32897195,False,True,False,True,-0.011713028,-1.0713704,1.448564,-1.4384727,1.4541917,0.28346905,0.20715334,0.82380223
0.122550726,0.8167387,0.8167387,0.694188,4.285714149475098,0.13149753,False,False,False,False,-2.3433318,-2.4390287,-1.4084141,0.33099365,0.692647,0.17957601,0.122550726,0.8167387
0.21524806,0.52775127,0.52775127,0.31250322,11.428571701049805,0.043453027,False,False,False,False,-2.6798084,-1.943526,0.9540365,-1.6240978,-0.730026,0.41965306,0.21524806,0.5277513
0.0725181,0.6389901,0.6389901,0.566472,1.4285714626312256,0.33043754,False,True,False,True,0.9712832,-3.5774553,1.1234539,0.52614117,-0.2696004,0.19895652,0.0725181,0.6389901
0.22602776,0.96272826,0.96272826,0.73670053,11.428571701049805,0.15129094,False,False,False,False,-0.96083,-2.8291636,1.9854248,-3.294036,0.537972,0.066351525,0.22602776,0.96272826
0.2912468,0.6752923,0.6752923,0.3840455,21.428571701049805,0.03029896,False,False,False,False,-2.2921686,-2.5102863,0.47667933,-4.8716817,-2.0817976,0.35325155,0.2912468,0.675314
0.09068722,0.73381615,0.73381615,0.64312893,1.4285714626312256,0.25872257,False,True,False,True,-0.5227678,-3.9306686,-1.9196949,0.60903263,1.6215186,0.20642696,0.09068722,0.73381615
0.2594112,0.8045694,0.8045694,0.54515827,14.285715103149414,0.024729079,False,False,False,False,0.6599777,-3.9327772,-1.1078434,-2.9890127,-1.5881495,0.26905608,0.2594112,0.8045846
0.2729496,0.5095509,0.5095509,0.23660132,4.285714149475098,0.07479909,False,True,False,True,-2.762453,-0.15023518,1.6103787,-1.0554347,0.7237005,0.3591109,0.2729496,0.5095509
0.12670293,0.9552201,0.9552201,0.8285172,30.0,0.027648533,False,False,False,False,-2.0562854,-2.2539868,-0.38044,-3.9923854,-2.8974953,0.103161946,0.12670293,0.9622185
0.14315249,0.80083776,0.80083776,0.6576853,8.571428298950195,0.092704855,False,False,False,False,1.1574497,-1.4235132,-1.2283673,-3.2068882,-0.25916338,0.06644621,0.14315249,0.8008378
0.28004664,0.5524607,0.55246055,0.27241403,4.285714149475098,0.03662588,False,False,False,False,1.7602167,-2.5249965,1.9631541,-1.7736683,-2.2344663,0.48765287,0.28004664,0.55246073
0.10693993,0.988508,0.988508,0.8815681,4.285714149475098,0.17255385,False,False,False,False,-1.950237,-1.0437005,-1.2306135,0.039855957,-1.6928294,0.20516817,0.10693993,0.988508
0.011553187,0.692922,0.692922,0.6813688,14.285715103149414,0.11326384,False,False,False,False,-1.3453987,-2.3888915,1.2101536,-4.0525827,-0.5120423,0.101204604,0.011553187,0.6929221
0.23763798,0.54897773,0.54897773,0.31133974,4.285714149475098,0.09974668,False,True,False,True,-0.22363591,-0.29446435,-1.9179838,-2.863236,0.15789413,0.3599624,0.23763798,0.54897773
0.1987672,0.6789878,0.6789878,0.48022062,4.285714149475098,0.10016169,False,False,False,False,-1.1111834,-1.5375378,-1.6032138,-0.48826218,-2.885419,0.41539666,0.1987672,0.67898786
0.2625662,0.7940928,0.7940928,0.53152657,1.4285714626312256,0.18706235,False,True,False,True,0.31105256,-0.3060422,1.4712803,-0.18034077,-1.9553249,0.3396558,0.2625662,0.7940928
0.28257704,0.6626638,0.6626638,0.38008678,7.142857551574707,0.037176106,False,False,False,False,1.1551723,-3.240365,1.4057059,-2.0995128,-2.7429657,0.21667424,0.28257704,0.6626641
0.14074837,0.76446176,0.76446176,0.6237134,5.714285850524902,0.07298693,False,False,False,False,-0.9329915,-2.8000772,-1.0874555,-1.4802594,1.016583,0.30160517,0.14074837,0.76446176
0.15157947,0.7339567,0.7339567,0.5823772,24.285715103149414,0.08964022,False,False,False,False,-2.3747253,-3.0537956,0.10007906,-4.397883,0.73825574,0.30929446,0.15157947,0.7339567
0.048545215,0.8580438,0.8580438,0.80949855,1.4285714626312256,0.32245982,False,True,False,True,1.6114917,-0.17475104,0.9765475,-0.5099888,-1.7121973,0.36697668,0.048545215,0.85804385
0.2082267,0.81704164,0.81704164,0.60881495,4.285714149475098,0.102913395,False,False,False,False,-2.275206,-2.0109396,1.4495702,-0.007907391,1.7105145,0.3517526,0.2082267,0.81704164
0.22158583,0.6139145,0.61391443,0.39232868,5.714285850524902,0.05991218,False,False,False,False,1.3255353,-0.95049477,0.59013915,-3.0467496,-1.7099093,0.21937199,0.22158583,0.61391467
0.013751776,0.9097792,0.9097792,0.8960274,2.857142925262451,0.32553136,False,True,False,True,0.18301916,-0.25019503,1.6934936,-4.2087417,0.21258521,0.42212132,0.013751776,0.9097792
0.20811015,0.8471614,0.8471614,0.63905126,24.285715103149414,0.017474547,False,False,False,False,-2.0577264,-3.4460976,-0.84778595,-3.1284032,-1.5336041,0.3397773,0.20811015,0.84716165
0.215912,0.5689369,0.5689369,0.3530249,38.57143020629883,0.010858814,False,False,False,False,1.2260723,-3.265418,-1.8990588,-4.406685,-1.8740629,0.17208296,0.215912,0.5690847
0.24373043,0.53971255,0.53971255,0.29598212,8.571428298950195,0.027982462,False,False,False,False,-2.3278515,-0.9289365,-1.2725813,-1.4373131,-2.4062235,0.36084986,0.24373043,0.5397127
0.2513016,0.97729266,0.97729266,0.7259911,1.4285714626312256,0.40981323,False,True,False,True,0.35038376,-3.0485437,1.2692771,0.6982193,-2.6090598,0.35916087,0.2513016,0.97729266
0.1476867,0.5918031,0.5918031,0.44411635,4.285714149475098,0.079713784,False,False,False,False,1.3881435,-1.6066582,0.11692238,-1.3818836,-1.9904513,0.23091595,0.1476867,0.5918032
0.22393543,0.93064225,0.93064225,0.7067068,12.85714340209961,0.041730296,False,False,False,False,-0.6108477,-2.265686,-0.7001698,-2.9214203,-2.9898157,0.48942396,0.22393543,0.93074167
0.15958534,0.7417203,0.74172026,0.58213496,20.0,0.021598203,False,False,False,False,-2.6280942,-3.958012,1.4873302,-2.5268083,-0.11030269,0.38782385,0.15958534,0.7417203
0.16304326,0.96406054,0.9640602,0.8010173,5.714285850524902,0.10769388,False,False,False,False,0.98549676,-0.40223527,-0.5573509,-4.561279,-1.8708427,0.4357907,0.16304326,0.96406054
0.1604313,0.72864413,0.72864413,0.56821287,22.85714340209961,0.016418096,False,False,False,False,-1.374537,-3.8950448,0.6210902,-3.2784138,-1.9946463,0.41527438,0.1604313,0.72865254
0.071150355,0.91866356,0.91866356,0.8475132,7.142857551574707,0.09591122,False,False,False,False,1.9346743,-0.25772834,-1.6338427,-4.7577724,-1.7362516,0.10030536,0.071150355,0.91866374
0.1982633,0.54667634,0.54667634,0.34841305,5.714285850524902,0.11804951,False,False,False,False,-2.1634922,-0.16569257,0.62400913,-1.8696983,-0.072375774,0.3224911,0.1982633,0.5466764
0.012757802,0.9728314,0.97283095,0.96007365,5.714285850524902,0.13125937,False,False,False,False,-0.54348016,-0.67323613,1.9870095,-2.1587048,-2.2859159,0.37840548,0.012757802,0.9728317
0.06708193,0.9360355,0.9360355,0.8689536,1.4285714626312256,0.44154206,False,True,False,True,1.0365405,-1.0991721,0.2731917,0.18079042,-1.5098982,0.08733101,0.06708193,0.9360355
0.18169299,0.70918727,0.70918727,0.5274943,35.71428680419922,0.022267666,False,False,False,False,-1.7494626,-3.5947366,0.4380746,-3.863542,-0.6058197,0.13218868,0.18169299,0.7091874
0.096292846,0.8441491,0.8441491,0.74785626,7.142857551574707,0.08167544,False,False,False,False,-0.17014575,-1.0755239,-1.2877903,-3.02284,-2.1670537,0.46236494,0.096292846,0.84414953
0.24428985,0.749497,0.749497,0.5052072,12.85714340209961,0.026143396,False,False,False,False,0.076970816,-3.9731627,-1.4198346,-2.771,-2.4165235,0.3943063,0.24428985,0.7495414
0.15597293,0.94768703,0.9476864,0.7917141,7.142857551574707,0.10513506,False,False,False,False,-0.19388294,-1.4729502,0.66519356,-2.5802603,-1.4837043,0.13587672,0.15597293,0.94768703
0.08324132,0.70617974,0.70617974,0.6229384,2.857142925262451,0.27929065,False,True,False,True,-0.8107536,-0.2790997,0.69957376,-3.543604,0.47105598,0.36512458,0.08324132,0.70617974
0.020027949,0.9327619,0.9327619,0.912734,4.285714149475098,0.51506,False,True,False,True,-0.7596326,-1.2939909,1.5605955,-2.6597905,1.1256733,0.39631882,0.020027949,0.9327619
0.19820093,0.7098522,0.7098522,0.5116513,11.428571701049805,0.0365924,False,False,False,False,-0.6012566,-0.4562912,1.5578692,-4.905032,-2.5820234,0.24938819,0.19820093,0.71021247
0.24033685,0.7832445,0.7832445,0.54290766,8.571428298950195,0.06115956,False,False,False,False,-2.9067883,-0.9120946,-1.1436529,-0.63807106,1.2658315,0.19911006,0.24033685,0.7832445
0.07905577,0.53464335,0.53464335,0.45558757,4.285714149475098,0.08964069,False,False,False,False,-1.2848436,-1.8702586,0.7192137,-0.46435738,-1.9345598,0.44317627,0.07905577,0.5346434
0.22907405,0.79094225,0.79094225,0.5618682,8.571428298950195,0.04364051,False,False,False,False,-1.5807345,-3.7706451,0.56000113,-1.7980385,-0.6217413,0.12272203,0.22907405,0.7909423
0.2827613,0.8118167,0.8118167,0.52905536,10.0,0.07890843,False,False,False,False,-1.1274393,-1.6456549,0.7053797,-3.8023844,-1.2200509,0.1728232,0.2827613,0.8118167
0.29200375,0.8582925,0.85829246,0.56628877,8.571428298950195,0.14434396,False,False,False,False,-2.3867192,-0.5875387,-0.31757307,-1.7935178,-0.17653394,0.24872191,0.29200375,0.8582925
0.0023695887,0.7437103,0.7437103,0.7413407,12.85714340209961,0.08912604,False,False,False,False,0.038252354,-2.7271192,0.46031833,-4.1843314,-1.3643494,0.3890851,0.0023695887,0.7437105
0.12761779,0.56743664,0.56743664,0.43981886,5.714285850524902,0.08180645,False,False,False,False,-1.4214103,-0.9782119,-1.2492864,-1.480742,-1.2207332,0.46376163,0.12761779,0.56743675
0.13076796,0.6175904,0.6175904,0.4868225,4.285714149475098,0.24490356,False,True,False,True,-1.2766855,-0.59008193,0.76572585,-1.3576784,1.0589147,0.36188748,0.13076796,0.6175904
0.13614091,0.9419544,0.94195414,0.80581343,11.428571701049805,0.11288207,False,False,False,False,-2.8923945,-1.0381835,1.5597155,-3.1466055,-1.6236495,0.31379345,0.13614091,0.9419544
0.24170712,0.85635567,0.85635567,0.6146486,4.285714149475098,0.106197834,False,False,False,False,-0.543278,-2.060242,-1.8593752,-1.0843406,-0.4913125,0.32808077,0.24170712,0.85635567
0.29982448,0.9695312,0.9695312,0.6697067,1.4285714626312256,0.29014102,False,True,False,True,-0.4952383,-2.1540942,-1.010176,0.70910645,1.5808616,0.27408832,0.29982448,0.9695312
0.124725744,0.828022,0.828022,0.70329624,2.857142925262451,0.28393018,False,True,False,True,0.9372692,-0.9719157,0.79179883,-2.5262551,-0.2515607,0.4580485,0.124725744,0.828022
0.11399067,0.97764766,0.97764766,0.863657,2.857142925262451,0.20540255,False,True,False,True,-1.3068204,-1.671788,1.1615713,-0.13420391,0.7232983,0.38206348,0.11399067,0.97764766
0.264614,0.579116,0.579116,0.314502,8.571428298950195,0.027953014,False,False,False,False,1.2564921,-0.10664582,-1.6170759,-3.3594422,-2.5758805,0.29493153,0.264614,0.57913274
0.05639064,0.8977974,0.8977968,0.84140676,7.142857551574707,0.07791723,False,False,False,False,0.15428233,-2.0400193,-1.8621035,-2.1178064,-0.7935293,0.16587229,0.05639064,0.8977975
0.213999,0.74630415,0.74630404,0.5323051,10.0,0.033478096,False,False,False,False,-0.7565515,-2.396388,-0.55604696,-2.3835812,-1.1895608,0.14020698,0.213999,0.74630415
0.04174088,0.7463316,0.7463316,0.7045907,21.428571701049805,0.073438935,False,False,False,False,-2.7356427,-3.0043168,-0.40803504,-3.1442533,0.08975601,0.4854933,0.04174088,0.7463316
0.24423851,0.53608614,0.53608614,0.29184765,2.857142925262451,0.063715756,False,False,False,False,1.6722283,-3.1658165,-1.5609825,-1.1998258,-0.5291281,0.27205664,0.24423851,0.5360862
0.033680625,0.60070574,0.60070574,0.5670251,8.571428298950195,0.18026492,False,False,False,False,-1.9956677,-0.6119094,-1.4041007,-2.4027662,0.66067433,0.15212531,0.033680625,0.60070574
0.2896781,0.99445695,0.99445695,0.70477885,50.0,0.026268989,False,False,False,False,-2.3604097,-3.7138715,-0.32776952,-4.784745,-2.020577,0.29160488,0.2896781,0.9965097
0.20917477,0.83799684,0.83799684,0.6288221,7.142857551574707,0.07436011,False,False,False,False,1.5896778,-1.7785859,1.2452922,-2.9379458,-2.1073344,0.38791654,0.20917477,0.8379972
0.20405708,0.75852114,0.75852114,0.55446404,2.857142925262451,0.18680559,False,True,False,True,0.66333675,-2.50257,1.4712682,-0.36503077,-1.5877528,0.44035748,0.20405708,0.7585212
0.28588775,0.60201716,0.60201716,0.31612942,2.857142925262451,0.16061795,False,True,False,True,-0.4624462,-0.28097725,0.0649786,-0.9449706,1.3244085,0.28716174,0.28588775,0.60201716
0.25826582,0.6502663,0.6502663,0.39200047,8.571428298950195,0.14603189,False,False,False,False,-0.7442579,-1.8382697,0.10845351,-4.180623,1.8856978,0.14874545,0.25826582,0.6502663
0.20625216,0.6120986,0.6120986,0.40584642,4.285714149475098,0.07362717,False,False,False,False,0.4940424,-3.102011,-0.8709924,-1.2090688,1.2191415,0.2569168,0.20625216,0.6120986
0.10745182,0.8746739,0.8746734,0.7672221,2.857142925262451,0.20108318,False,True,False,True,0.29025555,-2.2247133,-0.45567727,-0.522933,-1.3298588,0.13758743,0.10745182,0.87467396
0.1766612,0.6050712,0.6050712,0.42841,1.4285714626312256,0.29506803,False,True,False,True,1.8933086,-0.19204712,1.3970683,-3.8513942,1.7325463,0.36659732,0.1766612,0.6050712
0.19643767,0.7828459,0.7828459,0.58640826,11.428571701049805,0.05140887,False,False,False,False,-1.8282287,-1.4840364,-0.17732716,-2.8475137,-2.4083169,0.46677765,0.19643767,0.7828491
0.021567214,0.6008613,0.6008613,0.5792941,4.285714149475098,0.23161128,False,True,False,True,-0.26511574,-0.9237852,-1.2060957,-2.119799,1.7066298,0.24007395,0.021567214,0.6008613
0.16034898,0.6959614,0.6959614,0.53561246,5.714285850524902,0.07499553,False,False,False,False,1.0499172,-0.9467609,1.3804338,-3.0602593,-1.6623814,0.07608247,0.16034898,0.6959617
0.29963842,0.90593,0.90593,0.60629153,2.857142925262451,0.1873471,False,False,False,False,1.8719888,-2.9010115,-1.2708588,-0.78338957,-1.4121456,0.25411075,0.29963842,0.90593004
0.0027121427,0.5042394,0.5042394,0.50152725,4.285714149475098,0.09586204,False,False,False,False,-2.9917226,-1.9035437,0.06294179,0.93401146,-2.6613736,0.4135108,0.0027121427,0.5042394
0.1370956,0.5465236,0.5465236,0.40942797,2.857142925262451,0.108272396,False,True,False,True,-1.7815237,-3.9128683,-0.12303734,0.42259836,-1.1935642,0.10436843,0.1370956,0.5465236
0.28932998,0.593606,0.593606,0.30427602,2.857142925262451,0.091494314,False,True,False,True,1.1960826,-1.7108362,1.7737823,-0.72734404,0.393919,0.3508155,0.28932998,0.593606
0.24244812,0.9128957,0.9128957,0.6704476,2.857142925262451,0.18791361,False,True,False,True,-2.0287929,-0.4618671,0.7258322,0.7509899,0.08268738,0.35646048,0.24244812,0.9128957
0.09986315,0.9669039,0.9669039,0.86704075,20.0,0.09149043,False,False,False,False,0.87178993,-3.5684059,0.57894754,-4.053016,-0.17729998,0.39817372,0.09986315,0.9669039
0.28067535,0.76809055,0.76809055,0.4874152,4.285714149475098,0.15004599,False,True,False,True,1.7258883,-1.4242151,-1.4468439,-1.937387,1.445198,0.31541228,0.28067535,0.76809055
0.25046593,0.8374583,0.83745825,0.5869924,4.285714149475098,0.103761196,False,False,False,False,-1.6578184,-0.69488263,0.66185164,-0.34364128,-1.9937878,0.10439941,0.25046593,0.8374583
0.2691327,0.9666868,0.9666868,0.6975541,7.142857551574707,0.06815485,False,False,False,False,1.3290033,-3.6674728,-0.92030287,-2.0950696,-1.7984707,0.41557115,0.2691327,0.96668696
0.10991439,0.9565822,0.9565822,0.84666777,4.285714149475098,0.13861369,False,False,False,False,-0.14893627,-3.8161652,-0.7173734,-1.3040154,-1.1746855,0.37109005,0.10991439,0.9565822
0.21746746,0.72806597,0.72806597,0.51059854,4.285714149475098,0.11690444,False,False,False,False,1.6655655,-0.018335342,0.66236544,-4.030901,-1.1470325,0.15492661,0.21746746,0.72806597
0.050700422,0.7546281,0.7546281,0.7039277,4.285714149475098,0.107410796,False,False,False,False,0.5009842,-1.4194586,-0.61384773,-1.584363,-0.88398266,0.3139556,0.050700422,0.7546282
0.11941488,0.99116087,0.99116087,0.871746,1.4285714626312256,0.524297,False,True,False,True,1.405591,-0.96523976,-1.2422957,0.50299644,-1.4557893,0.47610626,0.11941488,0.99116087
0.25268275,0.7241123,0.7241123,0.47142953,1.4285714626312256,0.27710867,False,True,False,True,0.9701724,-2.1653285,1.3475337,0.54811716,-2.455411,0.3154448,0.25268275,0.7241123
0.067058645,0.6721898,0.6721898,0.60513115,1.4285714626312256,0.22606426,False,True,False,True,1.0824127,-0.43992472,-1.5862396,-0.36423683,-2.7970507,0.41587463,0.067058645,0.67218983
0.013682986,0.68827665,0.68827665,0.6745937,15.714285850524902,0.027555604,False,False,False,False,0.111413956,-3.7221687,-0.06894469,-3.0495524,0.29099274,0.26166335,0.013682986,0.68827665
0.09071149,0.5001215,0.5001215,0.40941,5.714285850524902,0.15958405,False,False,False,False,-0.11005545,-0.9049041,-1.14183,-3.8239164,0.6263015,0.13994029,0.09071149,0.5001215
0.28446072,0.52658486,0.52658486,0.24212414,2.857142925262451,0.07256297,False,True,False,True,-1.1022489,-3.594757,0.31333756,0.42939663,0.6102283,0.08742256,0.28446072,0.52658486
0.0031336786,0.7704846,0.77048415,0.767351,4.285714149475098,0.15027606,False,False,False,False,-1.4592295,-0.8779123,0.94900036,-0.34672308,-1.094939,0.07796063,0.0031336786,0.7704847
0.17377682,0.975271,0.975271,0.8014942,21.428571701049805,0.03118754,False,False,False,False,-2.9185755,-3.318386,1.3069923,-2.4618464,0.37255192,0.09798971,0.17377682,0.975271
0.14081128,0.54967874,0.54967874,0.40886748,10.0,0.09099687,False,False,False,False,-0.045495987,-1.647227,-1.2342157,-4.1691513,0.9574132,0.073562056,0.14081128,0.54967874
0.090057194,0.6377774,0.6377774,0.5477202,7.142857551574707,0.050202258,False,False,False,False,-0.32429385,-3.9597769,0.6621015,-1.9948952,-2.1439173,0.19122146,0.090057194,0.6377776
0.060095843,0.85630554,0.85630554,0.7962097,5.714285850524902,0.10302851,False,False,False,False,-1.1234163,-1.6315129,-1.1507387,-1.2428746,-2.5600483,0.48689178,0.060095843,0.8563057
0.10804954,0.5567384,0.5567384,0.44868883,35.71428680419922,0.015744036,False,False,False,False,-2.2112331,-3.3651128,-0.2935717,-3.7090054,-1.1994599,0.17713027,0.10804954,0.5567386
0.19804524,0.6639719,0.6639719,0.46592665,1.4285714626312256,0.25592712,False,True,False,True,1.938232,-0.87199044,-0.71447134,0.17852211,-1.613829,0.091197014,0.19804524,0.6639719
0.13549335,0.5512135,0.5512135,0.41572016,1.4285714626312256,0.2516419,False,True,False,True,1.380199,-2.5381885,-1.6283996,0.5296774,0.061161518,0.34328645,0.13549335,0.5512135
0.115025446,0.51567084,0.51567084,0.40064538,2.857142925262451,0.12599663,False,True,False,True,0.30481791,-1.9945984,-1.3241792,-0.2904129,-2.841039,0.13535856,0.115025446,0.5156709
0.19659235,0.78343546,0.78343546,0.58684313,5.714285850524902,0.09109316,False,False,False,False,-2.7506318,-2.6008718,-0.3770151,0.20065975,0.66662407,0.48419887,0.19659235,0.78343546
0.08846625,0.8668329,0.8668329,0.7783667,25.71428680419922,0.074965194,False,False,False,False,-0.9817848,-2.8437243,-1.7917078,-4.740167,0.56374145,0.13257991,0.08846625,0.8668329
0.027310826,0.5166055,0.5166055,0.48929468,7.142857551574707,0.062540576,False,False,False,False,-2.0454247,-1.2605462,-0.11067295,-1.3809524,-1.6388016,0.4390612,0.027310826,0.5166056
0.17821419,0.814111,0.814111,0.6358968,2.857142925262451,0.2039558,False,True,False,True,1.4505444,-3.3511965,1.919894,-0.6674943,0.46487236,0.24713694,0.17821419,0.814111
0.09581895,0.5572938,0.5572938,0.46147484,4.285714149475098,0.16465005,False,True,False,True,-1.6755949,-0.5278764,1.2292366,-1.8236115,0.21680546,0.24769124,0.09581895,0.5572938
0.02530607,0.9563415,0.9563415,0.93103546,4.285714149475098,0.17215855,False,False,False,False,-1.4603965,-3.915306,-0.6289556,-0.43042564,1.9256158,0.06910991,0.02530607,0.9563415
0.1463832,0.75630015,0.75630015,0.6099169,2.857142925262451,0.18684438,False,True,False,True,-1.3824492,-1.9972942,1.2549462,0.6572838,0.4467721,0.33073318,0.1463832,0.75630015
0.25857505,0.91578543,0.91578543,0.65721035,1.4285714626312256,0.2736807,False,True,False,True,0.5087471,-3.8813224,-1.936105,0.022855759,-2.9471912,0.39323932,0.25857505,0.91578543
0.24332316,0.7778504,0.7778504,0.53452724,2.857142925262451,0.17496738,False,True,False,True,0.26254272,-1.7777934,0.923646,-0.21232414,-0.42127943,0.11310336,0.24332316,0.7778504
0.17851055,0.9625093,0.9625093,0.7839987,17.14285659790039,0.07903463,False,False,False,False,1.0059791,-3.3402832,-0.49994564,-3.927196,-0.35681176,0.46620375,0.17851055,0.9625093
0.12438927,0.96223164,0.96223164,0.83784235,5.714285850524902,0.09983051,False,False,False,False,1.336844,-3.375642,1.919853,-1.8333712,1.5932107,0.31856912,0.12438927,0.96223164
0.1421597,0.8533002,0.8533002,0.7111405,11.428571701049805,0.07517686,False,False,False,False,-2.3498328,-1.9551387,-0.2801566,-1.8644466,-1.2172537,0.45364004,0.1421597,0.85330033
0.0029438497,0.5404126,0.5404126,0.53746873,12.85714340209961,0.031496607,False,False,False,False,0.57657576,-0.17772365,0.7191515,-4.990593,-2.572561,0.062427238,0.0029438497,0.5419979
0.24755669,0.86616015,0.8661596,0.61860347,2.857142925262451,0.16511045,False,True,False,True,-0.53643894,-0.10710192,-1.2944112,-0.7378874,-1.6406815,0.44930416,0.24755669,0.86616015
0.24903594,0.8281442,0.8281442,0.57910824,17.14285659790039,0.04119056,False,False,False,False,1.7024207,-3.5084674,-1.698273,-3.5326834,0.0066945553,0.47391146,0.24903594,0.82814425
0.26701623,0.81566656,0.81566656,0.5486503,15.714285850524902,0.045153644,False,False,False,False,-0.9438219,-3.1355698,1.9890189,-4.6259074,-2.224523,0.40741476,0.26701623,0.81570613
0.0919494,0.923576,0.923576,0.8316266,5.714285850524902,0.26956558,False,False,False,False,-0.5436754,-2.2376218,0.26049328,-3.5094552,1.971631,0.49971345,0.0919494,0.923576
0.11709906,0.5514103,0.5514103,0.43431127,12.85714340209961,0.022057138,False,False,False,False,-1.0942192,-3.4508185,0.34336782,-2.5733626,1.5789795,0.29059252,0.11709906,0.5514103
0.29394802,0.7088106,0.7088106,0.4148626,4.285714149475098,0.08828262,False,False,False,False,1.1354799,-0.6651304,0.2813003,-2.26282,-1.3375523,0.32715243,0.29394802,0.7088108
0.28891045,0.9202378,0.9202377,0.63132733,20.0,0.020139858,False,False,False,False,-0.27190137,-3.9054787,0.5105827,-3.2853518,-1.092739,0.15567625,0.28891045,0.9202378
0.17384975,0.89366096,0.89366096,0.7198112,5.714285850524902,0.100512765,False,False,False,False,-1.5766087,-2.4905212,0.6091759,-0.87107706,-1.6769736,0.36637676,0.17384975,0.893661
0.13331406,0.5830397,0.5830397,0.44972563,11.428571701049805,0.02578172,False,False,False,False,-1.8509712,-3.291368,0.92990255,-2.1170578,-1.5894024,0.45159343,0.13331406,0.5830399
0.023460532,0.90639055,0.90639055,0.88293004,11.428571701049805,0.1986962,False,False,False,False,-0.8568225,-2.9266095,-0.6907282,-4.4696703,1.4956107,0.47297615,0.023460532,0.90639055
0.29333216,0.76442826,0.76442826,0.4710961,4.285714149475098,0.071459435,False,False,False,False,0.23072481,-2.8110218,-0.58659005,-1.4886122,0.03037405,0.4660238,0.29333216,0.76442826
0.059137203,0.55924135,0.55924135,0.5001041,17.14285659790039,0.07205796,False,False,False,False,1.8515825,-3.182837,0.016930819,-4.477706,0.6975875,0.3198761,0.059137203,0.55924135
0.07622558,0.8517319,0.8517319,0.7755063,18.571428298950195,0.055045385,False,False,False,False,-0.9964032,-2.7553978,-0.81502557,-4.6128283,-2.0928423,0.4617451,0.07622558,0.85175896
0.27175856,0.7706871,0.7706871,0.49892855,1.4285714626312256,0.17480056,False,True,False,True,-0.32973194,-2.272987,0.6542952,0.25899506,0.27899694,0.29939118,0.27175856,0.7706871
0.063190594,0.91495895,0.91495895,0.8517684,1.4285714626312256,0.33484933,False,True,False,True,0.049508333,-0.04996395,-1.4478753,0.17946053,-1.7009531,0.26344362,0.063190594,0.91495895
0.017325945,0.5875583,0.5875583,0.5702324,18.571428298950195,0.07647687,False,False,False,False,-2.5107527,-2.8860579,0.34556198,-3.1481466,-0.23136449,0.48160404,0.017325945,0.5875584
0.28775352,0.59847575,0.59847575,0.31072223,14.285715103149414,0.020463916,False,False,False,False,-2.4440567,-0.08750272,0.4853952,-4.167536,-2.6742263,0.44175822,0.28775352,0.59872043
0.24084345,0.70722604,0.70722604,0.4663826,5.714285850524902,0.19490871,False,False,False,False,0.13984895,-2.4965184,1.1861875,-3.6787243,1.2073922,0.4996556,0.24084345,0.70722604
0.080304176,0.9643171,0.9643171,0.88401294,11.428571701049805,0.060353912,False,False,False,False,-0.17303514,-1.137039,-1.1530526,-3.3976147,-2.9455695,0.43392518,0.080304176,0.9647999
0.08015453,0.56908,0.56908,0.48892546,10.0,0.031560212,False,False,False,False,-0.99034786,-2.7389462,1.0182836,-2.291819,-2.1948578,0.29916856,0.08015453,0.5690803
0.034228384,0.83585835,0.83585835,0.80162996,10.0,0.26323542,False,False,False,False,-2.0773792,-1.3058548,0.16832638,-3.2158918,0.39238763,0.20456749,0.034228384,0.83585835
0.2841439,0.5697212,0.5697212,0.28557733,2.857142925262451,0.0795687,False,True,False,True,-1.3513242,-2.5926435,1.4375913,0.24237633,-2.9469776,0.46797135,0.2841439,0.5697212
0.17906055,0.5548289,0.5548289,0.37576833,18.571428298950195,0.014124549,False,False,False,False,-2.9925156,-3.5612671,-0.5309677,-2.1348815,0.18900919,0.32866257,0.17906055,0.5548289
0.042954937,0.97978336,0.9797833,0.93682843,2.857142925262451,0.21583413,False,False,False,False,1.9062114,-0.27715135,0.97441125,-1.3447552,-1.8959966,0.29144245,0.042954937,0.9797834
0.034873992,0.51917326,0.51917326,0.48429927,12.85714340209961,0.032163665,False,False,False,False,-2.7202613,-0.29778767,1.8829672,-3.4523363,-2.7307882,0.35437658,0.034873992,0.51934123
0.20812105,0.8932996,0.8932996,0.6851785,8.571428298950195,0.10815276,False,False,False,False,-2.0061543,-0.5861654,-1.2535617,-3.2006483,-1.513886,0.43491518,0.20812105,0.8932998
0.039933838,0.9140215,0.9140215,0.87408763,4.285714149475098,0.15872873,False,False,False,False,-0.9670415,-3.1825924,0.7208195,-0.7896085,1.5692601,0.064168125,0.039933838,0.9140215
0.07753455,0.8156823,0.8156823,0.73814774,1.4285714626312256,0.4444797,False,True,False,True,0.14666557,-0.6722076,-0.5057447,0.99137354,0.47702384,0.18791127,0.07753455,0.8156823
0.08670148,0.60240734,0.60240734,0.5157058,4.285714149475098,0.094516166,False,False,False,False,-0.56156564,-2.9693167,-1.07201,-0.9891701,0.73406506,0.48928925,0.08670148,0.60240734
0.26928276,0.52120155,0.52120155,0.2519188,18.571428298950195,0.025852177,False,False,False,False,-2.076042,-3.3548238,1.9756267,-3.4671383,-1.6760166,0.44006982,0.26928276,0.52120185
0.19996412,0.633491,0.633491,0.43352687,14.285715103149414,0.02819004,False,False,False,False,-0.7755747,-1.3990135,0.30586314,-3.705567,-2.5146303,0.11264393,0.19996412,0.6336086
0.051118113,0.5190204,0.5190204,0.46790227,7.142857551574707,0.14957161,False,False,False,False,-2.7731874,-0.028199434,0.9164567,-2.8950353,-0.101071835,0.19504109,0.051118113,0.51902044
0.15069272,0.5031202,0.5031202,0.35242748,1.4285714626312256,0.20732425,False,True,False,True,1.1296463,-3.8469234,-1.5085464,0.5033245,-2.0744715,0.19945648,0.15069272,0.5031202
0.29593593,0.5336756,0.5336756,0.23773968,27.142858505249023,0.013754359,False,False,False,False,-2.7698922,-3.6223063,-0.30149102,-3.0857458,1.3566895,0.4197353,0.29593593,0.5336756
0.2924306,0.55046725,0.55046725,0.25803664,5.714285850524902,0.1525721,False,True,False,True,-1.6911899,-0.6375761,0.6933296,-3.9541945,1.3743801,0.1600833,0.2924306,0.55046725
0.10420511,0.6941149,0.6941149,0.5899098,2.857142925262451,0.19449498,False,True,False,True,0.79582286,-2.113699,-1.7311532,-0.44772243,-1.4175259,0.27891546,0.10420511,0.694115
0.21013637,0.6659014,0.6659014,0.45576507,2.857142925262451,0.123866715,False,True,False,True,-1.139838,-1.1021249,-0.16153407,0.049727917,0.50985336,0.27367076,0.21013637,0.6659014
0.0151215615,0.87972206,0.87972206,0.8646005,38.57143020629883,0.06006699,False,False,False,False,-2.4264874,-3.3173885,-1.369575,-4.42176,-0.099993706,0.25498015,0.0151215615,0.8797221
0.15927266,0.9135932,0.9135932,0.7543205,2.857142925262451,0.34473544,False,True,False,True,1.0492039,-0.30104208,0.082012415,-2.2196388,0.97041893,0.079876885,0.15927266,0.9135932
0.26881346,0.9634084,0.9634083,0.694595,2.857142925262451,0.17622563,False,False,False,False,1.2301397,-1.7643316,-0.16585875,-0.9280076,0.031451702,0.2674456,0.26881346,0.9634084
0.22001402,0.71591365,0.71591365,0.49589962,5.714285850524902,0.22799912,False,True,False,True,-1.920208,-0.2000916,-0.5221214,-1.3545794,1.7265935,0.1686793,0.22001402,0.71591365
0.1805157,0.963385,0.963385,0.7828693,4.285714149475098,0.12887558,False,False,False,False,-1.9146894,-2.121761,1.7096419,-0.32585812,-1.7928495,0.478665,0.1805157,0.963385
0.15206468,0.73060167,0.73060167,0.578537,7.142857551574707,0.12601931,False,False,False,False,1.8779278,-2.5822644,1.5967197,-2.4446883,-0.105357885,0.2823196,0.15206468,0.73060167
0.12570284,0.8236934,0.8236934,0.69799054,10.0,0.05479814,False,False,False,False,-2.791481,-1.825984,1.8351882,-1.0160127,-2.8099966,0.31700388,0.12570284,0.8236935
0.12521103,0.97207606,0.97207606,0.84686506,11.428571701049805,0.14897004,False,False,False,False,-2.795889,-1.6656649,-1.4293547,-1.573133,1.0046782,0.43251905,0.12521103,0.97207606
0.29455814,0.88689286,0.88689286,0.59233475,7.142857551574707,0.056778092,False,False,False,False,-0.6470485,-3.1510868,0.9348092,-1.8700671,-2.4724631,0.4180569,0.29455814,0.8868931
0.2425325,0.8001911,0.8001911,0.5576586,24.285715103149414,0.04187666,False,False,False,False,-0.89809036,-3.6779416,1.7134328,-3.597763,-0.12342858,0.07141602,0.2425325,0.80019116
0.22744812,0.61393785,0.61393785,0.38648975,1.4285714626312256,0.22793955,False,True,False,True,1.8799491,-1.0294235,-1.9100876,0.37064362,-2.5202687,0.16746318,0.22744812,0.61393785
0.2056904,0.7791094,0.7791094,0.57341903,5.714285850524902,0.2238672,False,False,False,False,0.15555239,-1.7940083,0.14168048,-3.6294274,1.2496386,0.30734238,0.2056904,0.7791094
0.060324814,0.78359675,0.78359646,0.72327197,21.428571701049805,0.06400404,False,False,False,False,-1.7436783,-2.751731,1.3313131,-4.620782,-1.364043,0.069037914,0.060324814,0.78359675
0.294712,0.79033387,0.79033387,0.49562186,4.285714149475098,0.23118487,False,True,False,True,-1.0695331,-1.3335242,1.5239489,-1.3689878,1.8743348,0.27440557,0.294712,0.79033387
0.06072602,0.94758534,0.94758534,0.8868593,1.4285714626312256,0.3137927,False,True,False,True,-0.564168,-1.44102,-1.5769336,0.4464016,1.7874746,0.07712033,0.06072602,0.94758534
0.058797028,0.785159,0.785159,0.726362,10.0,0.067230396,False,False,False,False,0.12838769,-2.7230458,-0.99648786,-2.687375,-0.97054505,0.4825599,0.058797028,0.7851591
0.14276332,0.6218855,0.6218855,0.47912216,8.571428298950195,0.06070757,False,False,False,False,0.20860672,-2.9920535,-0.12470126,-2.5423517,1.4074793,0.43598393,0.14276332,0.6218855
0.19790275,0.70353615,0.70353615,0.5056334,2.857142925262451,0.12687787,False,True,False,True,-1.9352646,-2.8514926,1.7350185,0.43871832,-0.0028936863,0.06536168,0.19790275,0.70353615
0.25362992,0.9387741,0.93877393,0.6851442,2.857142925262451,0.27231544,False,True,False,True,0.8977771,-0.9604757,1.6778517,-1.7815461,-0.30867672,0.2766306,0.25362992,0.9387741
0.19716102,0.87945855,0.87945855,0.6822975,1.4285714626312256,0.41766948,False,True,False,True,0.67793083,-2.3999162,-0.58063436,0.78005934,-1.7932277,0.31370157,0.19716102,0.87945855
0.035310388,0.6868681,0.6868681,0.6515577,12.85714340209961,0.03320918,False,False,False,False,-2.0163145,-2.3861136,-0.05842042,-2.273642,-2.6456277,0.3720881,0.035310388,0.6868689
0.067996204,0.8117639,0.81176364,0.7437677,5.714285850524902,0.11838635,False,False,False,False,0.26630783,-0.42737818,-0.34784532,-3.6610234,-1.6148105,0.27293018,0.067996204,0.8117639
0.22111589,0.6363622,0.6363622,0.4152463,1.4285714626312256,0.17794253,False,True,False,True,0.63027906,-0.112481594,1.6819026,-2.6131194,0.5626066,0.30451965,0.22111589,0.6363622
0.11118093,0.87436855,0.87436855,0.76318765,1.4285714626312256,0.42549294,False,True,False,True,1.8480396,-1.9867005,1.2667267,0.22501373,-1.0295577,0.4474097,0.11118093,0.87436855
0.062955596,0.8802968,0.8802968,0.8173412,4.285714149475098,0.14592569,False,False,False,False,-0.8880043,-3.5816503,-0.509856,-0.86077976,1.4970074,0.09140081,0.062955596,0.8802968
0.20914538,0.79794484,0.79794484,0.5887995,10.0,0.042306304,False,False,False,False,-1.7771537,-1.8957803,-1.39516,-1.8104839,-1.7096518,0.3252496,0.20914538,0.797945
0.22050895,0.7352356,0.7352356,0.51472664,5.714285850524902,0.2824789,False,False,False,False,-2.4661045,-0.50046825,1.68347,-4.6899347,1.5475717,0.08107315,0.22050895,0.7352356
0.2587204,0.99772286,0.99772286,0.73900247,5.714285850524902,0.08827202,False,False,False,False,-0.69980454,-2.9738204,1.5750644,-1.5151618,-0.6738348,0.26704141,0.2587204,0.9977229
0.09197075,0.7321264,0.7321264,0.6401557,32.85714340209961,0.01224863,False,False,False,False,-1.924202,-3.7739084,-1.3530414,-3.6288557,-2.5424473,0.19380009,0.09197075,0.74821264
0.15807933,0.5604173,0.5604173,0.40233797,8.571428298950195,0.047904063,False,False,False,False,0.21298027,-0.71529555,-1.3196099,-4.149498,-1.5889465,0.10918063,0.15807933,0.5604176
0.017609723,0.95339036,0.95339036,0.93578064,12.85714340209961,0.14536399,False,False,False,False,-0.6152923,-2.2736955,-1.5487635,-3.3544292,0.5927744,0.21049652,0.017609723,0.95339036
0.108187,0.81377256,0.81377256,0.70558554,4.285714149475098,0.1353688,False,False,False,False,-1.279439,-1.7589529,1.608345,-0.5062046,-2.5207129,0.47374007,0.108187,0.81377256
0.018444568,0.6567913,0.6567913,0.6383468,2.857142925262451,0.41097873,False,True,False,True,0.6129699,-1.301903,1.3670087,-3.3538437,1.3579407,0.41802713,0.018444568,0.6567913
0.2696133,0.76231,0.76231,0.49269673,1.4285714626312256,0.22647774,False,True,False,True,1.6604834,-3.4844518,-1.8096879,-0.14722252,0.38094258,0.29966944,0.2696133,0.76231
0.21188381,0.814015,0.814015,0.6021311,10.0,0.036878366,False,False,False,False,1.9376826,-3.3272274,-1.7188578,-2.652384,1.9304051,0.08262564,0.21188381,0.814015
0.23202802,0.57391995,0.57391995,0.34189194,5.714285850524902,0.047922917,False,False,False,False,-1.5586045,-3.6401963,0.8374567,-0.87493896,-0.56538844,0.3639043,0.23202802,0.57392
0.29575658,0.6996913,0.6996913,0.40393472,24.285715103149414,0.037394833,False,False,False,False,-2.6610656,-2.3325748,-0.28782988,-3.1523256,0.1579938,0.102338344,0.29575658,0.69969136
0.06877191,0.86529577,0.86529577,0.79652387,20.0,0.12841943,False,False,False,False,-1.896476,-2.319571,-1.5836811,-4.595916,0.22350836,0.21325256,0.06877191,0.86529577
0.12075486,0.6892505,0.6892505,0.5684957,1.4285714626312256,0.2240142,False,True,False,True,1.4529095,-1.775749,-0.9966407,-0.3674822,-1.3609512,0.17084609,0.12075486,0.6892506
0.049376644,0.57389396,0.57389396,0.5245173,8.571428298950195,0.090779245,False,False,False,False,1.9134774,-2.3589406,-1.800766,-2.9527512,0.4171126,0.3722926,0.049376644,0.57389396
0.19470556,0.71010584,0.71010584,0.5154003,4.285714149475098,0.09453717,False,False,False,False,-1.2113266,-1.8721087,-1.6459026,-0.61890316,-0.9692044,0.40588555,0.19470556,0.7101059
0.12013772,0.8020396,0.8020396,0.68190193,8.571428298950195,0.13378076,False,False,False,False,-0.72561836,-1.3851972,-1.0393076,-2.7777162,0.64415455,0.07417944,0.12013772,0.8020396
0.15845016,0.55669224,0.55669206,0.3982421,7.142857551574707,0.068033375,False,False,False,False,-1.7892848,-1.053185,0.9907317,-2.4349403,-1.3032835,0.38389775,0.15845016,0.55669224
0.036333222,0.92902625,0.92902625,0.89269304,1.4285714626312256,0.5990683,False,True,False,True,0.9408448,-0.031133175,1.7117157,-3.654905,1.8210244,0.18123163,0.036333222,0.92902625
0.11099852,0.7879285,0.7879285,0.67693,4.285714149475098,0.44486848,False,True,False,True,-2.2629962,-0.16166973,1.9601035,-4.016325,1.1556368,0.23209454,0.11099852,0.7879285
0.17663097,0.8873911,0.8873911,0.7107601,1.4285714626312256,0.30480924,False,True,False,True,0.44424462,-3.3612256,1.9612634,0.102059364,-1.9443269,0.38124844,0.17663097,0.8873911
0.17481731,0.8305249,0.8305249,0.6557076,1.4285714626312256,0.292008,False,True,False,True,-0.5582166,-1.3233972,0.5589564,0.80362844,-0.14757657,0.45839885,0.17481731,0.8305249
0.18460844,0.91212285,0.91212285,0.7275144,1.4285714626312256,0.30664602,False,True,False,True,-0.77842784,-2.2172158,-1.503175,0.88367987,-1.8526049,0.39276406,0.18460844,0.91212285
0.25018775,0.9365036,0.9365036,0.68631583,24.285715103149414,0.1051747,False,False,False,False,-2.8660982,-2.186583,-1.9167767,-4.3614197,0.38281536,0.22184622,0.25018775,0.9365036
0.21271199,0.70827186,0.70827186,0.49555987,1.4285714626312256,0.23409373,False,True,False,True,-0.49387527,-2.5938852,1.3872972,0.860384,-0.19781017,0.087228335,0.21271199,0.70827186
0.24469401,0.75207794,0.75207794,0.50738394,8.571428298950195,0.12526532,False,False,False,False,-2.3420103,-1.5694535,0.046764135,-1.9555433,1.9872026,0.3892065,0.24469401,0.75207794
0.06338278,0.87055326,0.87055326,0.80717045,1.4285714626312256,0.29411814,False,True,False,True,-0.9943216,-1.2500439,-1.4964252,0.8349838,-0.18928623,0.06586036,0.06338278,0.87055326
0.15814614,0.5028237,0.5028237,0.34467757,4.285714149475098,0.14879079,False,True,False,True,0.076951504,-1.0121684,-1.9722757,-2.0147965,0.98956275,0.39929527,0.15814614,0.5028237
0.2493544,0.9198892,0.9198892,0.6705348,1.4285714626312256,0.30122468,False,True,False,True,1.6848273,-1.2317975,0.7812531,-0.19186735,0.9775448,0.24958451,0.2493544,0.9198892
0.13966337,0.65333724,0.65333724,0.5136739,18.571428298950195,0.062382173,False,False,False,False,0.11923885,-3.54112,1.3973374,-3.4697566,1.6320214,0.13485809,0.13966337,0.65333724
0.06690211,0.8919819,0.89198184,0.8250798,5.714285850524902,0.093476996,False,False,False,False,-1.8688672,-2.6596477,1.2889936,-1.0088594,-0.73057413,0.094291076,0.06690211,0.8919819
0.14820461,0.98597443,0.9859742,0.8377698,20.0,0.026927555,False,False,False,False,-1.6678245,-3.542189,-1.0969512,-3.0031362,-1.6110026,0.39407215,0.14820461,0.98597443
0.06736964,0.5985864,0.5985864,0.53121674,5.714285850524902,0.06552984,False,False,False,False,-2.8014245,-3.0042026,0.66440344,-0.16064787,-1.526606,0.36500207,0.06736964,0.59858644
0.11998163,0.7047119,0.7047119,0.58473027,5.714285850524902,0.09847772,False,False,False,False,0.86712027,-2.121785,-1.463592,-2.1160355,1.7002463,0.3263701,0.11998163,0.7047119
0.15635164,0.7295542,0.7295541,0.57320255,7.142857551574707,0.18328288,False,False,False,False,-1.9899409,-0.86234856,0.033049583,-3.5498183,-0.35513806,0.3445461,0.15635164,0.7295542
0.057127424,0.6692158,0.6692158,0.6120884,15.714285850524902,0.033846248,False,False,False,False,-2.8500884,-2.060291,-0.6398165,-2.038414,-2.0357068,0.3598934,0.057127424,0.66921604
0.21304381,0.6310452,0.6310452,0.4180014,21.428571701049805,0.024272475,False,False,False,False,-1.6493522,-3.0068464,0.028494835,-3.3349168,-1.5821426,0.2987141,0.21304381,0.63104546
0.193702,0.5351665,0.5351665,0.34146452,4.285714149475098,0.13070442,False,True,False,True,0.83273387,-1.4065881,1.5440364,-1.7097685,1.5513291,0.072247796,0.193702,0.5351665
0.06365279,0.88661337,0.88661337,0.82296056,1.4285714626312256,0.4539249,False,True,False,True,0.55696154,-2.7672815,-0.41003752,0.5409694,1.8404751,0.21857838,0.06365279,0.88661337
0.06277755,0.8665416,0.8665416,0.8037641,2.857142925262451,0.2510328,False,True,False,True,-1.6074084,-2.9405143,-1.5040433,0.9812393,-0.35172558,0.3189921,0.06277755,0.8665416
0.26469725,0.8380245,0.8380245,0.57332724,7.142857551574707,0.06671494,False,False,False,False,-2.870582,-2.5805986,-0.30564356,-0.23442316,-0.7329297,0.3073123,0.26469725,0.8380245
0.29461744,0.7510126,0.7510126,0.45639518,8.571428298950195,0.06166612,False,False,False,False,1.5310373,-2.6815739,1.2362835,-2.465004,-0.6811199,0.32308057,0.29461744,0.7510127
0.1825622,0.7926771,0.7926771,0.61011493,2.857142925262451,0.15669376,False,True,False,True,-0.76699686,-2.7827952,-1.2633333,-0.27674437,-1.0187092,0.19920905,0.1825622,0.79267716
0.28043312,0.8016125,0.8016124,0.5211794,4.285714149475098,0.10605549,False,False,False,False,-0.9058242,-0.3285396,1.2237644,-1.2690859,-1.6843109,0.18178873,0.28043312,0.8016125
0.13192333,0.9267711,0.926771,0.7948478,10.0,0.056788273,False,False,False,False,-2.7695863,-2.2692277,0.44994998,-1.1901283,1.6210818,0.28221706,0.13192333,0.9267711
0.03239998,0.94043684,0.94043684,0.9080369,11.428571701049805,0.07648802,False,False,False,False,-0.8692465,-1.3556261,-1.4980581,-3.0593257,-2.3856785,0.29737383,0.03239998,0.940444
0.198265,0.79095984,0.79095984,0.5926948,22.85714340209961,0.028367091,False,False,False,False,-1.6084435,-3.3707108,0.12035918,-3.4137707,-1.996686,0.43975937,0.198265,0.7909641
0.27612945,0.715061,0.715061,0.43893155,1.4285714626312256,0.2787214,False,True,False,True,0.7293341,-2.6683109,0.20784783,0.8948636,-1.5815039,0.36566013,0.27612945,0.715061
0.120756544,0.80116177,0.80116177,0.6804052,2.857142925262451,0.1420499,False,False,False,False,1.5570903,-2.5254133,-0.39929128,-1.2352324,-0.88653326,0.21591626,0.120756544,0.80116177
0.0063305856,0.71341693,0.71341693,0.7070863,2.857142925262451,0.21816862,False,True,False,True,-1.8809115,-3.5273645,-1.5674067,0.95115995,-0.43293428,0.37572128,0.0063305856,0.71341693
0.027263904,0.62671506,0.62671506,0.5994512,4.285714149475098,0.103284,False,False,False,False,-2.4548628,-2.172712,1.7816153,0.17723751,-1.4026814,0.15277423,0.027263904,0.62671506
0.12330487,0.8973876,0.8973876,0.7740828,12.85714340209961,0.12204837,False,False,False,False,0.3549986,-3.1842823,1.099333,-3.0776057,1.8161893,0.2205653,0.12330487,0.8973876
0.25642166,0.94451785,0.94451785,0.68809617,2.857142925262451,0.37441435,False,True,False,True,1.2525458,-0.55601263,1.4488151,-4.836568,0.8785353,0.15732212,0.25642166,0.94451785
0.09975089,0.75983286,0.75983286,0.660082,4.285714149475098,0.1540869,False,True,False,True,-0.70846224,-1.3103793,0.42313313,-0.6818805,1.1767111,0.3401224,0.09975089,0.75983286
0.17041527,0.9593303,0.9593303,0.78891504,15.714285850524902,0.11066889,False,False,False,False,-0.21127868,-3.65258,0.65737987,-3.9547086,1.0854588,0.47662926,0.17041527,0.9593303
0.20970504,0.7033166,0.7033166,0.49361157,11.428571701049805,0.03775794,False,False,False,False,-0.44607973,-0.7423036,0.9977629,-4.500017,-2.5050974,0.22098073,0.20970504,0.70347977
0.17041636,0.52484953,0.52484953,0.35443318,2.857142925262451,0.1339002,False,True,False,True,-1.0069926,-0.79059863,1.7922306,-0.7297697,0.2409954,0.3893568,0.17041636,0.52484953
0.18267962,0.75131357,0.75131357,0.5686339,5.714285850524902,0.08202596,False,False,False,False,-2.9801135,-3.8630035,-1.7587826,0.27216816,-0.67658234,0.11903681,0.18267962,0.75131357
0.110309035,0.9673307,0.9673305,0.8570217,11.428571701049805,0.052003223,False,False,False,False,-2.0000226,-3.9137764,0.46297812,-1.954114,-1.3872046,0.14955032,0.110309035,0.9673307
0.13511445,0.71088946,0.71088946,0.575775,4.285714149475098,0.13080563,False,False,False,False,-2.5008183,-2.792539,-0.63637304,0.7497654,-0.34765482,0.42839062,0.13511445,0.71088946
0.033754654,0.980649,0.980649,0.94689435,1.4285714626312256,0.5679942,False,True,False,True,0.92084265,-2.769512,1.1894355,0.62436295,0.517822,0.41386828,0.033754654,0.980649
0.2932583,0.7338868,0.7338868,0.44062847,8.571428298950195,0.09805964,False,False,False,False,-2.007491,-0.8748226,0.62432146,-1.7804873,0.14753485,0.054247063,0.2932583,0.73388684
0.16884768,0.50115865,0.50115865,0.33231097,1.4285714626312256,0.1557846,False,True,False,True,1.7328577,-1.9510348,-0.81525135,-0.122276306,-0.54761124,0.13210829,0.16884768,0.50115865
0.020766271,0.7211243,0.7211243,0.70035803,34.28571319580078,0.018146709,False,False,False,False,-2.043739,-3.6252677,0.10272741,-3.6515803,-0.5545356,0.10390924,0.020766271,0.7211244
0.015052897,0.97572935,0.97572935,0.96067643,1.4285714626312256,0.5019708,False,True,False,True,-0.20546389,-0.56082106,-0.68384814,0.8538861,-2.287734,0.3528931,0.015052897,0.97572935
0.24172321,0.93258893,0.93258893,0.69086576,8.571428298950195,0.13205712,False,False,False,False,-1.4435687,-0.8891313,0.096342325,-3.2063985,-1.0959978,0.19094428,0.24172321,0.93258893
0.13765377,0.58845973,0.58845973,0.45080596,11.428571701049805,0.05805783,False,False,False,False,1.8793025,-2.475684,-0.6029315,-3.5058928,-0.67104816,0.32941717,0.13765377,0.58845985
0.17085983,0.8186487,0.8186487,0.6477889,12.85714340209961,0.0359224,False,False,False,False,-0.3155949,-2.0594215,-1.5997529,-2.815966,-0.6023066,0.05647461,0.17085983,0.8186488
0.23613387,0.67669284,0.67669284,0.44055897,4.285714149475098,0.06377209,False,False,False,False,-0.7343445,-2.2763507,0.0479331,-1.2353294,-1.6978114,0.25405908,0.23613387,0.67669296
0.11790398,0.54138,0.54138,0.423476,8.571428298950195,0.030517945,False,False,False,False,-0.50351405,-3.8498478,-1.5223746,-2.2886782,-1.3638108,0.4937644,0.11790398,0.54138017
0.286113,0.74718785,0.74718785,0.46107486,7.142857551574707,0.037915338,False,False,False,False,1.6317725,-3.292775,1.6553869,-2.3046165,-0.009103298,0.054364063,0.286113,0.7471879
0.2800135,0.9726048,0.9726048,0.6925913,21.428571701049805,0.113430224,False,False,False,False,-1.7536385,-3.4272768,0.36383533,-4.8324413,1.3534722,0.39831012,0.2800135,0.9726048
0.17156342,0.7415123,0.7415123,0.5699489,4.285714149475098,0.10124864,False,False,False,False,-1.9729166,-2.541574,1.2251308,-0.080267906,1.9470181,0.1820243,0.17156342,0.7415123
0.00018560888,0.79657876,0.79657876,0.79639316,7.142857551574707,0.2564999,False,False,False,False,0.9397826,-2.9798532,1.8106208,-2.888135,0.7418084,0.44477046,0.00018560888,0.79657876
0.2668318,0.7094961,0.7094961,0.4426643,11.428571701049805,0.042536333,False,False,False,False,-2.2142315,-1.0371408,1.7127123,-2.9534993,-2.194055,0.16064179,0.2668318,0.7094969
0.29497895,0.89499784,0.89499784,0.60001886,5.714285850524902,0.23079948,False,False,False,False,-2.3608575,-0.36301088,1.3112164,-2.3247337,-0.2122364,0.3026263,0.29497895,0.89499784
0.16736537,0.8951076,0.8951076,0.72774225,5.714285850524902,0.30546954,False,False,False,False,-0.0495162,-1.9553962,0.64406466,-4.2162795,0.8554306,0.36953202,0.16736537,0.8951076
0.2967818,0.57327294,0.57327294,0.27649114,1.4285714626312256,0.100997284,False,True,False,True,-0.98212147,-3.8280373,-1.6645591,0.82841206,-1.3246285,0.1107446,0.2967818,0.57327294
0.06971172,0.7825168,0.7825168,0.71280503,1.4285714626312256,0.30576342,False,True,False,True,1.5316486,-0.2185936,-0.2539506,-0.25311375,1.4134374,0.06329855,0.06971172,0.7825168
0.21589336,0.6214471,0.6214471,0.40555373,1.4285714626312256,0.2410777,False,True,False,True,0.28377986,-3.3652549,-1.6468716,0.8750868,-1.6782616,0.055529483,0.21589336,0.6214471
0.2587255,0.5471331,0.5471331,0.2884076,4.285714149475098,0.04296855,False,False,False,False,-1.372499,-2.7014534,1.8461695,-0.8583474,1.9496641,0.19548175,0.2587255,0.5471331
0.06726827,0.7905078,0.7905078,0.72323954,1.4285714626312256,0.42816776,False,True,False,True,1.013947,-1.9181459,0.07468772,0.55511856,-0.3085189,0.17930825,0.06726827,0.7905078
0.0021649362,0.9288617,0.9288617,0.9266967,7.142857551574707,0.43444505,False,False,False,False,-1.3363507,-0.9887974,-1.6703682,-4.0159974,1.680356,0.18789944,0.0021649362,0.9288617
0.29533657,0.7355551,0.7355551,0.44021854,4.285714149475098,0.06390858,False,False,False,False,-1.1783462,-1.9881818,1.2391651,-0.99853325,-2.898563,0.31536552,0.29533657,0.7355551
0.19496599,0.7294159,0.7294159,0.53444993,1.4285714626312256,0.34892026,False,True,False,True,1.3179984,-0.24785852,0.737056,-4.7728806,1.6446838,0.45270836,0.19496599,0.7294159
0.1468345,0.7506559,0.7506559,0.6038214,2.857142925262451,0.1522664,False,True,False,True,-2.2219734,-1.5590906,-0.6947863,0.68837595,-2.9922566,0.32351226,0.1468345,0.7506559
0.13726486,0.78172505,0.78172493,0.6444602,5.714285850524902,0.08404839,False,False,False,False,-0.81076646,-1.1535447,-1.7172883,-1.3543358,-2.1647024,0.34658396,0.13726486,0.78172505
0.24512248,0.66172564,0.66172564,0.41660315,18.571428298950195,0.029376376,False,False,False,False,0.90975523,-2.7952383,-1.609597,-3.3994844,1.5378189,0.09185,0.24512248,0.66172564
0.20589116,0.741292,0.741292,0.53540087,4.285714149475098,0.18445171,False,False,False,False,-0.3685205,-1.180836,-0.7051256,-4.0665135,0.34608293,0.41087946,0.20589116,0.741292
0.090823874,0.67457414,0.67457414,0.58375025,4.285714149475098,0.33417314,False,True,False,True,-0.23343349,-1.1602845,0.6373625,-3.486968,1.3020959,0.24488324,0.090823874,0.67457414
0.26936755,0.6030856,0.6030856,0.33371803,2.857142925262451,0.086916395,False,True,False,True,-0.16798902,-3.0348418,-1.4591568,-0.32709074,1.5401282,0.051372513,0.26936755,0.6030856
0.09161951,0.5404273,0.5404273,0.44880784,4.285714149475098,0.17635895,False,True,False,True,0.090507746,-0.14906263,-1.250695,-3.233447,0.22056985,0.13425995,0.09161951,0.5404273
0.068397604,0.8930094,0.8930094,0.82461184,2.857142925262451,0.5407658,False,True,False,True,-0.20823622,-0.751297,0.53565073,-2.5339112,1.8698392,0.4506176,0.068397604,0.8930094
0.064453594,0.5881298,0.5881298,0.5236762,4.285714149475098,0.09751635,False,False,False,False,-1.073557,-1.3550041,0.21728635,-0.6869502,-1.7717068,0.16655351,0.064453594,0.5881299
0.27104804,0.9055979,0.9055979,0.63454986,5.714285850524902,0.1856911,False,False,False,False,-1.5779939,-1.5199242,0.5693116,-1.4315333,1.3604355,0.44611415,0.27104804,0.9055979
0.27276802,0.6945934,0.6945934,0.4218254,7.142857551574707,0.039935403,False,False,False,False,-0.5196018,-1.4912193,-1.0071127,-1.9497166,-0.31046343,0.0910386,0.27276802,0.6945935
0.19761552,0.8722569,0.8722569,0.6746414,2.857142925262451,0.1514407,False,False,False,False,1.4132032,-1.0500352,-1.086328,-1.1207085,-1.6015749,0.16425724,0.19761552,0.872257
0.23670457,0.93007183,0.93007183,0.69336724,21.428571701049805,0.030699003,False,False,False,False,-1.9279491,-3.01115,1.5104156,-3.1028666,-2.1779697,0.084472954,0.23670457,0.93009627
0.011441088,0.50966805,0.50966805,0.49822697,4.285714149475098,0.09372223,False,False,False,False,1.9782834,-3.5016158,0.23983383,-1.4164925,-0.25266552,0.32042423,0.011441088,0.5096681
0.04944218,0.80934983,0.80934983,0.75990766,11.428571701049805,0.053879604,False,False,False,False,-1.536545,-1.8160846,0.15149975,-2.4288282,-2.9968004,0.415499,0.04944218,0.8093567
0.0042388383,0.7095499,0.7095499,0.70531106,5.714285850524902,0.41941902,False,True,False,True,-2.3267486,-0.5582459,1.609788,-3.5677328,1.6449728,0.20720829,0.0042388383,0.7095499
0.067875534,0.8527838,0.8527836,0.7849083,12.85714340209961,0.12534268,False,False,False,False,-2.387019,-1.5828631,0.38648534,-3.3234506,-1.2208624,0.34132126,0.067875534,0.8527838
0.039222356,0.96977663,0.9697766,0.9305543,8.571428298950195,0.27265295,False,False,False,False,-2.3513198,-0.8311422,-0.9516039,-4.504058,-0.020360231,0.29871523,0.039222356,0.96977663
0.027558161,0.6223796,0.6223796,0.59482145,2.857142925262451,0.14714418,False,False,False,False,-1.4018395,-0.68206596,-0.5165119,0.006213665,-1.7051708,0.11860989,0.027558161,0.62237966
0.13162608,0.8879443,0.8879438,0.7563182,11.428571701049805,0.08801975,False,False,False,False,-1.8638296,-1.0875802,-1.320157,-2.508429,-1.4083018,0.19005063,0.13162608,0.88794446
0.13226695,0.984481,0.984481,0.85221404,22.85714340209961,0.12153943,False,False,False,False,-1.5309982,-3.6758597,1.3615863,-3.743265,1.2252121,0.25209767,0.13226695,0.984481
0.21230151,0.87455434,0.87455434,0.66225284,45.71428298950195,0.01886443,False,False,False,False,-0.04995489,-3.8093212,-1.9171281,-4.806247,-2.3449,0.3563298,0.21230151,0.8795455
0.29830024,0.7745268,0.7745268,0.47622654,8.571428298950195,0.06325094,False,False,False,False,-2.800407,-0.79817367,1.7730067,-0.822454,-1.4856153,0.07988756,0.29830024,0.77452683
0.28913042,0.5548908,0.5548908,0.2657604,7.142857551574707,0.09959077,False,False,False,False,0.039087057,-1.9243212,1.342782,-4.9485445,0.76385,0.12208326,0.28913042,0.5548908
0.049041368,0.7352294,0.7352294,0.686188,4.285714149475098,0.13857503,False,False,False,False,-1.0513322,-1.3391006,0.66499925,-0.9965205,-0.39911294,0.33676904,0.049041368,0.73522943
0.062338565,0.71184474,0.71184474,0.64950615,8.571428298950195,0.065923385,False,False,False,False,0.19705224,-0.3956771,-1.6281877,-3.1842096,-2.175842,0.15872994,0.062338565,0.71184576
0.15656793,0.58021003,0.58021003,0.4236421,11.428571701049805,0.02426474,False,False,False,False,0.40332532,-2.3889682,0.40077925,-2.7092843,-2.905705,0.30361554,0.15656793,0.58022344
0.089840576,0.99023026,0.9902302,0.9003897,11.428571701049805,0.057967182,False,False,False,False,-2.9072597,-1.5061955,-0.5503454,-1.3991737,-1.0464556,0.21959808,0.089840576,0.99023026
0.2737103,0.6283473,0.6283473,0.35463697,17.14285659790039,0.06123935,False,False,False,False,-2.726578,-2.4965541,-0.54510903,-3.05591,0.76754403,0.47505265,0.2737103,0.6283473
0.13539982,0.66211814,0.66211814,0.5267183,10.0,0.068704136,False,False,False,False,-1.5908494,-1.2060201,1.0735517,-4.515313,-1.6334751,0.16894162,0.13539982,0.66211843
0.28392744,0.6779578,0.67795765,0.39403033,11.428571701049805,0.023028659,False,False,False,False,-2.432523,-2.3357787,-0.46237087,-1.7697077,-1.4528849,0.16997376,0.28392744,0.6779578
0.26596102,0.6819412,0.6819412,0.4159802,2.857142925262451,0.112512775,False,False,False,False,0.9890578,-3.3081625,-0.86700535,-0.77924204,-0.006385565,0.105332896,0.26596102,0.6819412
0.2995555,0.84728897,0.84728897,0.5477334,4.285714149475098,0.0838537,False,False,False,False,-0.50070333,-2.2723145,1.5274796,-1.2737727,0.66483426,0.22606024,0.2995555,0.84728897
0.16424808,0.701676,0.701676,0.5374279,1.4285714626312256,0.25719845,False,True,False,True,0.7340367,-2.3880305,-1.6556442,0.16791773,-2.7263262,0.052563068,0.16424808,0.701676
0.032881793,0.7086768,0.7086768,0.675795,5.714285850524902,0.3576286,False,False,False,False,-2.3011723,-0.46049142,0.20168018,-3.3903465,1.1076512,0.35465577,0.032881793,0.7086768
0.021907069,0.595445,0.595445,0.5735379,10.0,0.04373231,False,False,False,False,-2.654024,-3.1145382,0.36054897,-1.1688714,-1.4669158,0.19578588,0.021907069,0.5954451
0.039012015,0.67931294,0.67931294,0.6403009,2.857142925262451,0.18020391,False,True,False,True,-0.6588795,-1.9281378,1.1252649,-0.007021904,1.6817293,0.31875354,0.039012015,0.67931294
0.2280394,0.6980165,0.6980165,0.46997714,11.428571701049805,0.08912193,False,False,False,False,-2.699968,-2.1538,1.0473194,-1.6567287,0.64161706,0.4649677,0.2280394,0.6980165
0.29440212,0.5859384,0.5859384,0.29153627,2.857142925262451,0.10220536,False,True,False,True,1.7776723,-0.8912914,-1.4842999,-1.5688844,0.7058058,0.34716558,0.29440212,0.5859384
0.26804394,0.70658386,0.70658386,0.43853992,2.857142925262451,0.28590173,False,True,False,True,-0.14795804,-0.06101346,-1.2542884,-3.6157584,1.1939712,0.38835087,0.26804394,0.70658386
0.09403253,0.9971396,0.9971394,0.90310705,4.285714149475098,0.13390303,False,False,False,False,0.98191214,-3.7189174,-1.1531324,-1.5190427,-2.2741108,0.27112406,0.09403253,0.9971396
0.04820858,0.5696542,0.5696542,0.52144563,2.857142925262451,0.16983467,False,True,False,True,-1.2468927,-1.3039811,0.3839934,0.8905654,-0.47393465,0.40282828,0.04820858,0.5696542
0.22233817,0.9985788,0.9985788,0.7762406,1.4285714626312256,0.42096013,False,True,False,True,0.79414845,-0.7574432,-1.0128374,0.4032917,0.32438183,0.1474855,0.22233817,0.9985788
0.29187387,0.85482097,0.85482097,0.5629471,12.85714340209961,0.040582657,False,False,False,False,-1.1408212,-0.44658732,-0.61735034,-4.815772,-2.4753914,0.19934261,0.29187387,0.855059
0.08375901,0.9741885,0.9741885,0.8904295,11.428571701049805,0.05671047,False,False,False,False,1.6555929,-0.98639464,-0.028436422,-3.9822865,-2.7721057,0.19965859,0.08375901,0.9750025
0.046513796,0.5118172,0.5118172,0.46530342,2.857142925262451,0.13985391,False,True,False,True,-1.1038493,-2.2417233,0.36276913,0.46270752,-0.7572429,0.39299154,0.046513796,0.5118172
0.1837313,0.9580023,0.9580023,0.774271,4.285714149475098,0.2518518,False,True,False,True,-0.8835602,-1.0836806,1.2528403,-0.9061527,1.3947916,0.14270368,0.1837313,0.9580023
0.13377985,0.7362535,0.7362535,0.6024736,4.285714149475098,0.13187166,False,True,False,True,-2.0473688,-0.6158726,-1.62007,-0.04870367,0.8033619,0.47155234,0.13377985,0.7362535
0.07391509,0.55092305,0.55092305,0.47700796,5.714285850524902,0.14445576,False,False,False,False,-2.0020008,-0.16628385,-0.069236994,-2.7796965,-0.33668923,0.39199924,0.07391509,0.5509231
0.266229,0.60309786,0.60309786,0.33686885,7.142857551574707,0.09418586,False,False,False,False,-1.1086335,-1.3960745,0.20121765,-2.7980528,-0.17487359,0.25670803,0.266229,0.6030979
0.097488485,0.5818461,0.581846,0.48435763,2.857142925262451,0.14921246,False,False,False,False,1.9108748,-1.9810066,1.4047794,-0.792161,-2.380323,0.43639228,0.097488485,0.5818461
0.17145145,0.7550508,0.7550508,0.5835993,8.571428298950195,0.1271365,False,False,False,False,0.5940962,-1.6217911,-1.0059268,-3.4095182,1.6857243,0.050053295,0.17145145,0.7550508
0.11761909,0.5187075,0.5187074,0.40108842,10.0,0.061448637,False,False,False,False,-2.4960299,-1.1306288,-1.796206,-2.0894206,-1.0276239,0.40153062,0.11761909,0.5187075
0.1453479,0.9570527,0.9570527,0.8117048,2.857142925262451,0.28402972,False,True,False,True,-0.69029117,-0.42530417,-1.152009,0.5282078,0.8915918,0.24932538,0.1453479,0.9570527
0.28843832,0.89892924,0.898929,0.6104909,5.714285850524902,0.06401174,False,False,False,False,-0.45958543,-1.7286711,0.16426611,-1.7741499,-2.6699376,0.145055,0.28843832,0.89892924
0.2326943,0.83616704,0.83616656,0.6034727,2.857142925262451,0.16459562,False,True,False,True,-0.36987257,-0.10971832,-0.7809336,-0.7166357,-1.8085904,0.44894323,0.2326943,0.8361671
0.11420737,0.6040142,0.6040142,0.48980683,2.857142925262451,0.12917139,False,True,False,True,-0.649498,-0.63754725,1.0877523,-0.44829273,-1.4307601,0.28127596,0.11420737,0.6040143
0.29196084,0.50263083,0.50263083,0.21067,2.857142925262451,0.13008636,False,True,False,True,0.10670352,-0.27939463,1.1773009,-2.83744,0.9291339,0.25831243,0.29196084,0.50263083
0.16321716,0.81544596,0.8154455,0.65222883,1.4285714626312256,0.26449367,False,True,False,True,0.17325497,-3.7661836,0.953033,0.15513039,1.4166551,0.20119199,0.16321716,0.81544596
0.07358961,0.546411,0.546411,0.47282135,4.285714149475098,0.11880482,False,False,False,False,-1.3570955,-0.12627268,1.3695645,-0.5150609,-1.51823,0.43233392,0.07358961,0.54641104
0.26643914,0.98862994,0.98862994,0.7221908,4.285714149475098,0.115340486,False,False,False,False,-1.2829297,-2.1841116,1.261769,-0.7626467,0.40111756,0.20679778,0.26643914,0.98862994
0.1523032,0.6856247,0.6856247,0.5333215,5.714285850524902,0.21830863,False,False,False,False,-2.6540186,-0.20047069,0.39214778,-0.9540763,0.4769988,0.40611148,0.1523032,0.6856247
0.28039214,0.5292324,0.5292324,0.24884024,27.142858505249023,0.015472731,False,False,False,False,-1.3617499,-3.2836769,-0.076981306,-3.684073,0.9919095,0.11391106,0.28039214,0.5292324
0.15789582,0.6788707,0.6788707,0.5209749,2.857142925262451,0.12192749,False,False,False,False,1.5818291,-1.7734535,-1.8852861,-1.1004496,-2.1095338,0.09676493,0.15789582,0.6788708
0.24723183,0.6455749,0.6455749,0.3983431,1.4285714626312256,0.23792934,False,True,False,True,0.116966486,-0.4183023,-1.8342168,0.98388195,-1.886275,0.23053776,0.24723183,0.6455749
0.0131246755,0.57003385,0.57003385,0.55690914,10.0,0.12890962,False,False,False,False,-1.7600145,-2.467918,0.7817333,-2.1299162,1.7774868,0.37214434,0.0131246755,0.57003385
0.12007598,0.839509,0.839509,0.719433,4.285714149475098,0.13811468,False,False,False,False,-0.3030095,-2.076623,-0.60778284,-1.0133958,0.54918337,0.14440048,0.12007598,0.839509
0.15502053,0.83557916,0.83557916,0.6805586,2.857142925262451,0.14209779,False,False,False,False,0.40594316,-2.1794462,1.0055144,-0.9279332,-2.8463836,0.06002521,0.15502053,0.8355793
0.02786742,0.9430411,0.9430411,0.91517365,10.0,0.06983933,False,False,False,False,-2.2821548,-3.0299513,-1.9111528,-1.4317927,1.3119926,0.47434697,0.02786742,0.9430411
0.1687404,0.86730146,0.86730146,0.6985611,2.857142925262451,0.20642325,False,True,False,True,-1.501311,-3.7614293,1.2835202,0.5208683,-0.62832284,0.21036997,0.1687404,0.86730146
0.18413204,0.81627256,0.81627256,0.6321405,2.857142925262451,0.11597939,False,False,False,False,0.6561289,-3.0072799,0.0666461,-1.1742265,-0.13783526,0.32178304,0.18413204,0.8162726
0.05459803,0.50291616,0.50291616,0.44831812,10.0,0.0304631,False,False,False,False,0.85324025,-3.0147827,1.6548443,-2.770627,-2.5373538,0.4243544,0.05459803,0.5029185
0.2516023,0.70931417,0.70931417,0.45771188,4.285714149475098,0.07600392,False,False,False,False,-0.7121422,-0.07401109,-1.5152209,-1.3496461,-2.4406075,0.36700928,0.2516023,0.70931435
0.18381634,0.54990244,0.54990244,0.3660861,28.571430206298828,0.008857439,False,False,False,False,-2.7252104,-3.4945464,-1.2287323,-3.1204574,-1.6961684,0.37401053,0.18381634,0.54990494
0.06399007,0.94348663,0.94348663,0.8794966,8.571428298950195,0.07016498,False,False,False,False,-0.1820159,-3.8540962,1.4324164,-2.2077103,1.8378735,0.45074174,0.06399007,0.94348663
0.06352025,0.5278246,0.5278246,0.46430433,37.14285659790039,0.010466164,False,False,False,False,-2.6360493,-3.8529873,1.3397355,-3.539435,-2.3312368,0.12874587,0.06352025,0.5290544
0.2984777,0.7119302,0.7119302,0.4134525,2.857142925262451,0.11955509,False,True,False,True,-0.17895865,-3.7148852,-0.5587034,-0.10994911,-2.4276502,0.42798638,0.2984777,0.7119303
0.017889513,0.58077776,0.58077776,0.56288826,2.857142925262451,0.16892712,False,True,False,True,-0.8012202,-3.9016354,1.8561661,0.40361023,-0.76800823,0.40897444,0.017889513,0.58077776
0.08462922,0.7933071,0.7933071,0.7086779,25.71428680419922,0.01849929,False,False,False,False,1.8491182,-3.9858322,-0.21097398,-3.5998302,-2.8601804,0.31195897,0.08462922,0.7992649
0.035159737,0.8245154,0.8245149,0.78935564,5.714285850524902,0.36483195,False,False,False,False,-1.4335899,-1.3358147,0.2643187,-4.980157,1.0935063,0.41410613,0.035159737,0.8245154
0.21105386,0.8181181,0.8181181,0.60706425,4.285714149475098,0.123473056,False,False,False,False,-1.6840167,-0.626209,-0.96179175,-0.118130684,-2.0856628,0.1538234,0.21105386,0.8181181
0.186254,0.89549714,0.89549655,0.7092432,4.285714149475098,0.12259711,False,False,False,False,-1.6423788,-0.5294075,0.38017178,-0.56601095,-1.9824352,0.32944277,0.186254,0.8954972
0.14731394,0.71276635,0.71276635,0.5654524,7.142857551574707,0.054417226,False,False,False,False,1.8068476,-0.73200154,1.9658413,-3.3145895,-2.559515,0.3148328,0.14731394,0.7127886
0.25553355,0.72319484,0.72319484,0.4676613,5.714285850524902,0.06629475,False,False,False,False,-2.5129406,-2.0697002,0.058795452,-0.16120243,0.6994865,0.31303144,0.25553355,0.72319484
0.048584197,0.70784146,0.70784146,0.65925723,20.0,0.021750215,False,False,False,False,1.5110741,-3.8199441,-0.058719635,-3.3435016,1.1040797,0.21211489,0.048584197,0.70784146
0.14209703,0.8610804,0.8610804,0.7189834,7.142857551574707,0.11521333,False,False,False,False,-0.49856234,-0.6539576,1.1018634,-4.713197,-1.5564214,0.16587307,0.14209703,0.8610804
0.20883845,0.7592506,0.7592506,0.5504121,2.857142925262451,0.16591863,False,True,False,True,-0.8637364,-0.17933631,0.2203691,-0.3395009,-1.1009936,0.4054371,0.20883845,0.75925064
0.18582477,0.93756,0.93755984,0.75173527,8.571428298950195,0.120852,False,False,False,False,-0.58335376,-1.1138818,0.28244066,-3.891468,-1.2756168,0.12740888,0.18582477,0.93756
0.14828233,0.7075889,0.7075889,0.55930656,5.714285850524902,0.07222475,False,False,False,False,-1.9352775,-1.3293407,-1.544039,-0.7642007,-2.8441944,0.18662365,0.14828233,0.70758903
0.06682606,0.6886761,0.6886761,0.6218501,2.857142925262451,0.17750706,False,False,False,False,0.9069252,-2.797513,0.6629181,-0.6823721,0.18326855,0.056960307,0.06682606,0.6886761
0.28435034,0.75085634,0.75085634,0.466506,4.285714149475098,0.06502514,False,False,False,False,-0.5418031,-1.2319913,1.4071102,-1.380805,-2.2122555,0.051409584,0.28435034,0.7508565
0.16883433,0.9843091,0.9843091,0.81547475,15.714285850524902,0.09326092,False,False,False,False,-2.7217388,-2.5499506,0.7669685,-2.094317,1.1477108,0.23647676,0.16883433,0.9843091
0.12056435,0.8383923,0.8383923,0.717828,24.285715103149414,0.034793638,False,False,False,False,-2.7201571,-1.8010898,-1.6280048,-4.021484,-2.8409603,0.38547263,0.12056435,0.84076715
0.21384086,0.89190483,0.89190465,0.678064,10.0,0.075438626,False,False,False,False,-0.21700406,-1.3475523,-1.6802032,-3.0638943,-1.1846497,0.111579016,0.21384086,0.89190495
0.17474115,0.6289925,0.6289925,0.45425135,42.85714340209961,0.015773097,False,False,False,False,-1.4042146,-3.366927,-1.0411131,-4.796883,-2.1272535,0.21302168,0.17474115,0.6300152
0.19891341,0.76996046,0.76996046,0.57104707,8.571428298950195,0.12000881,False,False,False,False,-2.5477865,-0.98970604,1.5987206,-1.8577821,-0.8555541,0.17547472,0.19891341,0.7699606
0.28733107,0.7450533,0.7450533,0.45772222,2.857142925262451,0.115293816,False,True,False,True,-1.6430645,-0.6278281,1.1781816,0.21619844,1.2246504,0.14148918,0.28733107,0.7450533
0.17403677,0.5362415,0.5362415,0.3622047,8.571428298950195,0.112159684,False,False,False,False,-2.7998333,-0.7322366,-1.2863324,-3.4089608,-0.012939692,0.43471727,0.17403677,0.53624153
0.020467885,0.6661491,0.6661491,0.6456812,8.571428298950195,0.08071599,False,False,False,False,-2.202252,-1.2582073,-0.54827213,-1.1806993,1.6798744,0.12837262,0.020467885,0.6661491
0.2879622,0.50937724,0.50937724,0.22141504,7.142857551574707,0.0921628,False,False,False,False,-0.6936343,-2.6731904,1.9517546,-3.7937462,0.9482796,0.36223438,0.2879622,0.50937724
0.06299242,0.80974954,0.80974954,0.74675715,5.714285850524902,0.084558554,False,False,False,False,1.3258281,-2.637152,-0.7047894,-1.8999352,1.1949816,0.39041677,0.06299242,0.80974954
0.22985937,0.6676893,0.6676893,0.43782997,4.285714149475098,0.17018256,False,True,False,True,-0.6019814,-1.3417943,-0.001462698,-2.74421,0.6567881,0.46704686,0.22985937,0.6676893
0.28892028,0.7171018,0.7171018,0.42818153,1.4285714626312256,0.16986771,False,True,False,True,-0.4658823,-1.6193099,-1.1625798,0.54447985,0.81992126,0.37250218,0.28892028,0.7171018
0.20165192,0.5123712,0.5123712,0.31071925,12.85714340209961,0.018931963,False,False,False,False,1.386682,-2.2345197,1.6121168,-3.8042903,-2.9448335,0.3911474,0.20165192,0.5128269
0.223875,0.5182584,0.5182584,0.2943834,1.4285714626312256,0.1748577,False,True,False,True,0.5857873,-2.4273305,0.8139281,0.72441053,1.5178714,0.2830687,0.223875,0.5182584
0.19882853,0.50467277,0.50467277,0.30584425,4.285714149475098,0.10034679,False,True,False,True,-0.31527805,-1.3525491,1.022486,-0.9167409,1.1766105,0.29069346,0.19882853,0.50467277
0.19962512,0.67514086,0.67514086,0.47551572,5.714285850524902,0.069273,False,False,False,False,-1.6986027,-1.0867848,0.69131756,-0.7191982,0.51007223,0.08488559,0.19962512,0.67514086
0.1944829,0.83599615,0.83599615,0.6415132,2.857142925262451,0.22223549,False,True,False,True,-0.9048028,-2.157868,1.6876276,0.68694973,0.7402339,0.18731292,0.1944829,0.83599615
0.24797745,0.8532144,0.8532144,0.60523695,2.857142925262451,0.1757617,False,False,False,False,1.4149132,-1.8423824,-1.8850617,-0.7946472,-2.4900532,0.30421463,0.24797745,0.8532145
0.07262657,0.9907731,0.9907731,0.9181465,2.857142925262451,0.40355855,False,True,False,True,1.8659506,-0.071804285,-1.8292418,-1.9261241,0.22175646,0.23052591,0.07262657,0.9907731
0.1406472,0.5536751,0.5536751,0.4130279,31.428571701049805,0.016318293,False,False,False,False,-2.0004013,-3.8498452,-1.8272657,-3.6335733,-0.2370789,0.42685592,0.1406472,0.5536752
0.20906185,0.85451,0.8545096,0.64544815,7.142857551574707,0.07199371,False,False,False,False,1.3545351,-2.1478925,-0.7218292,-2.088657,0.5879948,0.24687797,0.20906185,0.85451007
0.117940865,0.8544554,0.8544554,0.73651457,4.285714149475098,0.3643254,False,True,False,True,-2.1474774,-0.20157862,1.3253274,-2.1427686,1.110704,0.21286725,0.117940865,0.8544554
0.11721805,0.94242716,0.94242716,0.82520914,15.714285850524902,0.03647323,False,False,False,False,-2.3544683,-2.4841943,-1.3307333,-2.257279,-1.4874401,0.20059246,0.11721805,0.94242716
0.28713343,0.5813451,0.5813451,0.29421166,8.571428298950195,0.024537673,False,False,False,False,0.11490083,-3.9316416,-1.3848257,-2.2336588,0.32608366,0.41502213,0.28713343,0.5813451
0.11747765,0.50565785,0.50565785,0.3881802,10.0,0.030877078,False,False,False,False,1.8622565,-0.65674186,-1.5914519,-4.4680414,-2.4515176,0.2793775,0.11747765,0.5057336
0.19694076,0.6414866,0.6414866,0.4445458,10.0,0.045462783,False,False,False,False,-1.2100505,-0.7471924,-0.14291596,-4.3940916,-2.1423724,0.3589996,0.19694076,0.64149284
0.124552295,0.78669536,0.78669536,0.66214305,8.571428298950195,0.21869169,False,False,False,False,-2.547153,-1.1505022,-1.0681825,-4.6278367,1.792387,0.36546257,0.124552295,0.78669536
0.008215446,0.6490522,0.6490522,0.6408368,15.714285850524902,0.027411103,False,False,False,False,1.53058,-3.777374,-0.39788437,-3.0623085,-2.928413,0.46581477,0.008215446,0.6494148
0.010181898,0.6338377,0.6338377,0.6236558,1.4285714626312256,0.34860724,False,True,False,True,0.7691703,-0.1899736,-0.52822375,0.48492718,-0.55105734,0.067064025,0.010181898,0.6338377
0.21498708,0.72880065,0.72880065,0.51381356,4.285714149475098,0.26978257,False,True,False,True,-0.5152621,-0.37786865,-0.85429883,-2.4649553,1.2090626,0.2195297,0.21498708,0.72880065
0.17782503,0.729801,0.72980094,0.55197597,14.285715103149414,0.12142194,False,False,False,False,-1.474288,-3.2958248,1.9631417,-3.6113324,-0.24244547,0.35313588,0.17782503,0.729801
0.20317556,0.6323366,0.6323366,0.42916107,11.428571701049805,0.07841554,False,False,False,False,-0.98317766,-2.8417656,0.69115686,-2.8748515,0.4317901,0.39088964,0.20317556,0.6323366
0.07982206,0.92960274,0.92960274,0.8497807,10.0,0.12587628,False,False,False,False,-2.2190087,-2.5463223,0.6395185,-1.6766922,1.94379,0.42699063,0.07982206,0.92960274
0.2196093,0.9291483,0.9291481,0.709539,18.571428298950195,0.077932596,False,False,False,False,-1.9252272,-2.6750762,1.4823956,-4.2052016,-1.1947908,0.09008041,0.2196093,0.9291483
0.026587524,0.9450136,0.9450136,0.91842604,1.4285714626312256,0.36000407,False,True,False,True,1.6977191,-2.6971579,-1.478864,-0.41690826,-2.1167822,0.20002134,0.026587524,0.94501364
0.013979263,0.7172883,0.7172882,0.70330906,5.714285850524902,0.09914847,False,False,False,False,-0.75120926,-1.7339611,0.116815805,-1.5710018,-1.5953035,0.49545988,0.013979263,0.7172883
0.2500546,0.8840251,0.8840251,0.6339705,4.285714149475098,0.13747996,False,False,False,False,-1.9557006,-3.3612173,1.0745163,0.20172358,0.68301725,0.34239018,0.2500546,0.8840251
0.29995072,0.57053614,0.57053614,0.27058542,2.857142925262451,0.06671147,False,True,False,True,-1.2273036,-2.8461447,0.5926001,-0.11701965,1.1689725,0.27593884,0.29995072,0.57053614
0.24751288,0.8658903,0.8658903,0.61837745,1.4285714626312256,0.22693425,False,True,False,True,0.53724694,-0.2870605,0.12490058,-0.18804455,1.6969213,0.100752994,0.24751288,0.8658903
0.00056245923,0.8828399,0.8828399,0.8822775,2.857142925262451,0.25018552,False,True,False,True,0.81375694,-0.99617934,1.1963623,-1.0412955,0.8874297,0.07093185,0.00056245923,0.8828399
0.22294581,0.6414491,0.6414491,0.41850328,7.142857551574707,0.10327648,False,False,False,False,1.9895043,-2.5968604,1.5375702,-2.326724,0.7541237,0.25670657,0.22294581,0.6414491
0.2943384,0.98881245,0.98881245,0.69447404,4.285714149475098,0.11869995,False,False,False,False,-2.5553172,-0.93188286,-0.83935857,0.23819351,-0.16220951,0.18328491,0.2943384,0.98881245
0.16144948,0.53321916,0.53321916,0.37176967,10.0,0.082603194,False,False,False,False,-1.7961223,-1.1105244,0.5737226,-3.842537,-0.18253708,0.07788658,0.16144948,0.5332192
0.216063,0.8871707,0.8871707,0.67110765,2.857142925262451,0.15897107,False,False,False,False,1.637857,-0.99611735,1.5843041,-1.4183104,-1.5643619,0.3899586,0.216063,0.8871708
0.17313853,0.6782163,0.6782163,0.5050777,2.857142925262451,0.20970629,False,True,False,True,-0.8829632,-0.008380175,-1.2756898,-4.6757135,0.1686368,0.47831678,0.17313853,0.67821634
0.05181885,0.6239512,0.6239512,0.57213235,11.428571701049805,0.16905585,False,False,False,False,-2.6322947,-0.65709805,-1.9669316,-3.2366786,0.8875313,0.14775732,0.05181885,0.6239512
0.15935597,0.7510929,0.7510929,0.5917369,8.571428298950195,0.08809177,False,False,False,False,0.6940069,-2.8525836,-0.45565867,-2.7214732,0.8570614,0.47263947,0.15935597,0.7510929
0.14260757,0.54180837,0.54180837,0.3992008,4.285714149475098,0.18069711,False,True,False,True,-0.755759,-1.0473197,1.4430909,-1.2893109,1.0447674,0.20427372,0.14260757,0.54180837
0.24070914,0.69497985,0.69497985,0.45427072,17.14285659790039,0.06072405,False,False,False,False,0.58728623,-3.0294163,-0.30703855,-4.9351144,-0.2862079,0.34582794,0.24070914,0.6949799
0.21804672,0.9096775,0.9096775,0.6916308,1.4285714626312256,0.24389872,False,True,False,True,-0.37937927,-0.11968732,0.025277138,0.16017628,1.9490967,0.46645725,0.21804672,0.9096775
0.059620645,0.6541824,0.6541824,0.59456176,5.714285850524902,0.10651367,False,False,False,False,1.7820969,-2.1964393,1.604666,-3.2342305,-1.2919285,0.3760362,0.059620645,0.65418255
0.0997414,0.88753456,0.88753456,0.78779316,5.714285850524902,0.26556537,False,False,False,False,-0.36559057,-1.8351958,0.10124588,-2.401933,0.2958169,0.49238375,0.0997414,0.88753456
0.10843524,0.64374626,0.64374626,0.535311,4.285714149475098,0.1261613,False,False,False,False,0.11227441,-0.73477864,1.631377,-2.286909,-1.0196291,0.186258,0.10843524,0.6437464
0.15593664,0.84653246,0.84653246,0.6905958,4.285714149475098,0.31834012,False,True,False,True,-1.1173263,-0.83107543,0.60030985,-3.415366,0.91398454,0.29517755,0.15593664,0.84653246
0.16513306,0.9122826,0.9122826,0.7471495,4.285714149475098,0.14085618,False,False,False,False,-1.9003909,-2.2116244,1.5255251,-0.056357384,0.9092519,0.24342744,0.16513306,0.9122826
0.018164296,0.5022764,0.5022764,0.4841121,2.857142925262451,0.124304116,False,True,False,True,-0.064715624,-0.89864135,1.0133708,-0.6842451,0.6760888,0.12426232,0.018164296,0.5022764
0.11082693,0.94369984,0.94369966,0.8328729,4.285714149475098,0.12332235,False,False,False,False,1.4591589,-3.1124907,-1.5725257,-1.6164541,-0.9814439,0.34643543,0.11082693,0.94369984
0.17354247,0.59208745,0.59208745,0.41854498,31.428571701049805,0.035822332,False,False,False,False,-2.8703048,-3.9709396,1.7226288,-3.3018165,0.11265206,0.3569958,0.17354247,0.5920875
0.2138505,0.83830094,0.83830094,0.62445045,5.714285850524902,0.08497403,False,False,False,False,-0.22890258,-3.309438,1.6870978,-1.5368483,1.3057904,0.4339436,0.2138505,0.83830094
0.21951084,0.9346087,0.9346087,0.71509784,10.0,0.11209233,False,False,False,False,0.90986466,-3.275064,1.5091345,-2.6449037,1.4321151,0.25993606,0.21951084,0.9346087
0.035124727,0.73816645,0.73816633,0.70304173,11.428571701049805,0.12568718,False,False,False,False,-0.0250175,-2.3877783,0.8157542,-4.989438,-0.75653815,0.22919199,0.035124727,0.73816645
0.043683156,0.9025949,0.9025949,0.85891175,2.857142925262451,0.24376138,False,True,False,True,0.08142185,-3.9440718,1.638094,-0.30092192,1.9665174,0.17828847,0.043683156,0.9025949
0.0063300137,0.6465698,0.6465698,0.6402398,7.142857551574707,0.057730157,False,False,False,False,1.849886,-3.1657069,-1.1733367,-2.2213197,1.6257777,0.24020694,0.0063300137,0.6465698
0.11234739,0.8880997,0.8880997,0.7757523,4.285714149475098,0.1743732,False,False,False,False,-1.9306989,-0.4921155,-1.4628596,0.23943758,0.43397975,0.25491115,0.11234739,0.8880997
0.03235742,0.7913425,0.79134196,0.7589851,11.428571701049805,0.19002813,False,False,False,False,-1.9155883,-2.7725964,1.7647293,-3.1600094,-0.24617219,0.4577465,0.03235742,0.7913425
0.24343011,0.6672863,0.6672863,0.42385617,2.857142925262451,0.12242263,False,True,False,True,-0.43066072,-3.0331163,1.6147051,0.06612921,-0.66380644,0.25079983,0.24343011,0.6672863
0.11682251,0.85619926,0.85619926,0.7393768,1.4285714626312256,0.3351078,False,True,False,True,0.9153445,-3.3341696,-1.6428885,0.0030107498,1.2053881,0.100090414,0.11682251,0.85619926
0.026900627,0.9121625,0.912162,0.88526183,2.857142925262451,0.38753206,False,True,False,True,0.8354697,-0.8083086,1.4016926,-3.3730185,0.032717943,0.46827418,0.026900627,0.91216254
0.27629396,0.5672588,0.5672588,0.2909648,7.142857551574707,0.05205544,False,False,False,False,0.13247085,-1.9125686,1.9812889,-3.2460806,-1.1883532,0.107795805,0.27629396,0.56725895
0.05286847,0.6778684,0.6778684,0.62499994,18.571428298950195,0.069854036,False,False,False,False,1.7357731,-3.4717128,1.1464434,-3.4980483,1.6969981,0.12435387,0.05286847,0.6778684
0.17252997,0.6374026,0.6374026,0.46487263,12.85714340209961,0.038437966,False,False,False,False,-2.509928,-0.09896016,0.73945475,-3.629425,-2.390112,0.20063058,0.17252997,0.6374312
0.0065364544,0.7970444,0.7970444,0.7905079,1.4285714626312256,0.39241242,False,True,False,True,0.95274734,-2.9819105,0.59593415,0.15996742,-2.272473,0.099326864,0.0065364544,0.7970444
0.19803901,0.7933878,0.7933878,0.5953488,1.4285714626312256,0.27235994,False,True,False,True,1.4627557,-3.2759619,-0.26936722,-0.12198973,1.439815,0.3983828,0.19803901,0.7933878
0.0013432145,0.67049116,0.67049116,0.66914797,2.857142925262451,0.23651254,False,True,False,True,-0.316442,-0.2539451,0.07138848,-0.834105,-0.6824527,0.45319733,0.0013432145,0.6704912
0.26263225,0.9626271,0.9626271,0.69999486,21.428571701049805,0.046179086,False,False,False,False,-2.895871,-1.5303195,-0.45760083,-4.4655075,-2.414863,0.33917803,0.26263225,0.9629664
0.041548636,0.528634,0.528634,0.48708537,1.4285714626312256,0.31758392,False,True,False,True,1.2157011,-3.6146543,1.6625805,0.8596735,-0.37889743,0.058988217,0.041548636,0.528634
0.06950008,0.72608936,0.72608936,0.65658927,5.714285850524902,0.115639746,False,False,False,False,-0.09731054,-0.355232,1.2829397,-3.459013,-1.5882539,0.32820797,0.06950008,0.7260896
0.27661112,0.91859615,0.91859615,0.64198506,10.0,0.06348091,False,False,False,False,0.2233553,-2.7323747,0.71657777,-2.4271257,1.800569,0.09013604,0.27661112,0.91859615
0.06468686,0.5682556,0.5682556,0.50356877,7.142857551574707,0.051203214,False,False,False,False,-2.7387671,-1.5299838,-0.2560537,-0.5906863,1.3071241,0.15409897,0.06468686,0.5682556
0.27923602,0.53188026,0.53188026,0.25264424,1.4285714626312256,0.15989773,False,True,False,True,1.3146844,-3.6751738,-1.2451558,0.7026386,0.7883272,0.4294409,0.27923602,0.53188026
0.22813696,0.58683616,0.58683616,0.3586992,7.142857551574707,0.094036594,False,False,False,False,-1.1219842,-2.1686184,1.8499718,-2.8477488,-0.66738844,0.40261614,0.22813696,0.5868362
0.19616596,0.68645525,0.68645525,0.49028927,4.285714149475098,0.10802239,False,False,False,False,-2.6715775,-2.7553055,0.6382415,0.85483074,0.6272521,0.40519136,0.19616596,0.68645525
0.19280343,0.7247707,0.7247707,0.5319673,2.857142925262451,0.27958995,False,True,False,True,-0.9125836,-0.31774354,0.4260087,-1.4005706,0.96299934,0.4371893,0.19280343,0.7247707
0.27653858,0.68541133,0.68541133,0.40887275,2.857142925262451,0.11515112,False,True,False,True,-1.605755,-3.2152705,-0.9998069,0.44154644,1.4903765,0.15603969,0.27653858,0.68541133
0.22573401,0.6908753,0.6908753,0.4651413,10.0,0.081017256,False,False,False,False,-1.1317332,-1.3651302,-1.6257176,-3.7748935,-0.8657193,0.2042867,0.22573401,0.6908754
0.055267885,0.9764004,0.9764004,0.9211325,7.142857551574707,0.095347315,False,False,False,False,-2.6303666,-3.7412822,1.9312127,-0.6471553,-2.9885135,0.09040871,0.055267885,0.9764005
0.2678721,0.8642742,0.8642742,0.5964021,4.285714149475098,0.20334381,False,True,False,True,0.860276,-1.3471487,1.1322515,-1.4918275,1.2825122,0.09383985,0.2678721,0.8642742
0.1510223,0.8785866,0.8785866,0.7275643,7.142857551574707,0.12312031,False,False,False,False,0.32982874,-0.7210777,-0.39073992,-3.4251664,-1.1800976,0.106221944,0.1510223,0.87858677
0.29912707,0.5227194,0.5227194,0.22359231,17.14285659790039,0.0144591695,False,False,False,False,-0.034613848,-2.069129,0.75664735,-4.7356606,-2.1436746,0.07859377,0.29912707,0.52276415
0.00038618446,0.71334803,0.71334803,0.71296185,4.285714149475098,0.31784418,False,True,False,True,0.6875825,-0.5623975,-0.567009,-2.4727669,1.553689,0.09108919,0.00038618446,0.71334803
0.25593558,0.63345397,0.63345397,0.3775184,2.857142925262451,0.09054882,False,False,False,False,-0.82010746,-2.8186088,0.15601897,-0.40375185,0.83758163,0.34054163,0.25593558,0.63345397
0.078835815,0.5101862,0.5101862,0.43135038,5.714285850524902,0.20545848,False,False,False,False,-0.33300495,-1.3294928,0.6431956,-3.0763183,1.530159,0.103057444,0.078835815,0.5101862
0.28648055,0.83301014,0.8330101,0.5465296,14.285715103149414,0.10478709,False,False,False,False,-0.20087242,-3.553895,1.4232521,-4.008752,0.15914178,0.4747868,0.28648055,0.83301014
0.03705808,0.99313974,0.99313974,0.9560817,5.714285850524902,0.1251673,False,False,False,False,0.41303134,-1.6443467,1.1522796,-2.208426,-2.3743315,0.4737171,0.03705808,0.99313974
0.23534252,0.6654938,0.6654938,0.43015128,2.857142925262451,0.09622541,False,True,False,True,-0.36214733,-1.0825603,0.0554626,-0.7227211,1.2035465,0.062660374,0.23534252,0.6654938
0.2105409,0.5196322,0.5196322,0.30909133,4.285714149475098,0.05130619,False,False,False,False,-2.7505112,-3.6035821,0.1793375,0.33489037,-2.865447,0.34024978,0.2105409,0.5196322
0.22840863,0.6559652,0.6559652,0.42755657,17.14285659790039,0.033594847,False,False,False,False,0.052881956,-2.9814723,0.3124652,-3.1409326,1.5324979,0.06844094,0.22840863,0.6559652
0.074115016,0.8929398,0.8929398,0.81882477,8.571428298950195,0.15412623,False,False,False,False,0.20315862,-1.7997098,-1.8625937,-3.425902,-0.3945713,0.28190112,0.074115016,0.8929398
0.09098829,0.8210485,0.8210485,0.7300602,12.85714340209961,0.07653637,False,False,False,False,-1.6983314,-3.0611777,0.87474036,-2.3219724,0.28106308,0.41470286,0.09098829,0.8210485
0.24021547,0.81785476,0.81785476,0.5776393,2.857142925262451,0.21556939,False,True,False,True,1.49369,-1.682163,1.736314,-0.69685316,1.3355479,0.4502213,0.24021547,0.81785476
0.22684178,0.7304356,0.7304356,0.5035938,4.285714149475098,0.096790954,False,False,False,False,0.75402164,-0.775645,0.13521266,-1.4891958,-1.45875,0.26735547,0.22684178,0.7304357
0.11383764,0.96023065,0.96023005,0.846393,7.142857551574707,0.11535733,False,False,False,False,-1.3035094,-1.5053077,-0.064796925,-1.7461815,-1.0365119,0.27277118,0.11383764,0.96023077
0.14753692,0.51344,0.51344,0.36590308,11.428571701049805,0.023125483,False,False,False,False,-2.1950588,-3.524927,-0.3890369,-1.7770953,1.1442008,0.33726627,0.14753692,0.51344
0.16845185,0.93723774,0.93723774,0.7687859,8.571428298950195,0.23373969,False,False,False,False,-1.6806223,-1.4789045,-0.6404507,-3.836954,0.13038349,0.43557417,0.16845185,0.9372378
0.01112321,0.85185516,0.85185516,0.840732,2.857142925262451,0.23707257,False,True,False,True,1.6565042,-1.950423,1.999773,-1.0091648,0.32465363,0.35656798,0.01112321,0.85185516
0.21043833,0.84535503,0.8453546,0.6349167,7.142857551574707,0.05762324,False,False,False,False,1.5994964,-1.6269531,0.120289564,-2.512504,-2.4636548,0.30354124,0.21043833,0.84535545
0.04969615,0.8036886,0.8036884,0.75399244,11.428571701049805,0.053290345,False,False,False,False,1.7707481,-3.1966152,1.7609181,-2.6717849,-1.2291796,0.16120607,0.04969615,0.8036886
0.28858706,0.5840392,0.5840392,0.29545215,10.0,0.0573109,False,False,False,False,-1.0329967,-1.6325009,-1.9467041,-2.9723372,0.7843065,0.16561668,0.28858706,0.5840392
0.1783353,0.7266575,0.7266575,0.5483222,4.285714149475098,0.16861877,False,True,False,True,-1.9394138,-0.6698618,1.7225015,-0.6716924,0.82941604,0.115502626,0.1783353,0.7266575
0.29520863,0.5486455,0.5486455,0.25343686,8.571428298950195,0.0607902,False,False,False,False,-1.6761782,-1.5751438,0.811244,-4.0753293,-0.8066375,0.33394158,0.29520863,0.5486456
0.13895027,0.79604906,0.79604906,0.65709877,18.571428298950195,0.03248649,False,False,False,False,1.7067442,-2.1935966,0.44495153,-4.5883703,-2.6990767,0.1597983,0.13895027,0.79754066
0.007629669,0.90003514,0.90003514,0.89240545,8.571428298950195,0.2939426,False,False,False,False,1.7358174,-2.3309374,1.3786566,-4.516551,0.8997092,0.080516696,0.007629669,0.90003514
0.037090033,0.77015305,0.77015305,0.733063,18.571428298950195,0.05283598,False,False,False,False,-2.1319075,-3.1054115,-1.181102,-2.8283398,0.72081137,0.38762835,0.037090033,0.77015305
0.18741567,0.9407392,0.9407392,0.75332355,17.14285659790039,0.03090303,False,False,False,False,-2.567373,-3.6981182,-0.51085687,-2.257585,0.747334,0.372674,0.18741567,0.9407392
0.24622539,0.8993748,0.8993742,0.65314937,5.714285850524902,0.18962851,False,False,False,False,-0.7863362,-2.1774514,1.9328108,-1.7945642,1.2023773,0.16287506,0.24622539,0.8993748
0.099876225,0.6404566,0.6404566,0.5405804,4.285714149475098,0.09127613,False,False,False,False,1.466322,-3.185938,-1.9078889,-1.4682469,-0.81777406,0.48794743,0.099876225,0.6404567
0.1271253,0.8895069,0.8895069,0.76238155,2.857142925262451,0.23536764,False,True,False,True,-0.10981512,-3.597709,-1.6434758,-0.0683341,0.07115054,0.31931397,0.1271253,0.8895069
0.07848117,0.53658694,0.53658694,0.45810577,5.714285850524902,0.05363702,False,False,False,False,-1.4429219,-1.3931003,0.66732335,-1.2374468,-2.2074668,0.0666113,0.07848117,0.53658706
0.11036581,0.8958396,0.8958389,0.78547376,11.428571701049805,0.04753384,False,False,False,False,-2.666583,-2.6905456,-0.21167088,-1.5571785,-1.7900755,0.13023047,0.11036581,0.8958396
0.19614975,0.9675315,0.9675315,0.77138174,1.4285714626312256,0.37756336,False,True,False,True,0.811146,-0.13825226,0.9236362,0.1482873,-0.4595859,0.13633075,0.19614975,0.9675315
0.1513927,0.63067067,0.63067067,0.47927797,2.857142925262451,0.13625139,False,True,False,True,-1.3761704,-2.0623307,-1.7798939,0.3153329,-2.5305636,0.17463002,0.1513927,0.63067067
0.17123306,0.9158844,0.9158844,0.7446513,14.285715103149414,0.116174884,False,False,False,False,-0.48956537,-3.0887547,1.9383955,-3.7423208,-0.09686756,0.05994005,0.17123306,0.9158844
0.1058774,0.832888,0.832888,0.7270106,11.428571701049805,0.09130852,False,False,False,False,-2.0654209,-2.3961332,-0.07599282,-2.109035,-0.014953852,0.45664692,0.1058774,0.832888
0.20288107,0.72712976,0.72712976,0.5242487,10.0,0.03842867,False,False,False,False,-2.5541673,-3.1863613,-1.4414327,-1.3073478,-0.072604895,0.49489897,0.20288107,0.7271298
0.15839359,0.84650207,0.84650195,0.68810844,7.142857551574707,0.06503471,False,False,False,False,-1.4968374,-1.8058834,-0.93618774,-1.5268168,-1.0637592,0.12978119,0.15839359,0.84650207
0.27796465,0.53325397,0.53325397,0.25528932,12.85714340209961,0.015537319,False,False,False,False,-0.96051145,-1.9633601,-1.9831898,-3.0240445,-2.9883223,0.4984712,0.27796465,0.53331065
0.26267514,0.7475006,0.7475006,0.48482546,10.0,0.036141757,False,False,False,False,-2.4229195,-3.69607,1.1519308,-1.3719687,-2.8097553,0.20530477,0.26267514,0.7475008
0.16566747,0.93443966,0.93443966,0.7687722,4.285714149475098,0.14848405,False,False,False,False,-2.758778,-1.3061123,1.9883585,0.7356467,-0.28148794,0.21315435,0.16566747,0.93443966
0.2525729,0.88248324,0.88248324,0.62991035,1.4285714626312256,0.25624743,False,True,False,True,0.57929516,-3.6589298,1.0537474,-0.04693222,-2.6241739,0.11672531,0.2525729,0.88248324
0.19309567,0.89572805,0.89572793,0.70263237,8.571428298950195,0.17093058,False,False,False,False,-2.684239,-1.4486241,1.2077518,-1.392405,0.8335049,0.34765685,0.19309567,0.89572805
0.14210218,0.9629829,0.9629829,0.8208807,11.428571701049805,0.12982722,False,False,False,False,-1.351717,-1.9890501,-0.48425817,-2.5439758,0.46393204,0.18784754,0.14210218,0.9629829
0.21999301,0.9614058,0.9614058,0.7414128,2.857142925262451,0.48663563,False,True,False,True,0.3212471,-0.03997469,-0.09266019,-3.0856366,1.6988525,0.13358635,0.21999301,0.9614058
0.008768767,0.7013536,0.7013536,0.6925849,12.85714340209961,0.04448868,False,False,False,False,-1.9133608,-2.4029841,1.8056912,-2.2423053,-2.6931484,0.1502283,0.008768767,0.70135427
0.10247614,0.78085536,0.78085536,0.67837924,5.714285850524902,0.08633645,False,False,False,False,0.8828409,-2.2671645,-0.37328458,-1.7548594,-0.7016916,0.2350299,0.10247614,0.7808554
0.12703872,0.92610973,0.92610973,0.799071,4.285714149475098,0.12094317,False,False,False,False,-0.6519606,-2.2867453,-0.50614667,-1.2184396,-1.4533002,0.26204327,0.12703872,0.92610973
0.15327832,0.99532294,0.9953224,0.8420446,7.142857551574707,0.1808155,False,False,False,False,0.54796314,-1.1619647,-0.0122618675,-3.9007082,-0.33263707,0.098256156,0.15327832,0.99532294
0.001954633,0.63754094,0.63754094,0.6355863,2.857142925262451,0.18945225,False,True,False,True,-0.85942173,-0.089649916,-1.2455218,0.357172,0.43864107,0.17697719,0.001954633,0.63754094
0.022147823,0.66589725,0.66589725,0.6437494,2.857142925262451,0.30968425,False,True,False,True,0.6769333,-0.068662405,-1.6085765,-3.3491204,0.3893535,0.21898088,0.022147823,0.66589725
0.28958225,0.79020876,0.79020876,0.5006265,2.857142925262451,0.16304974,False,True,False,True,0.29648256,-3.9456162,-0.74311805,-0.23768234,0.69121265,0.17882432,0.28958225,0.79020876
0.08415224,0.67092824,0.67092824,0.586776,1.4285714626312256,0.3390809,False,True,False,True,0.6960535,-2.1724093,-0.75992036,0.5998044,-2.8386211,0.3538659,0.08415224,0.67092824
0.12059564,0.6502596,0.6502596,0.529664,15.714285850524902,0.023589231,False,False,False,False,1.4084396,-3.8229332,-0.26872182,-3.018356,1.3325038,0.1045409,0.12059564,0.6502596
0.1528134,0.9780645,0.97806436,0.8252511,2.857142925262451,0.32407543,False,True,False,True,1.3605795,-0.42925787,0.04128456,-0.795465,1.9976616,0.08172372,0.1528134,0.9780645
0.13713586,0.5764832,0.5764832,0.43934733,2.857142925262451,0.1464698,False,True,False,True,-1.1536028,-3.4808185,1.7713077,0.84223175,0.97454286,0.4441277,0.13713586,0.5764832
0.15966858,0.6925497,0.6925497,0.53288114,4.285714149475098,0.12053992,False,False,False,False,-2.710866,-1.168997,-0.5602057,0.933342,-0.2209394,0.4209312,0.15966858,0.6925497
0.22476807,0.63947517,0.63947517,0.4147071,14.285715103149414,0.018757164,False,False,False,False,-1.4613413,-3.7076788,-1.9444089,-2.6142178,-2.671432,0.050169945,0.22476807,0.640075
0.2908953,0.6905978,0.6905978,0.39970246,14.285715103149414,0.020093927,False,False,False,False,-0.4971795,-2.513007,-1.5059164,-2.9166918,-2.1054893,0.31556135,0.2908953,0.69059813
0.12936044,0.99959016,0.99959016,0.8702297,4.285714149475098,0.18499781,False,False,False,False,-0.1436739,-0.858546,0.8738611,-1.7436061,-1.3575708,0.23096493,0.12936044,0.9995903
0.10661681,0.90978134,0.90978134,0.80316454,1.4285714626312256,0.34995142,False,True,False,True,-0.14701891,-0.6909201,1.140342,0.4717059,-0.06858969,0.2788923,0.10661681,0.90978134
0.019080449,0.65453637,0.65453637,0.6354559,4.285714149475098,0.084636755,False,False,False,False,1.3626332,-0.44572425,-1.7757342,-1.7868917,-2.026906,0.12675914,0.019080449,0.65453655
0.25862688,0.61850345,0.61850345,0.35987657,2.857142925262451,0.16610883,False,True,False,True,1.7347941,-0.880183,-1.3823979,-2.6212816,0.59623075,0.40700063,0.25862688,0.61850345
0.2774593,0.6510001,0.6510001,0.3735408,11.428571701049805,0.03279036,False,False,False,False,-1.508879,-0.9176755,0.4371159,-3.5474348,-2.3934655,0.26191744,0.2774593,0.6510137
0.26730722,0.7145969,0.7145969,0.4472897,8.571428298950195,0.10409727,False,False,False,False,-0.8473687,-1.2435076,-1.6690571,-3.213872,-0.14546347,0.17230245,0.26730722,0.714597
0.09423978,0.79753673,0.79753673,0.70329696,1.4285714626312256,0.41802976,False,True,False,True,0.5595803,-2.3700478,-0.23083782,0.73814917,-2.4905317,0.118450806,0.09423978,0.79753673
0.22954543,0.79346263,0.79346263,0.5639172,4.285714149475098,0.08533053,False,False,False,False,-1.2338226,-1.3714483,-0.9227252,-0.88692856,-2.83173,0.28352273,0.22954543,0.79346275
0.022003556,0.8056458,0.8056458,0.7836423,22.85714340209961,0.04280133,False,False,False,False,-1.6005614,-2.7458384,0.43551898,-4.0702896,-2.4414563,0.27208745,0.022003556,0.8059959
0.2892158,0.6875068,0.6875068,0.398291,4.285714149475098,0.08935345,False,False,False,False,-2.1520329,-0.8951013,1.1666605,0.42253733,-2.0906534,0.28550312,0.2892158,0.6875068
0.03397794,0.6588019,0.6588019,0.624824,4.285714149475098,0.22720681,False,True,False,True,0.39245892,-0.91521406,0.06905246,-3.0523176,0.15280533,0.33640072,0.03397794,0.6588019
0.028185261,0.86864454,0.86864454,0.8404593,5.714285850524902,0.1326234,False,False,False,False,-2.6051,-3.6907742,1.4716599,0.10897255,-2.20364,0.057502568,0.028185261,0.8686446
0.22235362,0.64777076,0.64777076,0.42541713,10.0,0.07560437,False,False,False,False,1.5829082,-2.2996101,-0.6891358,-4.415174,-0.5917101,0.3998182,0.22235362,0.6477709
0.2722897,0.74439704,0.74439704,0.47210735,2.857142925262451,0.13645816,False,True,False,True,-1.5178661,-1.642293,0.9693818,0.4562254,0.028874636,0.41544944,0.2722897,0.74439704
0.011992318,0.90365946,0.90365946,0.8916671,1.4285714626312256,0.32073936,False,True,False,True,-1.0597687,-0.8038373,0.19983053,0.87116766,0.8525834,0.32610238,0.011992318,0.90365946
0.035453297,0.6450507,0.6450507,0.6095974,5.714285850524902,0.07637778,False,False,False,False,-1.3742943,-2.3577826,0.8950944,-1.1701164,-1.1802207,0.26234683,0.035453297,0.64505076
0.19116172,0.66762173,0.66762173,0.47646,2.857142925262451,0.10779025,False,False,False,False,-1.1274593,-1.987539,-0.5038371,-0.34099483,-0.62996435,0.13390559,0.19116172,0.66762173
0.26406777,0.74700236,0.74700236,0.4829346,1.4285714626312256,0.29672828,False,True,False,True,1.2859468,-2.0570288,1.7318273,0.59968996,1.9654574,0.29912424,0.26406777,0.74700236
0.021033723,0.93563926,0.93563926,0.91460556,31.428571701049805,0.026062021,False,False,False,False,0.31528687,-2.935078,-1.590229,-4.302627,-2.8785486,0.22371595,0.021033723,0.9442866
0.13794868,0.94800174,0.94800174,0.81005305,5.714285850524902,0.32396427,False,False,False,False,-2.5885708,-0.47244167,0.4344051,-4.1586847,1.6316605,0.34972787,0.13794868,0.94800174
0.14801416,0.9302187,0.9302187,0.7822045,8.571428298950195,0.22102025,False,False,False,False,-2.601495,-0.5597162,-0.17478347,-1.9136724,0.41379285,0.18283924,0.14801416,0.9302187
0.09667496,0.8211769,0.8211769,0.7245019,4.285714149475098,0.20581461,False,False,False,False,0.49612856,-1.033303,1.7084267,-3.9367223,-0.9570613,0.47118127,0.09667496,0.821177
0.013381165,0.7880249,0.7880249,0.7746437,1.4285714626312256,0.46075946,False,True,False,True,0.49085784,-3.8126435,0.026413202,0.7719655,-0.92191124,0.054769557,0.013381165,0.7880249
0.26390332,0.8356041,0.8356041,0.57170075,18.571428298950195,0.038614076,False,False,False,False,-1.2934606,-3.3324802,1.6245828,-3.6950068,-2.3027692,0.42781997,0.26390332,0.8356364
0.05025414,0.74285406,0.74285406,0.6925999,10.0,0.05502796,False,False,False,False,1.9969354,-1.9493248,1.5004954,-3.779182,-2.5360324,0.3001624,0.05025414,0.7429503
0.21888849,0.9673238,0.9673238,0.74843526,8.571428298950195,0.054117173,False,False,False,False,-0.7510288,-1.6922188,-0.49062967,-2.2141168,-2.7698913,0.1801443,0.21888849,0.96732414
0.15545547,0.59510136,0.59510136,0.4396459,1.4285714626312256,0.2501065,False,True,False,True,1.695096,-1.621634,-0.38741207,0.29660273,-0.38738585,0.27083993,0.15545547,0.59510136
0.20309263,0.5940202,0.5940202,0.39092755,38.57143020629883,0.025541663,False,False,False,False,-1.2334685,-3.803611,-0.18742204,-4.895965,-0.119047165,0.27461356,0.20309263,0.59402025
0.112865716,0.6100831,0.6100831,0.4972174,2.857142925262451,0.1674324,False,True,False,True,-0.51664615,-2.5574093,-1.1941233,0.3394661,-2.9658504,0.43425465,0.112865716,0.6100831
0.27652335,0.9548212,0.9548212,0.6782979,5.714285850524902,0.08349839,False,False,False,False,-2.9274728,-3.8972378,-0.6898544,-0.06442356,-0.004179001,0.11065222,0.27652335,0.9548213
0.13056806,0.6196958,0.6196958,0.48912773,1.4285714626312256,0.18718688,False,True,False,True,0.5389719,-0.042149544,1.3321533,-1.5741768,1.2278686,0.14679576,0.13056806,0.6196958
0.20065145,0.7632227,0.7632227,0.5625712,14.285715103149414,0.08115385,False,False,False,False,-0.9400208,-3.5828598,1.3596096,-3.185158,0.2701335,0.481349,0.20065145,0.7632227
0.05794015,0.66461277,0.66461277,0.60667264,18.571428298950195,0.13084324,False,False,False,False,1.9830346,-3.9788742,1.8523707,-4.6009054,1.9780822,0.29288888,0.05794015,0.66461277
0.017800767,0.8551079,0.8551079,0.83730716,4.285714149475098,0.3259152,False,True,False,True,-1.7836981,-0.80073404,1.718142,-0.18587494,1.3280573,0.49192885,0.017800767,0.8551079
0.03571576,0.5708148,0.5708148,0.535099,4.285714149475098,0.25855094,False,True,False,True,-0.2953596,-0.7945304,0.56440353,-1.9163485,1.1635818,0.18400171,0.03571576,0.5708148
0.28143027,0.8951918,0.8951917,0.61376154,2.857142925262451,0.15333289,False,False,False,False,1.2941799,-1.957875,-1.6257958,-0.9626255,-0.58121705,0.14152856,0.28143027,0.8951918
0.2394808,0.52336407,0.523364,0.28388327,17.14285659790039,0.033316657,False,False,False,False,1.6168513,-2.3257048,-1.2364268,-4.537781,-0.20781422,0.11731331,0.2394808,0.52336407
0.106613554,0.7824267,0.7824267,0.67581314,12.85714340209961,0.08042541,False,False,False,False,-2.279332,-1.7095222,0.48942208,-2.3951535,-1.0205283,0.16093788,0.106613554,0.78242683
0.2018197,0.8426821,0.8426821,0.6408624,14.285715103149414,0.029990187,False,False,False,False,-2.7440097,-2.346695,-0.31609225,-1.9342208,1.3580761,0.08637821,0.2018197,0.8426821
0.1279376,0.50273395,0.50273395,0.37479633,11.428571701049805,0.044451695,False,False,False,False,0.19396687,-2.5731392,1.1616309,-4.1229587,-1.5073116,0.2689598,0.1279376,0.5027342
0.16782883,0.96744674,0.96744674,0.7996179,5.714285850524902,0.08866167,False,False,False,False,0.84138584,-0.8183553,-1.7757506,-1.9942303,-2.6042123,0.23410054,0.16782883,0.96744704
0.1623532,0.6936612,0.69366103,0.531308,4.285714149475098,0.096906215,False,False,False,False,1.2582922,-0.96894336,0.26337695,-4.7682266,-1.3064845,0.47558096,0.1623532,0.6936612
0.25042748,0.87967336,0.87967336,0.6292459,4.285714149475098,0.2637106,False,True,False,True,-1.3624551,-1.0343966,1.2581692,-2.2617702,0.23221159,0.44069287,0.25042748,0.87967336
0.1836319,0.67828417,0.67828417,0.49465227,5.714285850524902,0.09951496,False,False,False,False,1.2071424,-1.2721529,0.5481267,-4.9521794,-0.99100924,0.2078664,0.1836319,0.6782843
0.099014826,0.50028944,0.50028944,0.40127462,11.428571701049805,0.05654832,False,False,False,False,-2.7806826,-0.32645655,-0.86681676,-4.848849,-1.5395446,0.32214168,0.099014826,0.5002897
0.098028935,0.7554023,0.7554022,0.65737337,4.285714149475098,0.15271431,False,False,False,False,0.33182716,-1.2290108,1.8618002,-4.965137,-0.9736748,0.18925822,0.098028935,0.7554023
0.22719869,0.897821,0.897821,0.67062235,4.285714149475098,0.107490584,False,False,False,False,1.8308711,-2.2091024,1.7122383,-1.58462,-1.802188,0.25335073,0.22719869,0.8978212
0.15925986,0.8820953,0.8820951,0.7228354,14.285715103149414,0.09395574,False,False,False,False,-1.329468,-2.24465,-1.6722958,-3.9104273,-1.1606269,0.40908086,0.15925986,0.8820953
0.03769176,0.5038011,0.5038011,0.46610934,12.85714340209961,0.10905586,False,False,False,False,-2.5862901,-1.590764,-1.6162837,-2.877362,1.5407639,0.28438884,0.03769176,0.5038011
0.26585788,0.51317644,0.51317644,0.24731857,4.285714149475098,0.052716702,False,False,False,False,-1.2556921,-2.784269,-1.8567243,-0.35833406,-0.44990253,0.24046025,0.26585788,0.51317644
0.29014176,0.501844,0.501844,0.21170223,2.857142925262451,0.061601605,False,True,False,True,0.29806542,-0.51885676,0.43163323,-0.39128685,-1.3872867,0.06313813,0.29014176,0.50184405
0.09598462,0.8433306,0.8433306,0.747346,7.142857551574707,0.1110023,False,False,False,False,-1.5198655,-0.18751979,-0.9573014,-2.5933096,-1.7821543,0.32089564,0.09598462,0.84333086
0.04966668,0.8970304,0.8970304,0.8473637,11.428571701049805,0.047493596,False,False,False,False,1.9377546,-3.502364,1.3093197,-2.7547946,-2.9915972,0.37281793,0.04966668,0.89709747
0.2073414,0.5378658,0.5378658,0.3305244,5.714285850524902,0.04167824,False,False,False,False,-0.935395,-3.2074509,-1.7415173,-1.3545825,-2.9092638,0.39866236,0.2073414,0.537866
0.10279243,0.66132134,0.66132134,0.5585289,12.85714340209961,0.028522389,False,False,False,False,0.80699277,-3.5764477,0.20299768,-2.865446,1.1717272,0.08475351,0.10279243,0.66132134
0.18560345,0.93364453,0.93364453,0.7480411,5.714285850524902,0.08516023,False,False,False,False,-0.71543837,-1.7973626,-1.2510881,-1.5914822,-0.38667703,0.16080517,0.18560345,0.93364453
0.16164573,0.87735987,0.87735987,0.71571416,4.285714149475098,0.23982358,False,True,False,True,0.78691244,-1.3552375,-0.8808758,-4.1717815,0.99416566,0.30970907,0.16164573,0.87735987
0.08128229,0.6940237,0.6940237,0.6127415,34.28571319580078,0.041609436,False,False,False,False,-1.6515532,-3.9857614,-1.373061,-4.8095007,1.0559964,0.4119907,0.08128229,0.6940237
0.17811847,0.649616,0.64961594,0.47149754,4.285714149475098,0.068858884,False,False,False,False,-1.022392,-2.8134413,-1.371918,-1.0554371,-1.3856231,0.12844954,0.17811847,0.649616
0.29706883,0.76110595,0.76110595,0.46403712,2.857142925262451,0.15521266,False,True,False,True,-0.0056815147,-2.0756707,0.64493394,-0.024445534,-2.6971579,0.16814882,0.29706883,0.761106
0.014207036,0.5018117,0.5018117,0.48760465,4.285714149475098,0.1013366,False,False,False,False,-0.9108784,-0.41998577,1.7420719,-0.9463115,-2.4696805,0.48961595,0.014207036,0.5018118
0.20255673,0.93201745,0.93201745,0.7294607,1.4285714626312256,0.29483593,False,True,False,True,-0.12135124,-2.5859308,-1.8605738,0.33183575,-0.19693208,0.15425552,0.20255673,0.93201745
0.14784384,0.6833158,0.6833158,0.535472,4.285714149475098,0.09683878,False,False,False,False,-0.765012,-0.5240233,1.2387934,-1.4905396,-1.8265898,0.102873445,0.14784384,0.683316
0.1241132,0.63980657,0.63980657,0.51569337,14.285715103149414,0.023952626,False,False,False,False,-2.751577,-3.8724678,-1.2695074,-1.9423983,-1.6303105,0.08595863,0.1241132,0.63981533
0.070243,0.7239002,0.7239002,0.6536572,2.857142925262451,0.18631096,False,True,False,True,-1.1031299,-0.79022217,1.1598365,-0.043219566,1.9942212,0.29052627,0.070243,0.7239002
0.16415055,0.82756424,0.82756424,0.6634137,2.857142925262451,0.16840464,False,True,False,True,-0.10052848,-2.7135375,1.5943549,-0.4240718,-2.3132763,0.2963158,0.16415055,0.82756424
0.09799612,0.61777604,0.617776,0.5197799,5.714285850524902,0.09107064,False,False,False,False,-2.1668549,-0.032579422,-0.69208956,-0.87100124,-1.7370872,0.3515231,0.09799612,0.61777604
0.088656776,0.8195332,0.8195332,0.73087645,10.0,0.06362732,False,False,False,False,-2.7362995,-1.295722,0.27429628,-1.0738804,-1.8727083,0.3228942,0.088656776,0.81953335
0.21122707,0.56341624,0.56341624,0.35218918,24.285715103149414,0.028426422,False,False,False,False,1.8341365,-3.6758587,0.7670891,-3.9348702,0.265903,0.22591229,0.21122707,0.56341624
0.20858316,0.62644374,0.62644374,0.41786057,5.714285850524902,0.1498511,False,False,False,False,1.2578607,-0.8702724,-1.3750358,-4.1172986,0.8661027,0.09841132,0.20858316,0.62644374
0.2712348,0.99446976,0.99446976,0.72323495,11.428571701049805,0.17901011,False,False,False,False,-2.7401867,-1.3795338,-0.84022164,-3.9797297,0.24404192,0.37902096,0.2712348,0.99446976
0.21920781,0.846045,0.846045,0.6268372,1.4285714626312256,0.28867403,False,True,False,True,0.36525297,-2.5779176,-0.34310246,0.2647295,-2.4434233,0.43664235,0.21920781,0.846045
0.25842428,0.7082433,0.7082433,0.44981903,7.142857551574707,0.040183976,False,False,False,False,0.27348018,-3.660565,0.79969215,-2.1812336,-0.46737385,0.17049764,0.25842428,0.70824337
0.17283885,0.5079528,0.5079528,0.33511394,17.14285659790039,0.07273699,False,False,False,False,-0.47968936,-3.708305,1.5358233,-4.7691846,1.0473804,0.37364057,0.17283885,0.5079528
0.2543615,0.9785793,0.9785793,0.7242178,15.714285850524902,0.05870439,False,False,False,False,-1.652642,-2.1326723,-1.4813886,-2.9707966,-1.0655382,0.20474046,0.2543615,0.9785794
0.11995059,0.99010086,0.99010086,0.87015027,2.857142925262451,0.21886596,False,False,False,False,-1.6195397,-0.9672303,0.12558055,0.19610596,-2.6803663,0.16353033,0.11995059,0.99010086
0.074114695,0.82044256,0.82044256,0.7463279,12.85714340209961,0.10234887,False,False,False,False,1.4786773,-2.5412576,-1.2328408,-3.4975002,-0.19252586,0.3259129,0.074114695,0.82044256
0.23470436,0.99406016,0.99406016,0.7593558,4.285714149475098,0.255859,False,False,False,False,-0.78906226,-0.51149154,-0.7624099,-3.684634,-0.11577797,0.2866068,0.23470436,0.9940602
0.17058489,0.7565702,0.7565702,0.5859853,2.857142925262451,0.18145321,False,True,False,True,-1.5068145,-0.14017844,0.9394698,0.55404043,0.2703116,0.24135986,0.17058489,0.7565702
0.18236375,0.57597554,0.57597554,0.3936118,10.0,0.029552886,False,False,False,False,-2.3463898,-2.665758,1.5148063,-1.4121463,0.16429567,0.2967762,0.18236375,0.57597554
0.100944884,0.68889505,0.68889505,0.58795017,15.714285850524902,0.07460434,False,False,False,False,-0.9708071,-2.4326012,-0.6835928,-3.8961759,-0.76060224,0.26962495,0.100944884,0.68889517
0.017968226,0.7385675,0.7385675,0.72059923,2.857142925262451,0.21527351,False,True,False,True,-1.2677064,-2.318967,-1.5966654,0.44524097,-1.8352549,0.3921934,0.017968226,0.7385675
0.12680621,0.7914314,0.7914314,0.6646252,22.85714340209961,0.06349526,False,False,False,False,-0.73077226,-3.7009559,0.10385847,-4.2392416,0.38431406,0.41579995,0.12680621,0.7914314
0.277083,0.5429266,0.5429266,0.2658436,2.857142925262451,0.08331426,False,True,False,True,-1.7512841,-1.2760277,-1.8882048,0.9882417,-0.6408231,0.32166395,0.277083,0.5429266
0.11267059,0.56704235,0.5670423,0.45437175,7.142857551574707,0.04436563,False,False,False,False,-1.802228,-1.6412337,-1.9955707,-1.3176041,-0.7125101,0.063946575,0.11267059,0.56704235
0.20331527,0.88761115,0.88761115,0.6842959,2.857142925262451,0.3345538,False,True,False,True,-0.25849056,-0.5262029,1.9037437,-4.8051267,0.39145923,0.10181861,0.20331527,0.88761115
0.14024033,0.6629709,0.6629709,0.5227306,18.571428298950195,0.018757727,False,False,False,False,-2.88164,-3.4435854,-1.793354,-2.2812781,0.41617823,0.109954424,0.14024033,0.66297096
0.012190104,0.6693441,0.6693441,0.657154,5.714285850524902,0.070176706,False,False,False,False,1.7680736,-3.8337011,-1.110079,-2.0281034,-2.4482403,0.4481928,0.012190104,0.6693444
0.08134565,0.5110562,0.5110562,0.42971054,2.857142925262451,0.108755894,False,False,False,False,-1.5454342,-2.0183275,-0.95022726,0.15373278,-2.6522033,0.15632018,0.08134565,0.5110562
0.23838727,0.5256348,0.5256348,0.28724754,10.0,0.042307075,False,False,False,False,-2.9796443,-1.2942986,1.8836582,-2.45867,-1.469953,0.3733604,0.23838727,0.525635
0.033970177,0.6258301,0.6258301,0.59185994,5.714285850524902,0.18139455,False,False,False,False,-1.693623,-0.30952024,0.89019585,-4.7850747,-0.45326138,0.104615755,0.033970177,0.6258302
0.116319366,0.6638383,0.6638383,0.54751897,10.0,0.10674625,False,False,False,False,1.9813261,-3.1531863,1.3746955,-4.722532,-0.6719842,0.4784798,0.116319366,0.66383845
0.26161772,0.6192611,0.6192611,0.35764337,24.285715103149414,0.021808093,False,False,False,False,-1.6052415,-3.4455051,0.64170575,-4.186905,-2.0900702,0.4704522,0.26161772,0.61927986
0.15714861,0.6757567,0.6757567,0.5186081,15.714285850524902,0.030081477,False,False,False,False,-0.44722366,-2.5373738,1.5225813,-4.693386,-2.7461348,0.38513297,0.15714861,0.6768689
0.020224072,0.8549723,0.8549723,0.8347482,1.4285714626312256,0.3067184,False,True,False,True,0.7804723,-1.1786022,-1.3605869,-0.28602982,0.95177865,0.24318366,0.020224072,0.8549723
0.26706734,0.79565406,0.79565406,0.52858675,8.571428298950195,0.041935664,False,False,False,False,0.98932004,-3.986703,-1.8504803,-2.3622403,-2.6923206,0.16261426,0.26706734,0.79572237
0.090424456,0.9642687,0.9642687,0.8738442,2.857142925262451,0.3220484,False,True,False,True,0.99355507,-1.5289857,1.9555733,-0.75845385,0.23616242,0.4453317,0.090424456,0.9642687
0.17898537,0.9868357,0.9868357,0.80785036,4.285714149475098,0.3982142,False,True,False,True,-0.2618308,-0.16919398,-1.1923668,-4.037871,1.319077,0.14543203,0.17898537,0.9868357
0.17174761,0.7274191,0.7274191,0.55567145,24.285715103149414,0.01873407,False,False,False,False,-0.032528162,-3.4205854,-1.217735,-3.6555057,-2.195548,0.39568216,0.17174761,0.7274723
0.18206707,0.75215876,0.75215876,0.5700917,1.4285714626312256,0.20345387,False,True,False,True,0.19622779,-0.8307884,0.17640495,-0.052420616,-0.83589077,0.36191118,0.18206707,0.75215876
0.081851296,0.77681404,0.77681404,0.69496274,2.857142925262451,0.13725288,False,False,False,False,1.3188801,-0.0692718,1.6096406,-2.761291,-1.3116078,0.46021152,0.081851296,0.7768142
0.21358283,0.7361797,0.7361797,0.5225969,4.285714149475098,0.0927142,False,False,False,False,-1.9188588,-2.5201633,-0.7469504,-0.1271863,-1.593898,0.17728235,0.21358283,0.7361797
0.04584539,0.8226427,0.8226427,0.7767973,2.857142925262451,0.19353612,False,False,False,False,-0.25891876,-3.4956117,-0.8800924,-0.49257421,0.64846563,0.06872136,0.04584539,0.8226427
0.012010342,0.9156507,0.9156507,0.9036404,28.571430206298828,0.05967609,False,False,False,False,-2.463185,-3.0582867,-1.1312754,-4.2896404,-1.721152,0.43286484,0.012010342,0.91565466
0.0022830607,0.6764932,0.6764932,0.6742102,5.714285850524902,0.09181972,False,False,False,False,-2.666809,-2.5394282,-0.6684065,-0.09686184,-2.525305,0.16307369,0.0022830607,0.6764933
0.24950437,0.9739579,0.9739579,0.7244535,4.285714149475098,0.119130455,False,False,False,False,0.49473023,-0.10771799,1.7326574,-2.797945,-1.8313999,0.32492355,0.24950437,0.97395813
0.040136613,0.59085524,0.59085524,0.5507186,12.85714340209961,0.08762361,False,False,False,False,1.2108507,-2.0359254,-1.6522803,-3.8154073,1.0238924,0.083461605,0.040136613,0.59085524
0.11052377,0.59682167,0.59682167,0.4862979,2.857142925262451,0.1428928,False,True,False,True,-1.1714854,-1.0675256,1.3861985,0.31224823,0.6605098,0.32608506,0.11052377,0.59682167
0.082496494,0.6311204,0.6311204,0.5486239,10.0,0.10500808,False,False,False,False,-1.773174,-2.0603344,1.7315342,-3.06776,-0.87473106,0.26890516,0.082496494,0.6311205
0.071399994,0.6745241,0.67452407,0.60312414,11.428571701049805,0.0331731,False,False,False,False,0.21019125,-3.4277523,-0.12090206,-2.7238524,0.054401875,0.24624671,0.071399994,0.6745241
0.23189147,0.6549355,0.6549355,0.42304403,5.714285850524902,0.2211966,False,True,False,True,-1.1196692,-1.1486914,0.4565506,-2.930902,1.4593639,0.2949747,0.23189147,0.6549355
0.19242387,0.5820434,0.5820434,0.38961953,5.714285850524902,0.052612714,False,False,False,False,-2.6198606,-3.9288027,-0.6667838,-0.15062428,1.0720458,0.34356815,0.19242387,0.5820434
0.13097104,0.7056908,0.7056908,0.5747198,15.714285850524902,0.03969686,False,False,False,False,-1.2373565,-1.7573984,-1.7453723,-4.729134,-2.3966124,0.34476867,0.13097104,0.70586264
0.020637507,0.9269139,0.92691344,0.9062764,11.428571701049805,0.054445248,False,False,False,False,1.0553789,-3.337729,-1.236964,-2.6862297,1.0402942,0.31112626,0.020637507,0.9269139
0.002062601,0.84935915,0.84935874,0.84729654,4.285714149475098,0.42161947,False,True,False,True,-1.9518863,-0.4394276,0.7320466,-1.2134185,1.570601,0.35774812,0.002062601,0.84935915
0.1305641,0.9711236,0.9711236,0.8405595,1.4285714626312256,0.50621593,False,True,False,True,1.9250035,-2.8301864,1.4645956,0.42831993,-1.0891275,0.27531543,0.1305641,0.9711236
0.09144497,0.822459,0.822459,0.731014,8.571428298950195,0.07429693,False,False,False,False,0.5472753,-0.5832627,-1.7895889,-3.2168918,-2.3885658,0.32423717,0.09144497,0.8224651
0.25702885,0.85101795,0.85101795,0.59398913,11.428571701049805,0.09380797,False,False,False,False,0.8018167,-2.528423,0.23544288,-4.2113085,-0.78829455,0.3113894,0.25702885,0.8510181
0.20080289,0.75080687,0.75080687,0.550004,2.857142925262451,0.3192869,False,True,False,True,0.16472554,-0.96180344,1.564472,-1.7182355,1.9081092,0.13783741,0.20080289,0.75080687
0.09979386,0.6285528,0.6285528,0.52875894,35.71428680419922,0.02896229,False,False,False,False,1.3505373,-3.9084837,0.97068334,-4.5802555,-1.2474416,0.20243181,0.09979386,0.628553
0.10717569,0.5438632,0.5438632,0.43668747,4.285714149475098,0.08083777,False,False,False,False,-2.5382323,-3.7508016,-0.40797353,0.45007753,-1.1705314,0.12297979,0.10717569,0.5438632
0.061021294,0.7792411,0.7792411,0.7182198,2.857142925262451,0.32668126,False,True,False,True,-0.6356137,-0.3568375,-1.9528799,-0.3816414,1.3533854,0.43723816,0.061021294,0.7792411
0.154307,0.64809704,0.64809704,0.49379003,7.142857551574707,0.04405337,False,False,False,False,0.9091337,-3.713904,1.5362954,-2.2201667,-2.7004616,0.21728283,0.154307,0.6480974
0.18710275,0.9517416,0.9517416,0.76463884,4.285714149475098,0.12174152,False,False,False,False,-1.515051,-2.205659,0.6878543,-0.63998985,-2.9440846,0.26056477,0.18710275,0.9517416
0.19850174,0.69767076,0.69767076,0.49916902,5.714285850524902,0.07420502,False,False,False,False,0.75267076,-0.63916206,0.5932436,-2.293034,-1.8816752,0.18152992,0.19850174,0.697671
0.06329007,0.89448583,0.89448583,0.8311958,1.4285714626312256,0.40088388,False,True,False,True,1.801599,-3.254076,1.35993,-0.07879639,1.1511669,0.45141837,0.06329007,0.89448583
0.016143717,0.754679,0.754679,0.7385353,4.285714149475098,0.122431196,False,False,False,False,-2.9752796,-3.0733056,-0.31745124,0.52689123,-1.0036438,0.09460698,0.016143717,0.754679
0.22682317,0.5695943,0.5695943,0.34277117,4.285714149475098,0.06624436,False,False,False,False,-0.3133726,-1.5134804,-0.56009626,-0.99930763,-0.2379458,0.21590784,0.22682317,0.5695944
0.29127273,0.9641059,0.9641059,0.6728332,8.571428298950195,0.08463539,False,False,False,False,-1.7943614,-1.5055442,-0.5713649,-2.0725374,-1.3956459,0.40329006,0.29127273,0.9641059
0.23939614,0.5128349,0.5128349,0.27343875,21.428571701049805,0.008443848,False,False,False,False,0.1485703,-3.2676518,-0.6992059,-3.3655634,-0.98235273,0.16285545,0.23939614,0.512835
0.07897514,0.88315105,0.88315105,0.8041759,4.285714149475098,0.32943416,False,True,False,True,-0.3908794,-0.5548949,-1.5862942,-2.5256019,0.87058306,0.19639252,0.07897514,0.88315105
0.18495,0.5611225,0.5611225,0.37617248,4.285714149475098,0.14716071,False,False,False,False,-2.230906,-0.0042829514,1.7940133,-1.8656993,-0.09661436,0.16039751,0.18495,0.56112254
0.18796329,0.56677216,0.56677216,0.37880886,2.857142925262451,0.16952409,False,True,False,True,-1.1514901,-0.4010744,0.5836091,0.17375278,1.1497536,0.48991618,0.18796329,0.56677216
0.09654961,0.81524384,0.81524384,0.7186942,4.285714149475098,0.15984772,False,False,False,False,-2.7628741,-0.7594838,1.6244972,0.95374775,-2.198615,0.48056066,0.09654961,0.81524384
0.23678754,0.93289053,0.93289053,0.696103,1.4285714626312256,0.33039907,False,True,False,True,1.2321982,-3.543356,-1.9196203,-0.005027294,-2.824481,0.3840324,0.23678754,0.93289053
0.061963804,0.9350404,0.9350404,0.8730766,10.0,0.05750749,False,False,False,False,-0.4396839,-2.5109248,0.26081753,-2.415409,-2.85608,0.3280816,0.061963804,0.93504477
0.23753662,0.59589595,0.59589595,0.35835934,2.857142925262451,0.109363355,False,True,False,True,-1.6737463,-2.39,-1.551296,0.76336,0.95040226,0.4720057,0.23753662,0.59589595
0.20892534,0.7484958,0.7484958,0.53957045,4.285714149475098,0.12281483,False,True,False,True,1.8635926,-2.2689397,1.8401597,-1.5798621,1.0830865,0.18569684,0.20892534,0.7484958
0.20180257,0.95330703,0.95330703,0.7515045,10.0,0.2771863,False,False,False,False,-2.4952722,-0.45080805,-1.0887613,-3.987905,1.5052953,0.06857387,0.20180257,0.95330703
0.26990542,0.5953937,0.5953937,0.3254883,8.571428298950195,0.023747042,False,False,False,False,-0.89819145,-3.8919199,-1.6209195,-2.1484456,-0.8967471,0.43124655,0.26990542,0.59539384
0.138349,0.5331777,0.5331777,0.39482868,2.857142925262451,0.11242349,False,True,False,True,-1.1606388,-3.5716212,0.44521952,0.19824505,-1.3547816,0.2824657,0.138349,0.5331777
0.1993612,0.6866799,0.6866799,0.4873187,5.714285850524902,0.096472785,False,False,False,False,1.9368014,-1.5684497,1.8761721,-4.6082973,-1.2307255,0.21566854,0.1993612,0.6866801
0.050895635,0.7686658,0.7686658,0.71777016,2.857142925262451,0.2395032,False,True,False,True,-1.9382303,-0.3621018,1.5701375,0.98334694,1.0030785,0.4230119,0.050895635,0.7686658
0.080748655,0.6856682,0.6856682,0.6049195,5.714285850524902,0.07290162,False,False,False,False,-1.2838824,-2.1787872,0.16286802,-1.2797785,-1.9777976,0.2384328,0.080748655,0.6856683
0.00698036,0.92538106,0.92538106,0.9184007,40.0,0.036625657,False,False,False,False,-2.1097856,-3.044748,-1.3972852,-4.106298,-0.6646824,0.08371038,0.00698036,0.9253812
0.22185977,0.91686165,0.91686165,0.6950019,8.571428298950195,0.25802723,False,False,False,False,-2.3001916,-0.59981275,0.13847351,-2.4389777,1.43434,0.0993137,0.22185977,0.91686165
0.1235872,0.91909,0.91908956,0.7955028,8.571428298950195,0.061619002,False,False,False,False,1.4941702,-3.8675168,0.09476733,-2.3811133,-2.3549302,0.4286692,0.1235872,0.919091
0.27007076,0.5657149,0.5657149,0.29564413,8.571428298950195,0.0234944,False,False,False,False,-1.8461471,-2.8869982,0.75197434,-1.6166737,0.9327917,0.370984,0.27007076,0.5657149
0.041054484,0.53847086,0.53847086,0.49741638,4.285714149475098,0.2906385,False,True,False,True,0.06489372,-0.51451087,-0.90626764,-3.8745623,1.9599309,0.086574815,0.041054484,0.53847086
0.0031718018,0.5214018,0.5214018,0.51823,2.857142925262451,0.16569766,False,True,False,True,0.11859369,-1.514919,-1.7554643,-0.16298056,0.21673036,0.3512178,0.0031718018,0.5214018
0.28033957,0.78299755,0.78299755,0.502658,7.142857551574707,0.05856529,False,False,False,False,-2.5547624,-2.820642,-1.7770424,-0.48037958,-0.8393533,0.18626826,0.28033957,0.7829976
0.052169863,0.8870853,0.8870853,0.83491546,20.0,0.054765325,False,False,False,False,-0.1770773,-3.1230898,-0.588783,-4.531936,-2.0321393,0.4985348,0.052169863,0.887103
0.11154027,0.5112908,0.5112908,0.39975053,1.4285714626312256,0.25581717,False,True,False,True,1.2181258,-0.6937597,1.6375439,0.57424164,0.841516,0.26294225,0.11154027,0.5112908
0.25745702,0.9368758,0.9368758,0.6794188,8.571428298950195,0.13264908,False,False,False,False,0.8154266,-2.4532952,0.3134706,-2.6774979,1.1146398,0.2821492,0.25745702,0.9368758
0.1695438,0.7248906,0.7248906,0.5553468,5.714285850524902,0.2611419,False,True,False,True,0.27345514,-2.1628318,0.92606115,-3.7685328,1.2581272,0.44929662,0.1695438,0.7248906
0.14598447,0.52207524,0.52207524,0.37609076,5.714285850524902,0.07274815,False,False,False,False,0.11876154,-0.23942971,0.47188878,-3.5191703,-1.0350846,0.05386638,0.14598447,0.5220754
0.09489305,0.661223,0.661223,0.56632996,4.285714149475098,0.16053313,False,False,False,False,0.063474655,-1.7441828,1.8623374,-2.8957434,-0.63113475,0.27419797,0.09489305,0.66122305
0.13107097,0.82290375,0.82290375,0.6918328,5.714285850524902,0.099387884,False,False,False,False,-1.5329396,-2.8441534,0.22956061,-0.8449917,-0.0015416145,0.45486757,0.13107097,0.82290375
0.024839723,0.52269495,0.52269495,0.49785522,7.142857551574707,0.069160044,False,False,False,False,-2.5695126,-0.7455642,1.6562414,-0.8515339,-2.1093273,0.26662993,0.024839723,0.52269506
0.078726076,0.54650927,0.54650927,0.46778318,1.4285714626312256,0.22131464,False,True,False,True,1.3897109,-1.07003,1.5118318,-0.06458998,-0.8970022,0.37915862,0.078726076,0.54650927
0.17715538,0.9676929,0.9676929,0.79053754,11.428571701049805,0.25565496,False,False,False,False,-0.891973,-3.1813247,1.8643599,-4.439644,1.8335023,0.23695366,0.17715538,0.9676929
0.15722018,0.9201747,0.9201747,0.76295453,12.85714340209961,0.11864046,False,False,False,False,-1.656775,-2.741037,0.82745457,-2.7600572,-0.18343353,0.4167668,0.15722018,0.9201747
0.057658736,0.9621799,0.9621798,0.90452117,8.571428298950195,0.2309274,False,False,False,False,-1.5952723,-1.1868579,0.19359565,-4.307475,-0.7789986,0.36292374,0.057658736,0.9621799
0.1267142,0.67814624,0.67814624,0.551432,7.142857551574707,0.29284215,False,False,False,False,-1.9029038,-0.909858,0.22603893,-3.7427926,1.38487,0.2237466,0.1267142,0.67814624
0.2035326,0.83047664,0.83047664,0.62694407,7.142857551574707,0.083765894,False,False,False,False,-2.9790196,-0.818429,-0.9061053,-0.2018547,0.6890104,0.396935,0.2035326,0.83047664
0.014152533,0.5202107,0.5202107,0.50605816,4.285714149475098,0.08603071,False,False,False,False,-2.6080103,-2.1122832,-0.8276856,0.26862907,0.46693945,0.28060484,0.014152533,0.5202107
0.21049385,0.59200877,0.59200877,0.3815149,14.285715103149414,0.024697427,False,False,False,False,-2.5922074,-0.6008377,1.2514954,-4.657897,-2.6520221,0.46233913,0.21049385,0.5924605
0.10519737,0.59483904,0.59483904,0.48964167,5.714285850524902,0.085121974,False,False,False,False,-0.7889383,-0.76695585,1.0567319,-2.1182466,-1.5398557,0.19930457,0.10519737,0.5948392
0.28362668,0.8869282,0.8869282,0.6033015,7.142857551574707,0.07668936,False,False,False,False,-2.1511881,-0.58407974,0.33189225,-1.015441,-2.3167791,0.3167146,0.28362668,0.8869283
0.10745974,0.7401466,0.7401466,0.63268685,11.428571701049805,0.087951176,False,False,False,False,-0.6093564,-2.920711,1.9260733,-3.2809472,-1.2090425,0.2857684,0.10745974,0.74014676
0.17175019,0.58926713,0.58926713,0.41751695,4.285714149475098,0.07323583,False,False,False,False,-1.0883992,-3.1863863,0.019578934,-0.7641492,-2.9406765,0.35358942,0.17175019,0.58926725
0.12776604,0.64244276,0.64244276,0.5146767,2.857142925262451,0.25001207,False,True,False,True,1.329669,-0.69339466,0.6374483,-3.1977148,0.09497094,0.3790269,0.12776604,0.6424428
0.0713172,0.71148586,0.71148586,0.64016867,5.714285850524902,0.07122939,False,False,False,False,-0.45218873,-3.6859145,1.4078243,-1.7053685,-1.5965163,0.29643136,0.0713172,0.711486
0.0149445,0.58833444,0.58833444,0.57338995,7.142857551574707,0.25976622,False,False,False,False,-2.1009285,-1.460732,0.969574,-2.9273777,0.8453646,0.43458074,0.0149445,0.58833444
0.1596185,0.95984507,0.95984507,0.80022657,1.4285714626312256,0.3626676,False,True,False,True,-0.2715547,-3.068096,1.3250515,0.62469435,-1.9046365,0.30257663,0.1596185,0.95984507
0.00181126,0.8994794,0.8994794,0.8976681,10.0,0.3368166,False,False,False,False,-2.501796,-1.3110223,-1.4232078,-4.5589585,1.7202516,0.40696418,0.00181126,0.8994794
0.149639,0.5783262,0.5783262,0.4286872,7.142857551574707,0.13163002,False,False,False,False,-2.2947583,-0.30731606,0.32498026,-2.9585385,-0.26704264,0.23445283,0.149639,0.5783263
0.16347821,0.52314425,0.52314425,0.35966605,25.71428680419922,0.018450122,False,False,False,False,0.7335527,-3.384325,0.1374209,-4.174198,-1.8550653,0.3008159,0.16347821,0.5231484
0.124718145,0.9151904,0.9151903,0.79047227,5.714285850524902,0.105833225,False,False,False,False,0.17909145,-1.3576968,-0.92452025,-1.6560414,-1.823089,0.08060073,0.124718145,0.91519046
0.027141435,0.9121643,0.9121643,0.8850228,10.0,0.055880282,False,False,False,False,-0.40860653,-3.4157717,1.556401,-2.4739208,-2.7027292,0.34927088,0.027141435,0.91216755
0.19253722,0.5249333,0.5249333,0.33239606,4.285714149475098,0.0592989,False,False,False,False,0.003604889,-1.4157228,-1.7578979,-1.2075717,-0.72956395,0.22625953,0.19253722,0.52493334
0.09081883,0.75978774,0.75978774,0.6689689,5.714285850524902,0.077844955,False,False,False,False,-2.287137,-3.8223064,-0.70461345,-0.6746292,0.86953163,0.3327914,0.09081883,0.75978774
0.200285,0.78579384,0.7857937,0.5855088,10.0,0.037055284,False,False,False,False,0.48266697,-2.8941438,-1.9033625,-2.6063676,-1.4952726,0.4215317,0.200285,0.7857939
0.14353354,0.63379365,0.63379365,0.49026012,51.42856979370117,0.010749111,False,False,False,False,0.56260085,-3.7682657,-1.0498705,-4.4535136,-1.103446,0.116188094,0.14353354,0.6354352
0.08097428,0.53074825,0.53074825,0.44977397,1.4285714626312256,0.1795678,False,True,False,True,0.2707622,-3.6966786,-1.0482447,0.075912476,1.2826695,0.2992774,0.08097428,0.53074825
0.053781673,0.7342031,0.734203,0.6804214,7.142857551574707,0.0940585,False,False,False,False,1.2442203,-1.9610789,-0.3405006,-2.319853,-1.111996,0.39595953,0.053781673,0.7342031
0.13754936,0.5886536,0.5886536,0.45110428,2.857142925262451,0.08639538,False,False,False,False,1.1270928,-2.442192,1.0640745,-1.2435608,-2.6272082,0.3009465,0.13754936,0.5886538
0.10236054,0.86947405,0.86947364,0.7671135,2.857142925262451,0.25603625,False,True,False,True,-1.6691034,-0.3295915,1.176445,0.8187461,1.8483744,0.32859707,0.10236054,0.86947405
0.08982055,0.65983236,0.65983236,0.5700118,2.857142925262451,0.15624799,False,True,False,True,-1.8245445,-0.42840886,1.7899652,0.46583652,1.1644616,0.18835394,0.08982055,0.65983236
0.024604173,0.7582572,0.7582571,0.733653,8.571428298950195,0.1229639,False,False,False,False,-2.74043,-0.11375189,-1.048662,-2.0327816,-1.1947643,0.33327854,0.024604173,0.7582572
0.084087186,0.566949,0.566949,0.48286182,2.857142925262451,0.14943443,False,False,False,False,1.5896325,-2.6989613,0.38111544,-0.74129343,1.5091448,0.058781955,0.084087186,0.566949
0.13418366,0.50855005,0.50855005,0.3743664,4.285714149475098,0.071976945,False,False,False,False,-2.3058941,-3.1652558,0.651665,0.31931782,-0.33597493,0.2940202,0.13418366,0.50855005
0.28439677,0.9690188,0.9690188,0.68462205,2.857142925262451,0.21643083,False,True,False,True,1.9817185,-1.2072895,-1.7123346,-1.3029599,1.2193904,0.4127067,0.28439677,0.9690188
0.05868069,0.99252856,0.99252856,0.93384784,2.857142925262451,0.24397178,False,False,False,False,1.5346394,-2.4169698,0.54137397,-0.95444727,-2.6254156,0.34979334,0.05868069,0.9925287
0.022252018,0.9489515,0.9489515,0.92669946,1.4285714626312256,0.5865072,False,True,False,True,1.2074404,-0.20535159,1.6979258,0.7217388,-2.953567,0.084654406,0.022252018,0.9489515
0.026417417,0.5471875,0.5471875,0.5207701,2.857142925262451,0.16185021,False,True,False,True,-1.8166871,-0.6470387,0.7912879,0.9508114,-1.7326503,0.31644505,0.026417417,0.5471875
0.19680335,0.6140244,0.6140244,0.41722107,8.571428298950195,0.1642946,False,False,False,False,-2.8403263,-0.8249891,-0.5557306,-1.7624342,1.5042944,0.39435697,0.19680335,0.6140244
0.18233931,0.51461196,0.51461154,0.33227265,5.714285850524902,0.036480606,False,False,False,False,0.97630095,-0.113114834,-1.8465755,-2.6464248,-2.4104908,0.21865505,0.18233931,0.51461196
0.09078142,0.9376435,0.9376435,0.8468621,8.571428298950195,0.32514724,False,False,False,False,-2.2411408,-1.2406201,1.6148086,-3.1937652,0.8580215,0.098398745,0.09078142,0.9376435
0.20536917,0.8136538,0.8136538,0.60828465,4.285714149475098,0.099499434,False,False,False,False,-0.82148147,-1.159049,-1.202174,-1.0228205,-1.053119,0.2701156,0.20536917,0.8136539
0.049858853,0.9042794,0.90427893,0.85442054,1.4285714626312256,0.4559289,False,True,False,True,1.2268972,-2.1177962,-0.6142752,0.23345089,-0.53415823,0.08567426,0.049858853,0.9042794
0.22125956,0.69305915,0.69305915,0.47179958,2.857142925262451,0.14109653,False,True,False,True,0.69916654,-2.9444222,1.4324377,-0.5435014,0.5954027,0.28679746,0.22125956,0.69305915
0.20999743,0.91276765,0.91276765,0.70277023,15.714285850524902,0.15358867,False,False,False,False,-2.6439013,-2.5172658,0.40401745,-3.5097814,0.5065689,0.4810612,0.20999743,0.91276765
0.21027172,0.980239,0.980239,0.76996726,1.4285714626312256,0.27879918,False,True,False,True,-0.7397597,-2.0849698,-0.570863,0.6172743,-2.3715632,0.37294477,0.21027172,0.980239
0.25747052,0.9164807,0.91648024,0.6590102,12.85714340209961,0.12505305,False,False,False,False,-0.8019717,-2.867683,1.9410887,-4.119866,-0.47173786,0.13696626,0.25747052,0.9164808
0.1499813,0.96129775,0.96129775,0.81131643,11.428571701049805,0.2891979,False,False,False,False,-1.8306632,-2.1420987,-0.019396305,-4.798691,1.7994528,0.3686633,0.1499813,0.96129775
0.13846242,0.87665427,0.87665427,0.73819184,7.142857551574707,0.07324334,False,False,False,False,0.75684786,-1.1027923,0.82350206,-3.0422134,-2.51345,0.35845646,0.13846242,0.87666273
0.29845977,0.67478484,0.67478484,0.37632507,10.0,0.03690976,False,False,False,False,-2.3039575,-1.8115938,1.4941137,-1.4823065,-2.2591298,0.34197548,0.29845977,0.674785
0.29040334,0.52733517,0.52733517,0.23693183,2.857142925262451,0.06928454,False,True,False,True,-0.91556716,-0.8264611,1.2922475,-0.90373135,-0.0044727325,0.44242644,0.29040334,0.52733517
0.16892406,0.9757104,0.9757104,0.8067863,1.4285714626312256,0.3637523,False,True,False,True,1.0997648,-0.48836207,1.1131427,-0.81185293,0.35620522,0.44560894,0.16892406,0.9757104
0.20586315,0.65676695,0.65676695,0.4509038,2.857142925262451,0.23137511,False,True,False,True,-0.8800626,-0.9311373,1.5793118,-1.8559165,1.3925734,0.4180803,0.20586315,0.65676695
0.117960215,0.8966613,0.8966612,0.77870107,8.571428298950195,0.22910294,False,False,False,False,-2.3727705,-1.2080462,1.1795716,-4.6905813,-0.5437336,0.27505434,0.117960215,0.8966613
0.29565227,0.73179615,0.73179615,0.43614388,1.4285714626312256,0.2408646,False,True,False,True,1.6443734,-2.6991744,0.81116915,0.23034954,-0.69711304,0.39599323,0.29565227,0.73179615
0.03354614,0.9936774,0.9936774,0.9601312,28.571430206298828,0.16264033,False,False,False,False,-2.8314366,-3.7674453,1.6481438,-3.9436197,1.8032289,0.3183245,0.03354614,0.9936774
0.14143592,0.58222884,0.58222884,0.44079292,14.285715103149414,0.03414142,False,False,False,False,1.4100237,-2.5756555,-0.3672483,-3.6738863,-1.812357,0.33283144,0.14143592,0.58222914
0.19157878,0.9149586,0.9149585,0.72337985,5.714285850524902,0.08905437,False,False,False,False,-1.0418414,-1.2243032,0.50356746,-1.3581145,-2.105612,0.17216998,0.19157878,0.9149586
0.23847917,0.70720255,0.70720255,0.4687234,24.285715103149414,0.017423585,False,False,False,False,-0.051036835,-3.5257618,0.71964216,-3.8808508,-2.832169,0.43471494,0.23847917,0.70835793
0.1812061,0.8665195,0.8665195,0.6853134,17.14285659790039,0.062369365,False,False,False,False,1.0578284,-2.754473,0.6328883,-4.9285564,-1.6961672,0.23071857,0.1812061,0.8665198
0.28890455,0.6652794,0.6652794,0.37637484,2.857142925262451,0.10230059,False,True,False,True,-0.09701419,-2.9965327,1.5690901,-0.24515057,-1.907072,0.28409624,0.28890455,0.66527945
0.116227545,0.86455345,0.86455345,0.7483259,7.142857551574707,0.14895095,False,False,False,False,-2.9737718,-0.5311713,0.8284519,-0.42652416,-0.16388345,0.23989446,0.116227545,0.86455345
0.21883136,0.60114986,0.60114974,0.3823185,5.714285850524902,0.052886732,False,False,False,False,-1.1462371,-2.924645,-0.079313755,-1.1072702,-2.9520972,0.28581798,0.21883136,0.60114986
0.026340457,0.9305296,0.9305296,0.9041891,2.857142925262451,0.2551369,False,True,False,True,1.152946,-1.553103,1.1060762,-0.7719207,-0.45822883,0.3825463,0.026340457,0.93052965
0.11037981,0.97020835,0.97020835,0.85982853,12.85714340209961,0.07748442,False,False,False,False,-0.8721235,-1.9826875,-0.8419609,-4.065105,-2.001751,0.38483378,0.11037981,0.970212
0.21944508,0.85768384,0.85768384,0.6382388,10.0,0.045272283,False,False,False,False,-1.0090475,-3.9802792,-1.0776088,-2.1531098,-1.8183141,0.157727,0.21944508,0.8576898
0.14953695,0.7925674,0.7925674,0.6430304,8.571428298950195,0.051912848,False,False,False,False,-0.49099755,-3.5370412,-1.6316364,-2.1434407,-2.8539748,0.3291038,0.14953695,0.7925684
0.024438716,0.7858396,0.7858396,0.7614009,7.142857551574707,0.14321537,False,False,False,False,-0.7073822,-0.7655294,-1.0845859,-4.5911417,-1.2497349,0.36872202,0.024438716,0.7858398
0.2592914,0.8814519,0.88145185,0.6221605,2.857142925262451,0.29459557,False,True,False,True,1.4325309,-0.7433243,0.9032736,-3.022266,0.07799673,0.2681452,0.2592914,0.8814519
0.19667296,0.7810952,0.78109473,0.58442223,4.285714149475098,0.102397494,False,False,False,False,0.18530107,-1.5473766,0.65741944,-1.2617373,-0.87644005,0.12240337,0.19667296,0.78109527
0.1660737,0.57804966,0.57804966,0.41197598,5.714285850524902,0.046546634,False,False,False,False,1.2019982,-0.84399486,-1.6266909,-2.3812027,-2.5439732,0.46440175,0.1660737,0.57805
0.21353668,0.72860914,0.7286091,0.51507246,1.4285714626312256,0.19311097,False,True,False,True,1.679615,-0.6398182,-0.43720293,-0.4841075,-0.5362849,0.2586241,0.21353668,0.72860914
0.19100969,0.79580486,0.79580486,0.60479516,4.285714149475098,0.12289721,False,False,False,False,-1.51701,-1.4063277,-0.66561985,-0.24762917,1.73033,0.16392703,0.19100969,0.79580486
0.001993561,0.72071964,0.72071964,0.7187261,4.285714149475098,0.12672645,False,False,False,False,0.73996353,-1.9485898,0.07296872,-1.2413144,-2.5690777,0.3084229,0.001993561,0.7207198
0.1638487,0.633527,0.633527,0.46967828,1.4285714626312256,0.26650873,False,True,False,True,0.94698906,-2.986302,-0.269526,0.46000576,0.38927364,0.2767311,0.1638487,0.633527
0.12743446,0.8684133,0.8684133,0.74097884,1.4285714626312256,0.41216305,False,True,False,True,-0.13803983,-0.39773536,0.7271459,0.9511461,0.8884795,0.23239605,0.12743446,0.8684133
0.17579947,0.8430081,0.8430076,0.6672086,4.285714149475098,0.097357325,False,False,False,False,-0.40192056,-1.4274333,-1.8492181,-1.3801272,-0.17801595,0.06641909,0.17579947,0.84300816
0.109763935,0.57236123,0.57236123,0.4625973,20.0,0.086818874,False,False,False,False,-0.56203985,-3.8474665,1.7456756,-4.5069404,0.9820919,0.2841566,0.109763935,0.57236123
0.13425824,0.97485983,0.97485983,0.84060156,5.714285850524902,0.10251713,False,False,False,False,1.695137,-0.42525768,-1.3263307,-2.4264398,-2.161418,0.1578076,0.13425824,0.97485983
0.15465523,0.7484313,0.7484313,0.5937761,4.285714149475098,0.21095863,False,False,False,False,-0.62401104,-0.036766052,-1.9793789,-2.6143374,-0.1453383,0.17101566,0.15465523,0.7484314
0.27662745,0.6031647,0.6031647,0.32653722,1.4285714626312256,0.13177459,False,True,False,True,1.2479048,-2.2551916,-0.31637025,-0.2858057,-1.4105605,0.42101654,0.27662745,0.6031647
0.17328534,0.91564393,0.91564393,0.74235857,7.142857551574707,0.13297541,False,False,False,False,-0.19091034,-2.5046108,1.5638804,-2.3811831,-0.9750478,0.42106536,0.17328534,0.91564405
0.28287458,0.59467864,0.59467864,0.31180406,2.857142925262451,0.09255125,False,True,False,True,-1.4428775,-3.7465956,0.330189,0.50340176,1.3873787,0.17793997,0.28287458,0.59467864
0.072662085,0.8122419,0.8122419,0.7395798,2.857142925262451,0.1461689,False,False,False,False,1.8398132,-2.1188207,-1.023869,-1.3431342,1.5423741,0.41755366,0.072662085,0.8122419
0.02233404,0.6569284,0.6569284,0.6345944,1.4285714626312256,0.3837324,False,True,False,True,0.46989727,-2.4810665,0.22665596,0.83271503,-1.1633332,0.44934484,0.02233404,0.6569284
0.22206898,0.5734398,0.5734398,0.3513708,10.0,0.023155944,False,False,False,False,0.07937527,-2.7930386,-1.4995377,-2.494957,-1.6911553,0.365919,0.22206898,0.57344
0.20209123,0.8637218,0.8637218,0.6616306,8.571428298950195,0.054811258,False,False,False,False,0.87495995,-0.8066702,1.2869117,-3.9187021,-2.4824574,0.26731792,0.20209123,0.8637935
0.03876096,0.51212245,0.51212245,0.4733615,5.714285850524902,0.14982568,False,False,False,False,-2.421798,-0.35587358,1.9362013,-2.2358108,-0.10386133,0.31421348,0.03876096,0.5121225
0.20137022,0.9785049,0.97850436,0.77713466,4.285714149475098,0.21854356,False,False,False,False,1.0468731,-0.38690066,-0.051568985,-4.6086183,-0.39732122,0.12768742,0.20137022,0.9785049
0.046965305,0.8539886,0.8539886,0.8070233,1.4285714626312256,0.5459151,False,True,False,True,1.9972253,-0.3514793,0.45921588,0.9462395,-0.9834113,0.26754203,0.046965305,0.8539886
0.030091096,0.93998617,0.93998605,0.90989506,1.4285714626312256,0.50532186,False,True,False,True,0.4767666,-1.1898854,1.4399877,0.5947566,-2.862211,0.21124193,0.030091096,0.93998617
0.23343116,0.9053696,0.905369,0.6719384,22.85714340209961,0.05491768,False,False,False,False,-0.57830167,-3.778291,0.84888697,-3.838846,-0.54631495,0.39500707,0.23343116,0.90536964
0.22675559,0.5212735,0.5212735,0.2945179,11.428571701049805,0.041180383,False,False,False,False,-0.5452163,-2.1948683,-0.092381,-4.956488,-1.38851,0.4462262,0.22675559,0.52127373
0.08457683,0.9689851,0.9689851,0.88440824,5.714285850524902,0.13906254,False,False,False,False,0.12359285,-0.16252089,-1.5903282,-2.3006024,-1.8436514,0.2717621,0.08457683,0.9689853
0.089373335,0.5968756,0.5968756,0.50750226,12.85714340209961,0.06345636,False,False,False,False,0.797997,-2.3875206,-1.7321112,-3.5963778,-0.76406145,0.33555636,0.089373335,0.5968757
0.0912229,0.75271773,0.75271773,0.66149485,41.42857360839844,0.030420458,False,False,False,False,-0.80692697,-3.591234,0.4452293,-4.6943283,-0.9253106,0.08654373,0.0912229,0.75271773
0.13412297,0.53151053,0.53151053,0.39738756,22.85714340209961,0.032864377,False,False,False,False,-1.711158,-3.310749,0.2255423,-3.5230248,-0.36334705,0.32292128,0.13412297,0.5315106
0.1671748,0.7646071,0.7646071,0.59743226,10.0,0.20651242,False,False,False,False,-1.2124704,-2.2026196,0.59133434,-4.4203053,1.2382889,0.32985488,0.1671748,0.7646071
0.21153203,0.7511879,0.7511879,0.5396559,4.285714149475098,0.2783794,False,True,False,True,-0.91124487,-1.2764945,1.3934205,-2.6112013,0.5684247,0.40606675,0.21153203,0.7511879
0.0072963955,0.8134472,0.8134472,0.8061508,5.714285850524902,0.22605465,False,False,False,False,0.36765623,-1.8053324,1.2626457,-2.8854315,-0.15171576,0.311845,0.0072963955,0.81344724
0.2466727,0.83924884,0.83924884,0.59257615,8.571428298950195,0.060722712,False,False,False,False,-2.2303324,-1.0072856,-0.39839816,-1.2006178,-2.4541607,0.37637055,0.2466727,0.83924896
0.154265,0.8355348,0.8355348,0.6812698,4.285714149475098,0.12651601,False,False,False,False,0.23335147,-3.1553051,1.7930963,-1.1672163,-2.8554497,0.27049914,0.154265,0.835535
0.018424757,0.94528466,0.9452846,0.9268599,4.285714149475098,0.2678553,False,False,False,False,-0.03582883,-0.43286347,-0.21126199,-2.4941008,-0.6099565,0.41107222,0.018424757,0.94528466
0.05454238,0.5244194,0.5244194,0.46987703,7.142857551574707,0.11233394,False,False,False,False,-1.4527514,-0.9098413,-1.3456984,-3.079957,-0.40809464,0.24883488,0.05454238,0.5244195
0.14154534,0.59814525,0.59814525,0.4565999,5.714285850524902,0.26722768,False,False,False,False,-2.5794291,-0.11512804,0.9948251,-2.9713273,1.0380759,0.24455488,0.14154534,0.59814525
0.06808532,0.63915616,0.63915616,0.57107085,5.714285850524902,0.19693889,False,False,False,False,-2.037219,-0.659641,1.9987988,-4.9723434,-0.18875766,0.32546636,0.06808532,0.6391562
0.052495696,0.62125564,0.6212556,0.5687599,7.142857551574707,0.103925906,False,False,False,False,-2.3620338,-1.4557846,1.9139023,-0.9352279,-0.9047725,0.328052,0.052495696,0.62125564
0.24073468,0.59723127,0.59723127,0.35649657,4.285714149475098,0.10221007,False,False,False,False,0.28419542,-0.26780367,-0.05924511,-2.882145,-0.26055408,0.05052593,0.24073468,0.5972313
0.22737102,0.5683047,0.5683047,0.34093368,22.85714340209961,0.010421117,False,False,False,False,-1.3413655,-3.6562545,0.58928967,-3.3030114,-0.31769323,0.1379399,0.22737102,0.5683048
0.26496464,0.82662714,0.82662714,0.5616625,7.142857551574707,0.06149397,False,False,False,False,-2.5776794,-3.8853948,1.7407434,-0.5871897,-2.2522404,0.21951354,0.26496464,0.82662714
0.11587671,0.935239,0.935239,0.8193623,1.4285714626312256,0.45696884,False,True,False,True,1.7682076,-2.2958837,-0.19311285,0.2362628,-0.6031258,0.08339779,0.11587671,0.935239
0.2862589,0.8862353,0.8862348,0.5999764,1.4285714626312256,0.27968597,False,True,False,True,0.53587985,-2.4067984,-1.9588015,0.20373201,-1.0428475,0.22775516,0.2862589,0.8862353
0.22408429,0.8853768,0.8853768,0.66129255,4.285714149475098,0.095187165,False,False,False,False,0.2731061,-1.3234446,0.037551165,-1.7731538,-1.8035667,0.35477197,0.22408429,0.885377
0.16314907,0.6360802,0.6360802,0.47293115,10.0,0.1320674,False,False,False,False,-1.7657875,-1.8844347,-0.12731814,-3.748661,0.042076588,0.39994597,0.16314907,0.63608027
0.009855349,0.81100446,0.81100446,0.80114913,5.714285850524902,0.08646625,False,False,False,False,1.5045767,-3.0513208,0.7796416,-1.9751105,0.3745227,0.3619944,0.009855349,0.81100446
0.25582945,0.65661335,0.65661335,0.4007839,5.714285850524902,0.04330826,False,False,False,False,-0.50173783,-3.607071,1.2557111,-1.7197437,-1.2197458,0.26499596,0.25582945,0.65661347
0.030794049,0.7810094,0.7810089,0.75021535,5.714285850524902,0.10210186,False,False,False,False,-1.8593262,-2.6223853,-0.4860518,-0.7324672,-0.96536684,0.37890708,0.030794049,0.78100944
0.26935202,0.7081934,0.7081934,0.4388414,2.857142925262451,0.103643596,False,False,False,False,1.4344416,-2.2123141,1.6063058,-1.0624924,-2.8917527,0.14562255,0.26935202,0.70819354
0.1986289,0.50392437,0.50392437,0.30529547,1.4285714626312256,0.17468542,False,True,False,True,1.8816948,-3.945746,-1.0720258,0.28699255,1.8015957,0.070173405,0.1986289,0.50392437
0.014972914,0.85307586,0.8530752,0.83810294,12.85714340209961,0.0668103,False,False,False,False,-2.3118224,-1.1010559,-0.993752,-2.2262883,-1.4335428,0.07226521,0.014972914,0.85307586
0.28778678,0.79725057,0.79725057,0.5094638,10.0,0.06662075,False,False,False,False,1.0238957,-2.3570836,1.6208408,-4.2436705,-1.1451827,0.07856089,0.28778678,0.79725075
0.1585361,0.82036114,0.82036114,0.66182506,1.4285714626312256,0.284806,False,True,False,True,-0.420887,-3.0090158,-1.7939248,0.64272356,0.61552,0.23391978,0.1585361,0.82036114
0.23761782,0.64459497,0.64459497,0.40697715,4.285714149475098,0.14295459,False,True,False,True,-1.6829114,-0.049347162,0.30350375,-1.8530169,1.0681305,0.12325129,0.23761782,0.64459497
0.038239934,0.624663,0.624663,0.58642304,4.285714149475098,0.13607389,False,False,False,False,-2.4527898,-2.5831022,-0.7907336,0.7421093,-0.18641424,0.12009695,0.038239934,0.624663
0.1255753,0.53886944,0.53886944,0.41329414,21.428571701049805,0.07935411,False,False,False,False,-2.9748406,-2.093037,0.02871871,-4.795008,-0.02376318,0.22721325,0.1255753,0.5388695
0.12843725,0.68260866,0.68260866,0.55417144,5.714285850524902,0.080623016,False,False,False,False,0.8796208,-2.2919047,0.3535564,-1.789628,0.12837386,0.38602844,0.12843725,0.68260866
0.18709236,0.6661694,0.6661694,0.47907704,14.285715103149414,0.049536183,False,False,False,False,-0.6290631,-3.659022,0.43844247,-3.2039335,1.4149566,0.49001536,0.18709236,0.6661694
0.21874522,0.92642266,0.92642266,0.7076774,4.285714149475098,0.13813792,False,False,False,False,-1.1818643,-0.48783112,-0.3949237,-0.54646444,-2.2708921,0.23454297,0.21874522,0.9264227
0.0974254,0.93266845,0.9326679,0.83524305,8.571428298950195,0.28624097,False,False,False,False,-0.63907576,-1.7697806,-0.5609844,-3.393545,1.8833532,0.17982364,0.0974254,0.93266845
0.08812387,0.54016113,0.54016113,0.45203727,14.285715103149414,0.07202304,False,False,False,False,1.5518584,-2.6869993,-0.7417915,-4.1888857,0.7258315,0.23155363,0.08812387,0.54016113
0.046847,0.97752273,0.9775221,0.93067575,4.285714149475098,0.17349555,False,False,False,False,-1.2471552,-1.3550503,-1.6909859,-0.571136,-2.3980048,0.49102655,0.046847,0.97752273
0.22998206,0.97312164,0.97312146,0.74313956,5.714285850524902,0.17189288,False,False,False,False,-0.9228294,-0.8421273,-0.15139556,-3.4900556,-0.92515326,0.36805058,0.22998206,0.9731217
0.1128831,0.8209827,0.8209827,0.7080996,5.714285850524902,0.14928892,False,False,False,False,-0.4221406,-1.2444537,1.3230355,-3.2367487,-1.3104062,0.37812012,0.1128831,0.8209829
0.00898828,0.7089758,0.7089758,0.69998753,1.4285714626312256,0.4169946,False,True,False,True,0.5831702,-2.3065917,-0.5643482,0.7343035,0.4782865,0.056565512,0.00898828,0.7089758
0.27379766,0.7589517,0.7589517,0.48515406,4.285714149475098,0.1899681,False,True,False,True,-2.0015862,-0.40835476,1.4765098,-0.049529552,1.5551996,0.44418585,0.27379766,0.7589517
0.15271837,0.61079365,0.61079365,0.45807528,4.285714149475098,0.1725345,False,True,False,True,1.6648436,-1.3343086,1.0226555,-3.4928493,0.58490825,0.08614824,0.15271837,0.61079365
0.15975915,0.585492,0.585492,0.42573285,1.4285714626312256,0.23144588,False,True,False,True,-0.26574755,-1.7960889,-0.2134726,0.9837527,-2.816938,0.053783953,0.15975915,0.585492
0.053544138,0.72155553,0.72155553,0.66801137,22.85714340209961,0.039712675,False,False,False,False,-2.1592455,-3.1971505,1.6113293,-3.9086132,-2.556449,0.43638083,0.053544138,0.7219821
0.058929708,0.84594864,0.84594864,0.78701895,11.428571701049805,0.072298795,False,False,False,False,-2.0069864,-1.4080849,1.7238214,-3.8121996,-2.3169107,0.36931893,0.058929708,0.84597963
0.103468165,0.614838,0.614838,0.5113698,1.4285714626312256,0.32329777,False,True,False,True,1.043715,-0.48550677,0.2574489,0.7561922,-1.1678802,0.4030546,0.103468165,0.614838
0.25702178,0.579141,0.579141,0.32211924,1.4285714626312256,0.11830496,False,True,False,True,0.24759912,-0.91433215,0.94048285,-0.03916359,-0.512573,0.3633678,0.25702178,0.579141
0.26765922,0.6525739,0.6525739,0.38491467,2.857142925262451,0.114516035,False,True,False,True,-0.9847455,-0.76135755,-0.36467624,0.5322075,0.6603799,0.18061942,0.26765922,0.6525739
0.26724607,0.77402425,0.77402425,0.5067782,1.4285714626312256,0.28087354,False,True,False,True,1.1242208,-0.43095803,1.2391777,0.3382616,-0.29945183,0.0837471,0.26724607,0.77402425
0.007586843,0.6284038,0.6284038,0.62081695,4.285714149475098,0.09884565,False,False,False,False,-1.4848475,-2.3081203,-1.1734204,-0.65524673,-2.905419,0.37930378,0.007586843,0.62840384
0.03610289,0.67391646,0.67391646,0.63781357,1.4285714626312256,0.36155432,False,True,False,True,1.2067432,-2.305897,1.3923564,0.38272858,-1.2837325,0.27820805,0.03610289,0.67391646
0.15997033,0.74028444,0.74028444,0.5803141,2.857142925262451,0.17992072,False,True,False,True,0.46302366,-2.5795221,1.6316705,-0.39040327,1.0985146,0.45109025,0.15997033,0.74028444
0.2769751,0.6058745,0.6058745,0.32889938,2.857142925262451,0.12605706,False,True,False,True,-0.9936135,-0.13805652,1.3749571,-4.2879353,0.20009732,0.21320803,0.2769751,0.6058745
0.12466892,0.7181519,0.7181519,0.59348303,4.285714149475098,0.12777229,False,False,False,False,-2.4468102,-1.5566232,-1.3691809,0.61491346,1.8255429,0.1178156,0.12466892,0.7181519
0.117288984,0.78896624,0.78896624,0.67167723,5.714285850524902,0.101251855,False,False,False,False,-2.8205576,-3.5143352,1.8618164,0.20780087,-1.3882022,0.36060825,0.117288984,0.78896624
0.06673513,0.7053385,0.7053385,0.6386033,1.4285714626312256,0.23601738,False,True,False,True,-0.6666508,-1.2973142,-1.0767455,0.58970165,-0.93399334,0.496746,0.06673513,0.7053385
0.050362427,0.8698935,0.8698935,0.8195311,2.857142925262451,0.265657,False,False,False,False,1.2996807,-3.8394692,0.45182586,-0.62113523,-0.6145587,0.10288171,0.050362427,0.86989355
0.16903564,0.6507122,0.6507122,0.48167655,25.71428680419922,0.013002047,False,False,False,False,-2.933137,-3.1839745,1.3318877,-2.768425,-2.9290702,0.18047442,0.16903564,0.65097165
0.29328406,0.6518748,0.6518748,0.35859072,2.857142925262451,0.10013651,False,True,False,True,-1.6991519,-3.1433852,1.6930909,0.48689938,-2.20879,0.4229036,0.29328406,0.6518748
0.0038050355,0.9702915,0.9702915,0.96648645,25.71428680419922,0.02474182,False,False,False,False,0.47016454,-3.9882905,1.6260998,-3.5835094,-2.6663594,0.13594961,0.0038050355,0.97240436
0.13364893,0.5748294,0.5748294,0.44118047,7.142857551574707,0.052129645,False,False,False,False,-2.7643187,-3.6972425,0.60587764,-0.2880664,-1.6643523,0.38319728,0.13364893,0.57482946
0.035983443,0.78905034,0.7890502,0.7530669,8.571428298950195,0.12973045,False,False,False,False,0.6259074,-0.9900429,-1.8391666,-4.60172,-0.7895763,0.09895463,0.035983443,0.78905034
0.01967894,0.79630446,0.79630446,0.7766255,11.428571701049805,0.05072206,False,False,False,False,-0.31160784,-1.2773561,-1.1892354,-3.3718824,-2.919176,0.397192,0.01967894,0.79666936
0.15148023,0.54995203,0.54995203,0.3984718,1.4285714626312256,0.24050172,False,True,False,True,1.367281,-1.214433,1.1600552,0.5231514,-0.47779894,0.18562244,0.15148023,0.54995203
0.2729504,0.76501834,0.76501834,0.49206793,5.714285850524902,0.062265474,False,False,False,False,-2.0739048,-0.9646776,1.3435721,-0.69351196,-2.6489935,0.12110904,0.2729504,0.76501846
0.23532622,0.57273674,0.57273674,0.3374105,5.714285850524902,0.047435984,False,False,False,False,-2.3249106,-1.6080878,1.112026,-0.32867622,1.2231293,0.17435724,0.23532622,0.57273674
0.16017058,0.88802886,0.88802886,0.7278583,1.4285714626312256,0.43737257,False,True,False,True,0.7757051,-3.530984,0.014137983,0.681561,1.3183336,0.37736452,0.16017058,0.88802886
0.26079664,0.871555,0.871555,0.6107583,1.4285714626312256,0.30650833,False,True,False,True,-0.4724574,-0.36474347,1.1155262,0.96031046,-1.3142278,0.39305204,0.26079664,0.871555
0.28195286,0.6953577,0.6953577,0.41340482,11.428571701049805,0.1301147,False,False,False,False,-1.9096361,-1.2639573,-0.9882462,-4.6305494,1.6593819,0.062893674,0.28195286,0.6953577
0.1987596,0.95877457,0.95877457,0.76001495,5.714285850524902,0.089839645,False,False,False,False,-1.2533667,-3.3754816,-0.71807027,-1.3255589,-1.7930729,0.4748598,0.1987596,0.9587747
0.017356575,0.972564,0.972564,0.9552074,24.285715103149414,0.025448566,False,False,False,False,-2.5253537,-3.0687003,-0.038066387,-2.9332433,-2.2293005,0.17966798,0.017356575,0.97263134
0.08721768,0.8561311,0.8561311,0.7689134,1.4285714626312256,0.46515065,False,True,False,True,0.9034817,-3.6772883,-1.3393867,0.65673065,1.5557756,0.32631338,0.08721768,0.8561311
0.205084,0.73477066,0.73477066,0.5296867,1.4285714626312256,0.2519447,False,True,False,True,0.26417303,-2.739061,0.4706807,0.37735462,1.5198088,0.086716734,0.205084,0.73477066
0.2774963,0.571543,0.571543,0.29404667,1.4285714626312256,0.14606178,False,True,False,True,0.59590554,-2.9651244,-0.7605777,0.29705095,1.1316657,0.3445621,0.2774963,0.571543
0.25278988,0.95026046,0.95026046,0.69747055,1.4285714626312256,0.27284658,False,True,False,True,1.7357178,-3.9262116,0.9744444,-0.4255228,1.3124766,0.40901715,0.25278988,0.95026046
0.25652182,0.5164132,0.5164132,0.2598914,10.0,0.020121202,False,False,False,False,-2.7817862,-0.23227453,-0.74267435,-1.0851285,-2.6887267,0.061849974,0.25652182,0.51641333
0.0069718664,0.71855,0.71855,0.71157813,2.857142925262451,0.29044443,False,True,False,True,0.28629756,-0.5084007,1.3819208,-3.684432,-0.2923684,0.4328421,0.0069718664,0.7185501
0.09386162,0.75423753,0.75423753,0.6603759,30.0,0.021185866,False,False,False,False,-2.5949385,-3.8147845,-0.96571445,-3.2723684,1.9960308,0.27805474,0.09386162,0.75423753
0.015824534,0.94628227,0.94628227,0.9304577,1.4285714626312256,0.4955746,False,True,False,True,0.63020563,-0.13524556,0.18105221,0.30282068,-0.29389215,0.41951415,0.015824534,0.94628227
0.2289785,0.6296277,0.6296277,0.4006492,4.285714149475098,0.06262744,False,False,False,False,-1.3634669,-2.8443081,-1.3430631,-0.7570772,1.6911206,0.38933572,0.2289785,0.6296277
0.04059486,0.8690287,0.8690287,0.8284338,5.714285850524902,0.11345873,False,False,False,False,-2.4097128,-1.9627869,-0.6175177,-0.30340242,0.19637012,0.25536805,0.04059486,0.8690287
0.17978302,0.6517185,0.6517185,0.47193548,2.857142925262451,0.1451191,False,True,False,True,-1.4793276,-1.8719819,-0.50782037,0.7140608,0.84328985,0.15498619,0.17978302,0.6517185
0.22090259,0.6158508,0.6158508,0.3949482,4.285714149475098,0.2097864,False,True,False,True,-1.0061042,-0.7643714,-0.12886214,-1.8209779,1.5746408,0.3391409,0.22090259,0.6158508
0.17373812,0.92966676,0.9296667,0.75592864,8.571428298950195,0.11374804,False,False,False,False,1.6811037,-1.0120242,-1.1571281,-4.655634,-0.93104506,0.072341084,0.17373812,0.92966676
0.22960521,0.95009106,0.9500906,0.72048587,34.28571319580078,0.05576177,False,False,False,False,-2.2067215,-3.8239536,1.2536113,-3.9178786,-0.22794509,0.21015172,0.22960521,0.9500911
0.01903639,0.91428113,0.91428113,0.8952447,1.4285714626312256,0.58560693,False,True,False,True,1.332778,-3.9751492,-0.8626697,0.84898853,1.2803946,0.15143017,0.01903639,0.91428113
0.10745114,0.9985255,0.9985255,0.89107436,2.857142925262451,0.28688535,False,True,False,True,-1.0617446,-0.6356168,-0.9681523,0.7152004,0.7294624,0.21923687,0.10745114,0.9985255
0.0064192596,0.954548,0.954548,0.94812876,18.571428298950195,0.11219372,False,False,False,False,0.49293327,-3.3461623,1.2605786,-4.139703,-0.5359156,0.19025064,0.0064192596,0.954548
0.2778031,0.95474213,0.954742,0.676939,4.285714149475098,0.11967115,False,False,False,False,1.509985,-0.8338454,-0.39235926,-3.135786,-1.3340969,0.41789818,0.2778031,0.9547422
0.2681999,0.61079544,0.61079544,0.34259555,4.285714149475098,0.048881885,False,False,False,False,-1.0441728,-1.3005488,-0.31423473,-1.0843318,-0.06105566,0.08686884,0.2681999,0.6107955
0.019640995,0.956137,0.956137,0.936496,2.857142925262451,0.27171412,False,True,False,True,-0.73134446,-3.1787298,-0.6798134,0.2966566,1.3321548,0.46743423,0.019640995,0.956137
0.026424909,0.639123,0.639123,0.61269814,8.571428298950195,0.14234577,False,False,False,False,-2.1066551,-2.1447406,1.5920515,-1.5941,0.40165615,0.32610938,0.026424909,0.639123
0.2096506,0.8197739,0.8197739,0.6101233,10.0,0.21284899,False,False,False,False,-1.2737031,-2.04521,-0.014863491,-3.9184675,1.1530719,0.293326,0.2096506,0.8197739
0.2180375,0.8529636,0.8529636,0.63492614,11.428571701049805,0.067211136,False,False,False,False,-2.8904843,-1.7226839,-1.8829854,-1.3454759,1.776206,0.3171453,0.2180375,0.8529636
0.06730367,0.60582614,0.60582614,0.5385225,2.857142925262451,0.15661034,False,True,False,True,-0.9430535,-1.9380734,0.1646092,0.1991005,0.67099094,0.46994573,0.06730367,0.60582614
0.1114601,0.749381,0.749381,0.6379209,4.285714149475098,0.113210924,False,False,False,False,-2.1058633,-0.45148468,-0.8566148,0.001502037,-0.92427206,0.087579034,0.1114601,0.749381
0.038918514,0.89372426,0.8937242,0.85480577,2.857142925262451,0.2664571,False,True,False,True,0.48121762,-3.9203975,-1.6882601,-0.3915453,-0.843843,0.23479056,0.038918514,0.89372426
0.061019186,0.85411274,0.85411274,0.79309356,11.428571701049805,0.07347207,False,False,False,False,1.5390472,-2.5840137,1.8635397,-4.767701,-2.1836908,0.4025628,0.061019186,0.85413766
0.18422945,0.99641204,0.99641204,0.8121826,4.285714149475098,0.13323538,False,False,False,False,-1.8094947,-3.6782796,0.32833147,-0.40116405,-1.9357942,0.2518216,0.18422945,0.9964121
0.094735034,0.9481723,0.9481718,0.85343724,5.714285850524902,0.25186393,False,False,False,False,0.0033574104,-1.8779423,-0.9535992,-2.3346786,0.5923908,0.47271243,0.094735034,0.9481723
0.10475759,0.84286624,0.84286624,0.73810863,2.857142925262451,0.21326543,False,True,False,True,-2.1954327,-1.2906857,-1.8946588,0.96678543,1.2579279,0.4125908,0.10475759,0.84286624
0.05555989,0.8509946,0.8509946,0.7954347,2.857142925262451,0.24316522,False,True,False,True,-0.90856314,-1.263859,1.3252196,0.5161514,-0.34141636,0.37757942,0.05555989,0.8509946
0.2901239,0.9799228,0.9799228,0.68979883,2.857142925262451,0.18808286,False,True,False,True,-0.51392794,-2.0495598,-1.4783282,-0.16164207,-2.8776124,0.15567565,0.2901239,0.97992283
0.13482505,0.72818977,0.72818965,0.5933647,10.0,0.08630956,False,False,False,False,0.8511238,-3.2329493,1.9093704,-2.8622332,-0.94823647,0.422391,0.13482505,0.72818977
0.18409184,0.7834548,0.7834548,0.59936297,2.857142925262451,0.24139237,False,True,False,True,0.051798582,-0.10488391,1.4610131,-4.077677,-0.3426273,0.2440212,0.18409184,0.78345484
0.016585995,0.7102208,0.71022063,0.6936348,4.285714149475098,0.097696975,False,False,False,False,0.4502685,-3.1941202,-0.3375435,-1.612076,-2.2879212,0.3258548,0.016585995,0.7102208
0.28991404,0.70968246,0.70968246,0.41976842,5.714285850524902,0.16629755,False,True,False,True,-1.0772257,-0.9484291,-1.2072296,-3.1274533,1.1213589,0.39394772,0.28991404,0.70968246
0.06583636,0.6286839,0.6286839,0.56284755,1.4285714626312256,0.2726146,False,True,False,True,-0.32791662,-3.1205504,1.4631159,0.78607273,1.2688074,0.3677536,0.06583636,0.6286839
0.121550776,0.6062095,0.6062095,0.48465875,5.714285850524902,0.14060627,False,False,False,False,-0.9590287,-0.8848481,-0.16551113,-2.3462203,0.13908339,0.35932207,0.121550776,0.6062095
0.24131964,0.8566857,0.8566857,0.61536604,17.14285659790039,0.037876945,False,False,False,False,1.7442408,-3.0790892,1.7676294,-4.7193584,-2.4322824,0.20822541,0.24131964,0.85697997
0.08070842,0.9882078,0.98820704,0.9074994,8.571428298950195,0.139013,False,False,False,False,-0.24157453,-1.7502775,-0.041104555,-4.3088818,-1.2662079,0.32600513,0.08070842,0.9882078
0.013903803,0.7281871,0.7281871,0.7142833,2.857142925262451,0.1606718,False,False,False,False,-0.9265938,-2.4686005,-1.0929866,-0.4718771,1.9140763,0.47394946,0.013903803,0.7281871
0.24456125,0.67629546,0.67629546,0.4317342,1.4285714626312256,0.17013857,False,True,False,True,-1.0455115,-2.5001702,-1.8021109,0.9968214,1.5243602,0.116653934,0.24456125,0.67629546
0.03738288,0.98611856,0.98611856,0.94873565,7.142857551574707,0.08761943,False,False,False,False,1.7811494,-2.059123,1.0442562,-2.1867805,-1.24328,0.066815495,0.03738288,0.98611873
0.011381507,0.7403501,0.7403501,0.7289686,7.142857551574707,0.07884654,False,False,False,False,1.8193803,-0.07889724,1.452138,-4.70367,-2.0978253,0.32425222,0.011381507,0.74035573
0.18161571,0.540835,0.540835,0.3592193,5.714285850524902,0.044080418,False,False,False,False,0.3149054,-2.6247225,0.34523797,-1.7904105,-1.4614155,0.3019944,0.18161571,0.54083514
0.0970507,0.7666118,0.7666113,0.66956115,2.857142925262451,0.2271775,False,False,False,False,1.8047938,-0.014189482,-1.6432385,-2.7187886,-0.56935644,0.2730672,0.0970507,0.7666118
0.11061418,0.8652545,0.8652545,0.75464034,4.285714149475098,0.24740669,False,True,False,True,0.2406857,-1.3990598,1.1271188,-1.4308803,0.35108304,0.2448519,0.11061418,0.8652545
0.29303077,0.580865,0.580865,0.28783426,2.857142925262451,0.069974415,False,False,False,False,1.4693761,-1.9790223,-1.5511627,-1.0333009,-2.4641156,0.34779885,0.29303077,0.58086514
0.047283325,0.61437196,0.61437196,0.5670886,1.4285714626312256,0.22866566,False,True,False,True,-0.84571385,-0.12635326,0.80814195,0.8667383,-1.6789606,0.24971732,0.047283325,0.61437196
0.009509754,0.7829857,0.7829857,0.77347594,2.857142925262451,0.5020068,False,True,False,True,0.037450314,-0.3800609,1.7877495,-3.1174734,1.6202321,0.11449921,0.009509754,0.7829857
0.15318528,0.6383975,0.6383975,0.48521224,2.857142925262451,0.22048783,False,True,False,True,1.8290286,-0.4701624,-1.4592817,-2.6254904,1.7119932,0.39267424,0.15318528,0.6383975
0.2851629,0.80842084,0.80842036,0.523258,2.857142925262451,0.15080208,False,True,False,True,1.0830154,-0.31084275,1.2914505,-0.7390084,-1.6300838,0.056376442,0.2851629,0.8084209
0.0064585092,0.703013,0.703013,0.6965545,5.714285850524902,0.31384844,False,False,False,False,-0.18472743,-1.2501953,-0.7542486,-4.174348,0.8647268,0.24786843,0.0064585092,0.703013
0.005126739,0.6365096,0.6365096,0.6313829,12.85714340209961,0.030646166,False,False,False,False,-0.8756654,-3.4601989,-1.5833979,-2.6936908,-2.5767925,0.3893231,0.005126739,0.6365291
0.02468607,0.9845515,0.9845515,0.9598654,20.0,0.04369208,False,False,False,False,-2.319169,-2.7110515,-1.9841521,-2.8404505,-2.1581573,0.41332135,0.02468607,0.984555
0.17269924,0.9870985,0.9870979,0.81439924,10.0,0.08708137,False,False,False,False,1.851799,-1.4735422,-0.18119574,-3.7774067,-1.6111248,0.12276779,0.17269924,0.9870988
0.04203667,0.67451733,0.67451733,0.6324807,25.71428680419922,0.049200173,False,False,False,False,-1.3362641,-2.8301153,0.4440291,-4.8078375,-1.349761,0.11845462,0.04203667,0.6745176
0.18716136,0.7155014,0.7155014,0.5283401,1.4285714626312256,0.3181358,False,True,False,True,1.4412742,-1.1491084,0.5562427,0.5004544,0.9597688,0.27234682,0.18716136,0.7155014
0.20614764,0.8123137,0.8123137,0.606166,5.714285850524902,0.1545659,False,False,False,False,0.72236633,-1.5515354,0.7987726,-4.8065896,-0.8388758,0.3946333,0.20614764,0.8123138
0.031556085,0.9063835,0.9063835,0.87482744,11.428571701049805,0.08115375,False,False,False,False,-1.5166651,-0.7047279,-0.42814898,-3.6280828,-2.2853224,0.27697986,0.031556085,0.9063996
0.17535062,0.75123984,0.75123984,0.5758892,5.714285850524902,0.13270324,False,False,False,False,-0.16755915,-2.4235604,1.728869,-2.0524204,-0.20431542,0.4225019,0.17535062,0.7512399
0.16228686,0.5945122,0.59451216,0.43222535,2.857142925262451,0.09256901,False,False,False,False,1.7867117,-3.535973,0.9887092,-1.2392454,-0.8875699,0.34855843,0.16228686,0.5945122
0.24083765,0.9606504,0.9606504,0.71981275,4.285714149475098,0.15048622,False,False,False,False,-2.1895676,-3.003915,1.8054531,0.34271002,-0.76731443,0.3885683,0.24083765,0.9606504
0.11748821,0.5487324,0.5487324,0.4312442,4.285714149475098,0.07107314,False,False,False,False,0.16217232,-0.47406054,-0.5356991,-1.3686917,-2.0230975,0.087095544,0.11748821,0.5487326
0.17383628,0.5236336,0.5236336,0.3497973,2.857142925262451,0.20557985,False,True,False,True,0.33032393,-0.68628883,0.40198708,-4.871442,0.56182766,0.47584686,0.17383628,0.5236336
0.15176716,0.9839716,0.9839716,0.83220446,2.857142925262451,0.494908,False,True,False,True,-1.0109668,-0.058644056,-1.1450076,-4.31448,1.3477106,0.4484803,0.15176716,0.9839716
0.03791517,0.7937602,0.7937602,0.755845,11.428571701049805,0.23217171,False,False,False,False,-2.6567988,-0.768358,-1.8865054,-2.91712,1.4897118,0.1644041,0.03791517,0.7937602
0.07403155,0.87049246,0.87049246,0.7964609,1.4285714626312256,0.3437098,False,True,False,True,1.984993,-2.7351232,-1.7752867,-0.29805708,1.546565,0.13083617,0.07403155,0.87049246
0.23103684,0.7761468,0.7761468,0.54511,4.285714149475098,0.08336001,False,False,False,False,0.062041044,-3.5379646,-0.39008117,-1.4510906,-0.24786305,0.44134703,0.23103684,0.7761469
0.10412463,0.5096476,0.5096476,0.40552297,7.142857551574707,0.040039737,False,False,False,False,1.2742863,-3.8891163,0.34295464,-2.083344,-2.091598,0.23535098,0.10412463,0.50964785
0.21755518,0.5106419,0.5106419,0.2930867,4.285714149475098,0.06642499,False,False,False,False,-0.31280828,-0.006735325,-1.3462214,-2.3442993,-1.0707827,0.14933059,0.21755518,0.510642
0.121026374,0.86097556,0.86097556,0.73994917,27.142858505249023,0.030831724,False,False,False,False,1.9495502,-3.6644304,-0.20993233,-4.1209846,-2.1292927,0.4474311,0.121026374,0.8610606
0.27820596,0.5718638,0.5718638,0.2936578,2.857142925262451,0.08846414,False,True,False,True,-1.3708376,-1.95615,-1.0133057,0.53433466,-2.9538538,0.2639926,0.27820596,0.5718638
0.17527416,0.96272254,0.96272236,0.7874484,7.142857551574707,0.08654638,False,False,False,False,-0.89043045,-1.6399448,1.9311724,-1.9444809,-2.5038514,0.11724824,0.17527416,0.96272266
0.02036249,0.71121335,0.7112133,0.69085085,40.0,0.050395977,False,False,False,False,-2.903068,-3.4874485,-1.619525,-4.5878677,-0.2988615,0.39903104,0.02036249,0.71121335
0.011241317,0.7475154,0.7475149,0.73627406,7.142857551574707,0.11638881,False,False,False,False,0.13487768,-1.4321084,0.85813665,-2.6879478,-1.2104379,0.1371323,0.011241317,0.74751556
0.22337797,0.8571671,0.8571671,0.6337892,1.4285714626312256,0.37579715,False,True,False,True,0.27153778,-1.7802169,1.6235559,0.87421656,0.19920969,0.1679419,0.22337797,0.8571671
0.024749244,0.63751143,0.63751143,0.6127622,2.857142925262451,0.181168,False,True,False,True,-0.91141057,-3.6610656,-1.7656367,0.45763683,-2.2576652,0.48019695,0.024749244,0.63751143
0.05073951,0.9984913,0.9984913,0.94775176,2.857142925262451,0.5911127,False,True,False,True,-0.7180052,-0.163903,0.33946157,-3.9347088,1.3235798,0.3257429,0.05073951,0.9984913
0.19993289,0.9902495,0.9902495,0.79031664,1.4285714626312256,0.33135906,False,True,False,True,1.5660644,-2.10849,-0.10219622,-0.28904486,-0.2943151,0.24204953,0.19993289,0.9902495
0.20232855,0.52423453,0.52423453,0.32190597,5.714285850524902,0.108829126,False,False,False,False,-0.9266515,-0.85750604,-0.8077316,-4.647953,-0.2465887,0.28416836,0.20232855,0.5242346
0.078001,0.94280493,0.94280493,0.8648039,22.85714340209961,0.050695576,False,False,False,False,-2.4023478,-1.9153991,0.583436,-4.7467046,-2.3944786,0.12800159,0.078001,0.9436244
0.040772278,0.5299147,0.5299147,0.4891424,1.4285714626312256,0.18615846,False,True,False,True,0.999341,-0.25692415,1.7979255,-0.3482499,-1.9050117,0.063219264,0.040772278,0.52991474
0.10687756,0.74516636,0.74516636,0.6382888,11.428571701049805,0.0385757,False,False,False,False,1.5099983,-3.0831275,1.2642484,-2.6737328,-1.9964805,0.3069271,0.10687756,0.74516666
0.2343966,0.7254762,0.7254762,0.4910796,1.4285714626312256,0.27444604,False,True,False,True,0.17491484,-3.9473546,-1.9121401,0.7690387,0.2391901,0.23081921,0.2343966,0.7254762
0.1281342,0.8568651,0.8568651,0.7287309,2.857142925262451,0.14932528,False,False,False,False,0.24202871,-3.4235396,-1.1584682,-0.9810443,-0.25292802,0.24053636,0.1281342,0.85686517
0.12679812,0.7287179,0.7287179,0.6019198,5.714285850524902,0.12881495,False,False,False,False,1.5135355,-0.614208,-1.0925376,-3.2351503,-1.0437424,0.19692649,0.12679812,0.72871804
0.21469875,0.55470496,0.55470496,0.34000623,1.4285714626312256,0.18697844,False,True,False,True,1.195869,-3.3100104,1.7913334,0.3104887,1.8204255,0.4279777,0.21469875,0.55470496
0.054266546,0.5371666,0.5371666,0.48290005,1.4285714626312256,0.32254875,False,True,False,True,1.400837,-3.9859078,0.3591056,0.9580684,-0.11752534,0.2938394,0.054266546,0.5371666
0.17979522,0.54237354,0.5423735,0.36257833,5.714285850524902,0.047634155,False,False,False,False,-0.14806294,-1.2588003,-1.120985,-1.6780596,-0.30971622,0.14477283,0.17979522,0.54237354
0.25445005,0.75377005,0.75377005,0.49932,1.4285714626312256,0.2824187,False,True,False,True,0.90963817,-3.2285948,1.4687881,0.46415806,0.9786968,0.11724284,0.25445005,0.75377005
0.13617869,0.97507936,0.97507876,0.8389007,7.142857551574707,0.10432789,False,False,False,False,-2.907198,-0.41767,1.8430288,-0.66901064,-2.507661,0.21648945,0.13617869,0.9750794
0.13411847,0.90703416,0.90703416,0.7729157,8.571428298950195,0.06530051,False,False,False,False,-2.6401353,-3.4144645,1.0330172,-0.9992752,-1.2603365,0.08654588,0.13411847,0.90703416
0.1841434,0.88949966,0.88949966,0.70535624,2.857142925262451,0.16382806,False,False,False,False,1.7273941,-2.051246,-1.1747074,-1.1322398,1.3810134,0.13934089,0.1841434,0.88949966
0.13841468,0.94085556,0.9408555,0.8024409,27.142858505249023,0.06365077,False,False,False,False,-0.8539882,-3.6360884,-1.0453033,-4.9241753,-0.5640464,0.43810788,0.13841468,0.94085556
0.1350633,0.86547065,0.86547065,0.73040736,7.142857551574707,0.2843759,False,False,False,False,-2.5021815,-0.087706804,-0.5572686,-4.0315027,1.4960923,0.22670783,0.1350633,0.86547065
0.10750199,0.76471615,0.76471615,0.65721416,1.4285714626312256,0.26974264,False,True,False,True,-0.79434395,-2.0968614,0.94299316,0.8533125,-1.6141884,0.28332257,0.10750199,0.76471615
0.0014712632,0.64549756,0.64549756,0.6440263,4.285714149475098,0.2754661,False,True,False,True,1.0264297,-0.5591774,-0.39539123,-3.6556988,0.68906283,0.116399586,0.0014712632,0.64549756
0.18198107,0.9344138,0.9344138,0.7524327,8.571428298950195,0.060287293,False,False,False,False,-2.3155649,-3.363121,0.8322177,-1.319804,0.7794111,0.32514837,0.18198107,0.9344138
0.098428436,0.7337079,0.7337079,0.6352795,2.857142925262451,0.14588097,False,False,False,False,0.8859594,-3.4183383,1.844878,-0.9517174,1.7306547,0.46198598,0.098428436,0.7337079
0.2549575,0.51909393,0.51909393,0.26413643,34.28571319580078,0.01572887,False,False,False,False,0.23184633,-3.7684054,-0.793988,-4.619843,0.05350542,0.29953772,0.2549575,0.519094
0.07080084,0.651902,0.651902,0.5811012,5.714285850524902,0.13292333,False,False,False,False,1.3430982,-0.9604845,-0.38549185,-4.9832845,-0.63781285,0.19905469,0.07080084,0.65190214
0.04237109,0.7434567,0.7434567,0.7010856,17.14285659790039,0.117095195,False,False,False,False,-1.0527017,-2.5737917,-0.055863857,-4.1526155,0.38743448,0.17676526,0.04237109,0.7434567
0.03559163,0.5577961,0.5577961,0.5222045,15.714285850524902,0.13057418,False,False,False,False,-0.7489271,-3.7049472,1.8659191,-4.3681674,1.5629888,0.2999925,0.03559163,0.5577961
0.19334652,0.9736968,0.9736968,0.7803503,2.857142925262451,0.47674426,False,True,False,True,-1.4569695,-0.08810234,1.8047252,-0.5038128,1.8282614,0.41062704,0.19334652,0.9736968
0.22140093,0.9019349,0.9019349,0.680534,4.285714149475098,0.10265668,False,False,False,False,0.9795041,-1.668457,0.7218883,-1.7902012,-1.577342,0.3789398,0.22140093,0.9019349
0.04330743,0.6005919,0.6005919,0.5572845,2.857142925262451,0.18601662,False,True,False,True,1.2737241,-0.1886723,0.5692396,-2.9508233,0.3233664,0.3950676,0.04330743,0.6005919
0.1929098,0.7947484,0.7947484,0.6018386,5.714285850524902,0.07523807,False,False,False,False,-2.4198847,-3.0885832,1.8724096,-0.43770885,-0.67561316,0.11255215,0.1929098,0.7947485
0.12382016,0.57781935,0.57781935,0.4539992,5.714285850524902,0.054778464,False,False,False,False,-0.46807837,-3.3030603,1.962069,-1.59833,-2.4157174,0.4037697,0.12382016,0.5778195
0.05505606,0.76145047,0.76145047,0.70639443,17.14285659790039,0.13910966,False,False,False,False,-2.3026295,-2.1583152,-1.0588577,-4.0138526,0.6353502,0.26443535,0.05505606,0.76145047
0.02043103,0.55750364,0.55750364,0.5370726,15.714285850524902,0.06697587,False,False,False,False,-2.942194,-0.41417813,-1.8228958,-3.7341657,-1.0052874,0.060990218,0.02043103,0.5575038
0.2598743,0.68866396,0.68866396,0.42878965,8.571428298950195,0.17530005,False,False,False,False,-2.0832317,-1.4044755,1.1136916,-4.062453,0.67479277,0.17451246,0.2598743,0.68866396
0.18310374,0.8685857,0.8685857,0.68548197,4.285714149475098,0.22035934,False,True,False,True,0.60682034,-1.4725647,-0.67811966,-1.6790967,0.6956754,0.41875035,0.18310374,0.8685857
0.002706635,0.86105686,0.86105686,0.8583502,4.285714149475098,0.25983542,False,False,False,False,0.26220655,-0.40749454,-1.3735003,-3.293881,-0.50530267,0.41389164,0.002706635,0.8610569
0.058458246,0.6995675,0.6995675,0.6411092,2.857142925262451,0.19242513,False,True,False,True,1.891314,-0.70759106,1.76722,-3.0740366,-0.2339778,0.469172,0.058458246,0.69956756
0.1420462,0.980142,0.980142,0.8380958,4.285714149475098,0.5258002,False,True,False,True,-1.6088493,-0.48734522,0.42390966,-4.688515,1.343924,0.46051875,0.1420462,0.980142
0.2904587,0.6096947,0.6096947,0.319236,10.0,0.03690181,False,False,False,False,-2.7582755,-1.8387768,0.25207043,-1.2645075,0.70505095,0.35110292,0.2904587,0.6096947
0.07001596,0.94073915,0.94073915,0.8707232,10.0,0.06443686,False,False,False,False,-0.029667139,-1.1600511,-1.5833483,-3.1517992,-2.4784846,0.19181418,0.07001596,0.94075894
0.10033032,0.5925312,0.5925312,0.49220088,4.285714149475098,0.10166442,False,False,False,False,-1.7214726,-1.4576044,-0.87899446,-0.06489992,-0.534781,0.12221877,0.10033032,0.5925312
0.21765484,0.7612391,0.761239,0.5435843,2.857142925262451,0.11803101,False,False,False,False,0.32025528,-0.25240827,0.64477324,-1.2286549,-2.4636154,0.29718184,0.21765484,0.7612391
0.24299693,0.5826146,0.5826146,0.33961767,12.85714340209961,0.018930607,False,False,False,False,-2.9475493,-3.2595172,-1.921196,-1.5018022,0.29770064,0.38973534,0.24299693,0.5826146
0.26196337,0.94029224,0.9402921,0.6783289,5.714285850524902,0.13213776,False,False,False,False,0.26636052,-0.05732298,-0.85207486,-4.9945865,-1.2080815,0.17826207,0.26196337,0.9402923
0.083567284,0.53915375,0.53915375,0.45558646,2.857142925262451,0.16862832,False,True,False,True,1.8332605,-0.6344955,0.12242389,-3.577083,-0.056329012,0.23256902,0.083567284,0.5391538
0.02455804,0.806821,0.80682087,0.7822629,2.857142925262451,0.17295372,False,False,False,False,1.6302028,-3.835715,-0.54669833,-1.1779981,-1.9675462,0.21678069,0.02455804,0.806821
0.09556071,0.83817065,0.83817065,0.7426099,1.4285714626312256,0.3996575,False,True,False,True,1.7810283,-1.346498,-0.2579286,0.14326572,1.5229349,0.46419883,0.09556071,0.83817065
0.18385056,0.62591845,0.62591845,0.4420679,7.142857551574707,0.048882302,False,False,False,False,0.11565113,-1.5517976,1.4666448,-3.2348368,-2.239028,0.36746043,0.18385056,0.6259195
0.06740202,0.74340504,0.7434048,0.67600304,7.142857551574707,0.10382079,False,False,False,False,1.0951738,-2.2112942,1.8003159,-4.4077826,-1.5712006,0.3781614,0.06740202,0.74340504
0.1431548,0.63822263,0.63822263,0.49506783,11.428571701049805,0.036097866,False,False,False,False,-1.0496683,-0.61954904,-1.81251,-4.110297,-2.5481272,0.30628836,0.1431548,0.63837105
0.101992756,0.78018683,0.78018683,0.67819405,15.714285850524902,0.08285934,False,False,False,False,-2.3430762,-0.95466876,-1.335846,-3.937872,-0.8616724,0.052130427,0.101992756,0.780187
0.13107544,0.95090556,0.95090556,0.8198301,4.285714149475098,0.21829827,False,False,False,False,0.8784826,-1.9663074,1.8963645,-2.5508628,0.46550012,0.13094507,0.13107544,0.95090556
0.29014152,0.7186726,0.7186726,0.42853105,11.428571701049805,0.027337674,False,False,False,False,1.1776133,-2.1993372,-1.0004792,-2.9959328,-2.5174124,0.385494,0.29014152,0.71867913
0.17505722,0.50136036,0.50136036,0.32630312,8.571428298950195,0.0367215,False,False,False,False,-1.960858,-0.013374329,-0.76259947,-2.5925937,-2.1835322,0.45780003,0.17505722,0.50136065
0.09171401,0.878586,0.878586,0.78687197,1.4285714626312256,0.53138596,False,True,False,True,1.8510485,-0.7819302,0.7321894,0.9667201,0.029224873,0.16623493,0.09171401,0.878586
0.0661217,0.8232056,0.8232056,0.7570839,2.857142925262451,0.19531012,False,True,False,True,-1.8875458,-0.6921983,-1.1176212,0.45402622,-0.9932537,0.4454483,0.0661217,0.8232056
0.27401653,0.6098841,0.6098841,0.33586755,7.142857551574707,0.045943506,False,False,False,False,1.2796583,-1.5342479,-0.25901866,-3.821468,-1.6668596,0.36197487,0.27401653,0.6098844
0.109972306,0.97313607,0.97313607,0.86316377,24.285715103149414,0.056380704,False,False,False,False,-1.7139124,-3.2328541,0.1378429,-3.2962375,0.36223602,0.19066939,0.109972306,0.97313607
0.04267309,0.7721619,0.7721619,0.7294888,47.14285659790039,0.02072217,False,False,False,False,-1.7583091,-3.728334,0.27583337,-4.2659984,-1.287277,0.09648566,0.04267309,0.77240217
0.11306466,0.8569697,0.8569696,0.74390507,12.85714340209961,0.10919528,False,False,False,False,0.63561916,-2.515175,-1.9245515,-4.45162,-0.66412973,0.38763103,0.11306466,0.8569697
0.27489805,0.8421597,0.8421597,0.56726164,4.285714149475098,0.1254499,False,False,False,False,0.01188612,-0.2478466,0.88412666,-1.517839,-1.8067925,0.2540504,0.27489805,0.8421597
0.21206747,0.71379864,0.71379864,0.50173116,5.714285850524902,0.17442201,False,False,False,False,-2.15535,-0.40684104,1.0748105,-3.6567268,-0.3235345,0.35194698,0.21206747,0.7137987
0.08817609,0.5237949,0.5237949,0.43561882,4.285714149475098,0.1627954,False,True,False,True,-0.57690763,-0.8038943,0.027347326,-3.4211812,1.3558798,0.43712428,0.08817609,0.5237949
0.13311853,0.71560097,0.71560097,0.58248246,35.71428680419922,0.023625191,False,False,False,False,-1.7050205,-3.4443917,-0.32136488,-4.6286755,-2.363551,0.34496865,0.13311853,0.71675545
0.005488855,0.5803746,0.5803746,0.5748857,5.714285850524902,0.12257316,False,False,False,False,-0.117893696,-1.378233,1.4408846,-2.3886793,-0.6394007,0.065362215,0.005488855,0.5803747
0.25748643,0.692028,0.692028,0.43454155,2.857142925262451,0.15104413,False,True,False,True,0.8240771,-0.99878407,0.69712734,-0.38325405,-0.8767319,0.12330325,0.25748643,0.69202805
0.2461462,0.8202605,0.8202605,0.5741143,2.857142925262451,0.1691309,False,True,False,True,-0.9406035,-3.2507026,1.361239,0.287292,-1.7026455,0.46871424,0.2461462,0.8202605
0.242917,0.7542954,0.7542954,0.5113784,5.714285850524902,0.07645384,False,False,False,False,-1.6903176,-3.342152,0.28339243,-0.67446613,-2.137424,0.4445031,0.242917,0.75429547
0.08010951,0.95890045,0.95890033,0.878791,14.285715103149414,0.04240669,False,False,False,False,-2.9981997,-3.5628202,1.4129095,-1.7125878,-0.91019917,0.13051796,0.08010951,0.95890045
0.035825193,0.9712877,0.97128755,0.93546253,5.714285850524902,0.15757784,False,False,False,False,0.6901398,-1.8421156,1.5259631,-3.75131,-1.343966,0.35479727,0.035825193,0.97128785
0.27504998,0.6952487,0.6952487,0.42019874,1.4285714626312256,0.2226492,False,True,False,True,1.1192164,-1.6666024,-1.5818539,0.24588633,-1.4069505,0.23930642,0.27504998,0.6952487
0.2211761,0.79540336,0.79540336,0.5742273,10.0,0.03450156,False,False,False,False,1.8721366,-2.2068918,-1.197478,-2.6759772,-2.8292475,0.41217163,0.2211761,0.79541254
0.22019754,0.7183808,0.7183808,0.49818325,4.285714149475098,0.09246003,False,False,False,False,-2.6889985,-1.355515,1.1357937,0.57616806,-1.5532012,0.3655458,0.22019754,0.7183808
0.0997297,0.724666,0.724666,0.6249363,4.285714149475098,0.29386044,False,True,False,True,-0.27496362,-0.7359245,0.16605282,-2.8857875,0.46236944,0.29007697,0.0997297,0.724666
0.2237275,0.53899544,0.53899544,0.31526795,1.4285714626312256,0.21338098,False,True,False,True,0.9543369,-0.022656918,-0.52801013,0.328331,1.9129095,0.40720573,0.2237275,0.53899544
0.021034027,0.5686346,0.5686346,0.5476006,7.142857551574707,0.049583286,False,False,False,False,-1.6553266,-2.8250093,1.9470675,-1.5240588,-2.6255052,0.07518994,0.021034027,0.5686348
0.028819837,0.6583034,0.6583034,0.6294835,17.14285659790039,0.1499393,False,False,False,False,-2.0097997,-3.0652192,1.4868126,-3.2310748,1.7993484,0.22354744,0.028819837,0.6583034
0.11057285,0.6056403,0.6056403,0.49506745,10.0,0.035536885,False,False,False,False,-1.6083674,-3.3749025,-1.8654673,-1.8954468,-2.4408736,0.21025294,0.11057285,0.60564053
0.18488199,0.9720826,0.9720826,0.7872006,1.4285714626312256,0.3149847,False,True,False,True,-0.59470224,-3.5497167,-0.65017843,0.6554079,1.8121638,0.29312888,0.18488199,0.9720826
0.2689699,0.7607775,0.7607775,0.49180758,10.0,0.031696986,False,False,False,False,1.9006333,-2.9428756,0.31625414,-2.5936913,-2.2148435,0.47471148,0.2689699,0.76077783
0.22527842,0.96968484,0.96968484,0.7444064,2.857142925262451,0.24222937,False,True,False,True,1.5613852,-1.4658668,1.3203712,-0.72934484,0.68309546,0.35531765,0.22527842,0.96968484
0.09313387,0.9969591,0.9969591,0.9038252,1.4285714626312256,0.5726673,False,True,False,True,0.47761297,-3.275764,0.73586893,0.9956136,1.5726986,0.41689953,0.09313387,0.9969591
0.26181528,0.68109006,0.68109006,0.41927478,1.4285714626312256,0.15866414,False,True,False,True,-0.043721437,-3.0758166,-0.07512951,0.179533,-2.795765,0.22344957,0.26181528,0.68109006
0.1896013,0.74493474,0.74493426,0.55533344,12.85714340209961,0.11459429,False,False,False,False,-1.5095546,-2.5391932,0.6553869,-4.314895,-0.18371844,0.3328304,0.1896013,0.7449348
0.26666227,0.7249353,0.72493523,0.45827302,1.4285714626312256,0.19774465,False,True,False,True,0.7302246,-2.1180556,1.5512693,-0.013868332,-2.227478,0.23103115,0.26666227,0.7249353
0.17174387,0.8905758,0.89057577,0.71883196,8.571428298950195,0.16324048,False,False,False,False,-1.2646918,-2.1252332,-0.45965695,-3.046834,0.053169727,0.464593,0.17174387,0.8905758
0.07970215,0.5779356,0.5779356,0.49823344,8.571428298950195,0.036729842,False,False,False,False,1.430285,-3.3014975,-1.4225488,-2.4421191,0.2447362,0.2477007,0.07970215,0.5779356
0.053833082,0.94862443,0.94862384,0.89479136,1.4285714626312256,0.4334433,False,True,False,True,-0.42698908,-0.5119977,0.08627391,0.85767317,-1.683151,0.48276412,0.053833082,0.94862443
0.18336919,0.6267731,0.6267731,0.44340393,2.857142925262451,0.14610422,False,False,False,False,-0.22704935,-0.010703087,1.9032397,-3.026537,-0.68281674,0.21390246,0.18336919,0.62677324
0.037494656,0.52222884,0.52222884,0.48473418,2.857142925262451,0.14428258,False,True,False,True,-1.0809742,-3.2122362,1.2180476,0.37026548,-0.22479582,0.26815245,0.037494656,0.52222884
0.24980862,0.74898994,0.7489899,0.49918133,7.142857551574707,0.05760868,False,False,False,False,-2.4289856,-3.4808428,-1.6455798,-0.5933852,-2.4070342,0.3828231,0.24980862,0.74898994
0.09144391,0.9034729,0.9034729,0.812029,1.4285714626312256,0.41238552,False,True,False,True,0.09225798,-0.7517195,-1.813653,0.5913148,1.9618645,0.4897042,0.09144391,0.9034729
0.078797795,0.953964,0.953964,0.8751662,5.714285850524902,0.22086433,False,False,False,False,-1.4195397,-1.6888912,1.6725628,-1.3714709,0.41424704,0.21509969,0.078797795,0.953964
0.064383894,0.7874111,0.7874111,0.7230272,21.428571701049805,0.031714026,False,False,False,False,-2.7562697,-1.6502438,-0.19339061,-2.8450084,-2.9422145,0.14120623,0.064383894,0.7876783
0.12993413,0.71432036,0.71432036,0.5843862,51.42856979370117,0.022941329,False,False,False,False,0.47510576,-3.817925,-0.76910067,-4.8605804,1.209661,0.06827593,0.12993413,0.71432036
0.22257268,0.9520823,0.9520823,0.7295096,4.285714149475098,0.21745808,False,True,False,True,-1.8707793,-0.5632138,0.85565543,-0.4345832,1.262373,0.16261871,0.22257268,0.9520823
0.040945157,0.9328848,0.9328848,0.89193964,12.85714340209961,0.15762629,False,False,False,False,-1.0739877,-2.1636984,0.18921328,-4.9459844,-0.76606274,0.24808285,0.040945157,0.93288493
0.010419167,0.5704633,0.5704633,0.5600441,11.428571701049805,0.033876605,False,False,False,False,-2.6996865,-2.800979,1.1777108,-1.5346725,0.51351714,0.2846895,0.010419167,0.5704633
0.18014614,0.5896247,0.5896247,0.40947855,15.714285850524902,0.036956154,False,False,False,False,-1.3464098,-3.3466742,-1.2458019,-2.9710162,1.7283626,0.4493799,0.18014614,0.5896247
0.22374104,0.7285529,0.7285529,0.5048118,7.142857551574707,0.069075644,False,False,False,False,-2.006692,-0.041536093,0.24779868,-1.6603041,-1.9168038,0.16012715,0.22374104,0.72855306
0.17201756,0.7826007,0.7826007,0.6105831,22.85714340209961,0.023079421,False,False,False,False,-0.7610066,-2.985294,-1.4820433,-3.9358962,-2.9612293,0.48106158,0.17201756,0.7850004
0.2715906,0.6027032,0.6027032,0.33111262,1.4285714626312256,0.14826623,False,True,False,True,1.3770609,-0.9951258,-0.29216027,-0.14251137,-0.4598887,0.055669304,0.2715906,0.6027032
0.05004065,0.60395527,0.60395527,0.5539146,4.285714149475098,0.10405597,False,False,False,False,-2.3892148,-2.4620004,0.4881847,0.3598814,-2.9748085,0.06443524,0.05004065,0.60395527
0.21530454,0.8407458,0.8407458,0.62544125,2.857142925262451,0.14608398,False,True,False,True,1.9579854,-2.0310082,1.4516068,-1.1541319,0.9607196,0.15834568,0.21530454,0.8407458
0.022990359,0.699262,0.699262,0.6762717,1.4285714626312256,0.35905161,False,True,False,True,0.360538,-3.501591,-0.689126,0.54823256,-1.0470389,0.11154325,0.022990359,0.699262
0.28675318,0.90551746,0.90551734,0.6187643,2.857142925262451,0.15927288,False,False,False,False,0.656991,-2.5899842,1.426405,-0.7213874,-2.5000434,0.27733248,0.28675318,0.90551746
0.29491487,0.8708169,0.8708164,0.575902,4.285714149475098,0.10042204,False,False,False,False,-1.3977726,-3.4844613,0.51942396,-0.5598874,-1.0145857,0.08303336,0.29491487,0.87081695
0.10577188,0.5656725,0.5656725,0.45990065,4.285714149475098,0.08424501,False,False,False,False,-2.9890778,-1.9119415,-0.44963574,0.78320694,0.8199258,0.33462548,0.10577188,0.5656725
0.14173046,0.63852334,0.63852334,0.49679288,1.4285714626312256,0.26936045,False,True,False,True,0.2818582,-1.1910267,0.04278183,0.63719606,0.93489313,0.08694402,0.14173046,0.63852334
0.09366548,0.6255568,0.6255568,0.53189135,2.857142925262451,0.14462893,False,True,False,True,-0.61527395,-1.8176594,0.24566364,-0.16063261,1.2234745,0.2869385,0.09366548,0.6255568
0.21620566,0.94424033,0.94424033,0.7280347,10.0,0.058874395,False,False,False,False,0.7952266,-1.275871,1.6943467,-4.529061,-2.408554,0.14035524,0.21620566,0.94440675
0.17179073,0.75278217,0.75278217,0.58099145,35.71428680419922,0.040699385,False,False,False,False,-0.7015052,-3.6738822,0.3182931,-4.58024,1.0970917,0.10611157,0.17179073,0.75278217
0.29171857,0.70488083,0.70488083,0.41316226,5.714285850524902,0.04680406,False,False,False,False,0.7585559,-3.3855317,0.89764047,-1.9167535,-0.19455123,0.122373745,0.29171857,0.7048809
0.29450768,0.74855286,0.74855286,0.45404518,2.857142925262451,0.13947052,False,True,False,True,-1.9566932,-2.5603845,-0.59414744,0.9829087,1.3305578,0.27599305,0.29450768,0.74855286
0.20924678,0.888312,0.888312,0.6790652,7.142857551574707,0.232641,False,False,False,False,-0.20618391,-1.6382267,-0.18317676,-4.2703905,0.24357939,0.2575272,0.20924678,0.888312
0.07155962,0.7812904,0.7812904,0.7097308,5.714285850524902,0.25055397,False,False,False,False,1.3104992,-1.4661343,0.10040212,-3.2916696,1.8409777,0.075847805,0.07155962,0.7812904
0.022540731,0.79438853,0.79438853,0.7718478,2.857142925262451,0.16654529,False,False,False,False,0.6999531,-0.8400078,-1.7683947,-0.95779324,-2.580095,0.43442288,0.022540731,0.79438865
0.29694557,0.9861624,0.9861624,0.68921685,2.857142925262451,0.23707718,False,True,False,True,-0.08847332,-2.4264836,0.9061582,0.068146706,0.37053442,0.32219124,0.29694557,0.9861624
0.09156211,0.79119873,0.79119873,0.69963664,4.285714149475098,0.28664467,False,True,False,True,-2.2217052,-0.19988227,1.7491238,-1.9901576,0.33424306,0.18411691,0.09156211,0.79119873
0.12382379,0.85004157,0.85004157,0.72621775,4.285714149475098,0.14090158,False,False,False,False,-1.6137178,-1.4791651,0.8456135,-0.24395657,-2.2825592,0.1609838,0.12382379,0.8500416
0.1880958,0.56246185,0.56246185,0.37436604,5.714285850524902,0.050368357,False,False,False,False,-1.5075116,-2.9454193,-0.47174788,-0.9767904,-0.39733315,0.21851008,0.1880958,0.5624619
0.2786443,0.7693385,0.7693385,0.4906942,7.142857551574707,0.18545857,False,False,False,False,-2.8984404,-0.86956525,1.7887838,-2.1073213,0.80549407,0.43340865,0.2786443,0.7693385
0.10127022,0.5472444,0.5472444,0.4459742,14.285715103149414,0.01958101,False,False,False,False,-0.73363066,-3.9186876,-0.13606024,-2.8498025,-0.57441235,0.49026802,0.10127022,0.5472445
0.28860763,0.61301875,0.61301875,0.32441112,5.714285850524902,0.040123142,False,False,False,False,1.7746124,-1.9052181,-1.296932,-1.8681931,-0.54007673,0.3494978,0.28860763,0.6130188
0.14002432,0.5436998,0.5436998,0.4036755,2.857142925262451,0.12416245,False,True,False,True,-1.9556056,-2.1300726,1.1090357,0.9880848,-2.1044247,0.16772054,0.14002432,0.5436998
0.2680826,0.677096,0.677096,0.40901342,2.857142925262451,0.13202566,False,True,False,True,-0.7292445,-0.48325706,1.8119025,0.17497492,-0.9064398,0.16401595,0.2680826,0.677096
0.29893366,0.7503085,0.7503085,0.45137486,2.857142925262451,0.14919652,False,True,False,True,-0.41224742,-0.15331769,-0.15857887,0.23576212,-1.9369434,0.2783069,0.29893366,0.7503085
0.24039492,0.95515746,0.95515746,0.71476257,5.714285850524902,0.10769236,False,False,False,False,-2.1267264,-1.5756502,-0.97520185,-0.35966778,1.3232021,0.23504157,0.24039492,0.95515746
0.03239565,0.9645045,0.9645045,0.9321088,2.857142925262451,0.54392993,False,True,False,True,1.2416182,-0.8150785,-1.8663256,-4.4603634,1.5023499,0.3594636,0.03239565,0.9645045
0.13718496,0.71499866,0.71499866,0.5778137,44.28571701049805,0.019456148,False,False,False,False,-0.3326397,-3.8044143,-0.8031602,-4.5290866,-1.3766174,0.25375846,0.13718496,0.71502876
0.12165607,0.6519659,0.6519659,0.53030986,4.285714149475098,0.17505282,False,True,False,True,-0.7497878,-0.37172484,1.395551,-4.7525163,0.08366585,0.15966943,0.12165607,0.651966
0.19745201,0.6176771,0.61767685,0.42022508,22.85714340209961,0.011831919,False,False,False,False,-1.7637037,-3.0799863,-1.9782469,-3.1456413,-0.98439455,0.068124354,0.19745201,0.61767805
0.13478914,0.84129786,0.84129786,0.70650876,4.285714149475098,0.138239,False,False,False,False,-1.2174633,-1.1961834,1.9253943,-0.56361055,-2.3544505,0.43782368,0.13478914,0.8412979
0.2662435,0.8990787,0.8990787,0.63283527,4.285714149475098,0.14810728,False,True,False,True,-2.0379932,-0.12879992,-1.2768626,-0.11596298,1.5954347,0.2969223,0.2662435,0.8990787
0.006635821,0.8412215,0.8412215,0.83458567,10.0,0.067178406,False,False,False,False,-0.87708044,-1.7471862,0.042011976,-2.4853501,-2.7148552,0.40218544,0.006635821,0.8412231
0.060573973,0.87974817,0.87974817,0.8191742,17.14285659790039,0.06370543,False,False,False,False,-1.4095222,-1.8731415,-0.41249275,-3.7131171,-1.4384241,0.072182596,0.060573973,0.87974846
0.13350351,0.79129905,0.79129905,0.65779555,4.285714149475098,0.089439034,False,False,False,False,1.5638714,-3.8999357,-0.45631814,-1.731046,-1.8911527,0.31672046,0.13350351,0.7912992
0.15793589,0.9384769,0.9384769,0.78054106,4.285714149475098,0.15844229,False,False,False,False,-1.8897651,-3.7232542,-0.20871449,0.044008255,1.6745377,0.45356256,0.15793589,0.9384769
0.09478358,0.5028897,0.5028897,0.40810612,7.142857551574707,0.06963152,False,False,False,False,-1.5208124,-0.5453665,0.31009912,-4.272844,-1.3199459,0.47529826,0.09478358,0.5028899
0.028566368,0.85966396,0.85966396,0.8310976,2.857142925262451,0.52610165,False,True,False,True,1.9137564,-1.37694,0.44346976,-3.3268094,1.7623644,0.4600634,0.028566368,0.85966396
0.22723037,0.6837694,0.6837694,0.45653903,14.285715103149414,0.05470676,False,False,False,False,1.7916799,-3.5183108,0.57812476,-3.2759311,1.2766266,0.4294295,0.22723037,0.6837694
0.13788927,0.54476804,0.54476804,0.40687877,2.857142925262451,0.14009504,False,True,False,True,1.5254173,-2.47794,1.3265867,-0.58176136,-2.557154,0.13301869,0.13788927,0.5447681
0.19553111,0.78577316,0.78577304,0.590242,5.714285850524902,0.11287771,False,False,False,False,-1.1447464,-0.9170835,1.8083017,-2.2372766,-1.0986252,0.105328396,0.19553111,0.78577316
0.027162177,0.6005895,0.6005895,0.5734273,20.0,0.018886885,False,False,False,False,0.5669136,-3.6916401,0.09766483,-3.3259373,-1.9108002,0.38682136,0.027162177,0.6005929
0.05771885,0.81557065,0.81557065,0.7578518,15.714285850524902,0.036686648,False,False,False,False,1.3408833,-3.3079143,1.3473675,-3.0949357,-2.2092032,0.2604689,0.05771885,0.81557465
0.2678214,0.6147216,0.6147216,0.3469002,10.0,0.02399863,False,False,False,False,1.2790408,-3.5154178,-1.3534846,-2.5210729,-0.41773462,0.46980286,0.2678214,0.61472166
0.2794869,0.9872002,0.9872002,0.7077133,1.4285714626312256,0.30617872,False,True,False,True,1.1312032,-0.84258866,-1.5320342,-0.14297771,1.9099293,0.22232996,0.2794869,0.9872002
0.20115887,0.9026041,0.9026041,0.7014452,1.4285714626312256,0.26540446,False,True,False,True,0.127954,-1.956775,1.6598783,0.07402372,1.8789568,0.13071574,0.20115887,0.9026041
0.012708414,0.9581919,0.9581919,0.94548345,14.285715103149414,0.2459352,False,False,False,False,-2.127362,-1.6597786,-1.086292,-4.1621337,1.9559965,0.092605576,0.012708414,0.9581919
0.17807817,0.51102936,0.51102936,0.3329512,4.285714149475098,0.06500621,False,False,False,False,0.9789772,-1.550452,1.4463549,-1.9091997,-1.2985315,0.24172974,0.17807817,0.5110295
0.015312517,0.7458026,0.7458021,0.7304901,5.714285850524902,0.09918153,False,False,False,False,-2.768262,-2.7189035,0.22702622,-0.013995647,-1.6779958,0.08536903,0.015312517,0.74580264
0.19737847,0.74029726,0.74029726,0.5429188,5.714285850524902,0.07104082,False,False,False,False,-2.0646157,-2.439466,-1.2905648,-0.6480217,-1.3342594,0.117765576,0.19737847,0.7402973
0.17716058,0.7129802,0.7129801,0.53581965,2.857142925262451,0.12392359,False,False,False,False,1.0601864,-1.8919451,0.8276384,-0.99783516,-1.8984385,0.4548077,0.17716058,0.7129802
0.18339886,0.71598697,0.71598697,0.5325881,1.4285714626312256,0.2416516,False,True,False,True,-0.14624667,-0.19364548,1.4750719,0.53880024,-1.9223375,0.21996287,0.18339886,0.71598697
0.06478536,0.5501204,0.5501204,0.48533505,5.714285850524902,0.1616133,False,False,False,False,-0.9706404,-0.4950843,-1.0728405,-3.3774724,-0.14085317,0.17189918,0.06478536,0.5501205
0.08073882,0.5702343,0.5702343,0.4894955,1.4285714626312256,0.22524361,False,True,False,True,1.1843743,-2.9964705,-0.25083494,-0.04955387,-2.8973627,0.27206305,0.08073882,0.5702343
0.07067927,0.6797457,0.6797457,0.6090664,1.4285714626312256,0.34011808,False,True,False,True,-0.18762136,-1.3846514,1.2974734,0.99426556,0.31868744,0.27091068,0.07067927,0.6797457
0.2534185,0.9241297,0.9241297,0.6707112,5.714285850524902,0.09717478,False,False,False,False,-2.7763162,-3.8315184,-1.5311608,0.099845886,0.56213593,0.4813403,0.2534185,0.9241297
0.24404658,0.68531257,0.68531257,0.441266,10.0,0.03646037,False,False,False,False,0.01739788,-0.98812723,0.7176075,-4.385407,-2.4817028,0.4554548,0.24404658,0.6854076
0.20524108,0.7804326,0.7804326,0.5751915,20.0,0.017899731,False,False,False,False,-1.9267176,-3.4032621,-1.5352054,-2.959253,-0.29071856,0.28155223,0.20524108,0.78043264
0.21443938,0.68251824,0.68251824,0.46807885,2.857142925262451,0.26446125,False,True,False,True,0.14440036,-0.5008116,0.44742537,-2.1954498,0.7315278,0.3529247,0.21443938,0.68251824
0.24203666,0.9808165,0.9808165,0.73877984,22.85714340209961,0.055776715,False,False,False,False,-2.992554,-2.7036247,1.6197939,-3.0272946,-1.754164,0.17881303,0.24203666,0.9808168
0.23958774,0.6252081,0.6252081,0.38562036,11.428571701049805,0.024375612,False,False,False,False,-2.8795307,-2.6922436,1.585659,-1.331017,1.0907044,0.097109914,0.23958774,0.6252081
0.20369628,0.564345,0.564345,0.36064872,7.142857551574707,0.036365375,False,False,False,False,-2.057162,-2.7969291,-1.4615617,-1.1074548,1.178668,0.1282903,0.20369628,0.564345
0.09701652,0.6421231,0.6421231,0.5451066,7.142857551574707,0.17119354,False,False,False,False,0.87358165,-2.172411,0.1353786,-4.3710275,0.41541076,0.3605486,0.09701652,0.6421231
0.14343321,0.53737205,0.53737205,0.39393884,2.857142925262451,0.1035216,False,False,False,False,1.4571052,-0.57670164,-1.0183997,-0.9327655,-1.5639429,0.062929265,0.14343321,0.5373722
0.17529103,0.8115605,0.8115605,0.63626945,4.285714149475098,0.11815567,False,False,False,False,-1.6810297,-2.149793,-1.2792039,-0.25542784,-1.239682,0.099215016,0.17529103,0.8115606
0.0655129,0.89236677,0.89236677,0.8268539,17.14285659790039,0.047798857,False,False,False,False,-1.1682787,-3.5115511,0.89005136,-3.0121183,-1.526904,0.4570355,0.0655129,0.892367
0.030463923,0.9272253,0.9272253,0.89676136,1.4285714626312256,0.43674225,False,True,False,True,-0.4736526,-2.4330142,-1.2488225,0.9027724,-0.25527143,0.3070984,0.030463923,0.9272253
0.21281794,0.8522007,0.8522007,0.6393827,4.285714149475098,0.26479974,False,True,False,True,-0.5252638,-1.1083808,1.3564663,-1.2844243,0.96276283,0.17036094,0.21281794,0.8522007
0.13562249,0.87575686,0.87575686,0.74013436,1.4285714626312256,0.43466556,False,True,False,True,0.760169,-2.6652353,1.1194546,0.61935043,-1.7220707,0.25133744,0.13562249,0.87575686
0.2956405,0.97225016,0.97225016,0.67660964,4.285714149475098,0.10903789,False,False,False,False,-0.7989018,-1.5451083,-0.76283693,-1.0564597,0.9783182,0.31982496,0.2956405,0.97225016
0.113272764,0.6341078,0.6341078,0.52083504,18.571428298950195,0.018609682,False,False,False,False,-2.2769237,-3.387327,-1.5971138,-2.6185274,0.81363153,0.18170555,0.113272764,0.6341078
0.008080012,0.517885,0.5178849,0.509805,5.714285850524902,0.11307408,False,False,False,False,0.20715213,-1.5866635,-1.62604,-3.5086894,-0.8788004,0.48242843,0.008080012,0.517885
0.28975788,0.7966572,0.7966572,0.50689936,7.142857551574707,0.06544645,False,False,False,False,0.55706024,-1.3578732,-0.17674255,-4.384834,-1.7329417,0.43067023,0.28975788,0.7966572
0.027605439,0.9980898,0.9980898,0.9704844,5.714285850524902,0.12008009,False,False,False,False,1.9968033,-0.41416836,-0.14101028,-3.8652682,-1.8642132,0.20905247,0.027605439,0.99809015
0.052979834,0.68489754,0.68489754,0.6319177,15.714285850524902,0.026055632,False,False,False,False,-0.42473817,-3.9160264,-1.0059536,-2.9716053,-2.5254536,0.22671653,0.052979834,0.6859361
0.24035637,0.8709991,0.8709991,0.6306427,7.142857551574707,0.067044035,False,False,False,False,-2.3655088,-2.0595453,-1.3718965,-0.8008261,0.094586134,0.25878885,0.24035637,0.8709991
0.14634046,0.6829689,0.6829689,0.5366285,8.571428298950195,0.15130523,False,False,False,False,-0.64024997,-1.9613576,0.7921686,-4.5756645,-0.014948368,0.29320908,0.14634046,0.682969
0.16379008,0.6301098,0.6301098,0.4663197,5.714285850524902,0.0625485,False,False,False,False,-1.7386348,-1.3628824,-1.37258,-0.8385687,-2.5576248,0.33508906,0.16379008,0.6301099
0.15538967,0.969782,0.969782,0.8143923,14.285715103149414,0.07903572,False,False,False,False,-1.6577287,-2.5493681,-0.92905354,-2.822135,-1.0738916,0.45619956,0.15538967,0.9697821
0.13642311,0.9448114,0.9448114,0.8083883,2.857142925262451,0.18741173,False,False,False,False,-0.9918599,-3.561411,-0.45550132,-0.3781309,-2.1940882,0.45478594,0.13642311,0.94481146
0.27539816,0.6902492,0.6902492,0.41485104,7.142857551574707,0.038717493,False,False,False,False,-1.138659,-3.7616522,-1.1930892,-1.7226603,-2.2985108,0.47205967,0.27539816,0.6902494
0.14091323,0.93861103,0.93861103,0.7976978,15.714285850524902,0.041270547,False,False,False,False,1.3516941,-1.4017415,-0.17267466,-4.96338,-2.6206949,0.10369074,0.14091323,0.94056547
0.16010122,0.8516924,0.8516924,0.69159114,2.857142925262451,0.1616664,False,False,False,False,0.14564681,-2.325109,1.2290623,-0.66588306,-2.2205434,0.3250829,0.16010122,0.85169244
0.26684824,0.85210633,0.85210633,0.5852581,1.4285714626312256,0.22436225,False,True,False,True,-0.24122071,-2.5954287,-0.90950274,0.3304124,0.292835,0.41982776,0.26684824,0.85210633
0.009979213,0.9990525,0.9990525,0.98907334,11.428571701049805,0.36449364,False,False,False,False,-2.4949503,-1.761322,1.2002337,-2.8492098,1.4131312,0.16895023,0.009979213,0.9990525
0.064915664,0.7921677,0.7921677,0.72725207,1.4285714626312256,0.26502556,False,True,False,True,1.1126475,-0.3601191,1.2296078,-4.551212,0.26822782,0.4825542,0.064915664,0.7921677
0.2264304,0.5426753,0.5426753,0.3162449,2.857142925262451,0.067492716,False,False,False,False,0.19331908,-3.7749267,0.20212746,-0.89476633,-0.56116533,0.08832445,0.2264304,0.5426754
0.080320165,0.654961,0.654961,0.5746408,11.428571701049805,0.070897296,False,False,False,False,0.2836027,-1.9105635,0.09311676,-4.143046,-1.4651023,0.20894472,0.080320165,0.6549612
0.0024885894,0.9696055,0.9696055,0.9671169,2.857142925262451,0.50349057,False,True,False,True,-0.20777082,-0.07916331,-0.8266499,-4.597871,0.18578982,0.4766794,0.0024885894,0.9696055
0.22417289,0.5857286,0.5857286,0.3615557,10.0,0.025153492,False,False,False,False,1.3055363,-1.3894665,1.1796556,-3.9009933,-2.7769437,0.47945434,0.22417289,0.5859739
0.20857123,0.8384018,0.8384018,0.6298306,2.857142925262451,0.15127392,False,False,False,False,-2.2540123,-1.4645731,1.3100371,0.6266856,-0.18534088,0.4066967,0.20857123,0.8384018
0.16488968,0.79194015,0.79194015,0.62705046,7.142857551574707,0.060114097,False,False,False,False,-1.7517023,-3.448628,1.9422123,-1.3772476,-2.7475336,0.19180106,0.16488968,0.79194033
0.21634327,0.6900832,0.6900832,0.47373992,5.714285850524902,0.057373278,False,False,False,False,-2.3694167,-0.25277996,-1.844399,-0.53009033,-1.6048752,0.11572407,0.21634327,0.69008327
0.13179193,0.6804981,0.6804981,0.5487062,2.857142925262451,0.16988237,False,True,False,True,-1.4939593,-2.2097814,-0.7143612,0.79301405,-2.8546343,0.19786741,0.13179193,0.6804981
0.044054747,0.9585602,0.9585602,0.9145055,4.285714149475098,0.15978248,False,False,False,False,-2.033803,-1.7349672,0.040349483,-0.09394169,0.3210554,0.4290529,0.044054747,0.9585602
0.25807366,0.58741194,0.58741194,0.32933828,10.0,0.051905468,False,False,False,False,-1.5459763,-2.0255013,0.73635006,-2.6199675,-1.1631837,0.37725574,0.25807366,0.58741206
0.25189388,0.75797075,0.75797075,0.5060769,1.4285714626312256,0.192119,False,True,False,True,0.94015265,-0.6754596,0.83129406,-1.0356443,0.8421347,0.48812973,0.25189388,0.75797075
0.2134534,0.8369535,0.8369535,0.6235001,2.857142925262451,0.15476489,False,True,False,True,-2.2066436,-2.0489109,-1.1493044,0.6455231,-1.2423574,0.29121965,0.2134534,0.8369535
0.091603644,0.5522542,0.5522542,0.46065056,28.571430206298828,0.057000667,False,False,False,False,-2.550208,-3.2910116,0.34180808,-4.20352,0.47326636,0.33463985,0.091603644,0.5522542
0.20848487,0.5623399,0.5623399,0.353855,2.857142925262451,0.10933929,False,True,False,True,-0.11686587,-3.1166356,1.9193823,-0.06256056,1.099967,0.38025177,0.20848487,0.5623399
0.14288054,0.60442126,0.60442126,0.4615407,1.4285714626312256,0.3016619,False,True,False,True,1.8803267,-2.408706,1.1587565,0.75456476,-0.019238472,0.11195667,0.14288054,0.60442126
0.13990223,0.72216845,0.72216845,0.5822662,4.285714149475098,0.10661183,False,False,False,False,-2.535651,-0.57102466,-0.75529623,0.41012573,-1.9533752,0.36821774,0.13990223,0.72216845
0.07175961,0.7442031,0.74420303,0.6724435,10.0,0.042983104,False,False,False,False,0.943969,-3.8109198,1.6714582,-2.615109,0.62905526,0.14146842,0.07175961,0.7442031
0.28436428,0.5450319,0.5450319,0.26066762,10.0,0.016004577,False,False,False,False,-1.0983347,-2.8129628,1.0822496,-2.327527,-1.5260341,0.24929343,0.28436428,0.5450321
0.01039694,0.56511533,0.56511533,0.5547184,2.857142925262451,0.16397628,False,True,False,True,-0.916059,-2.312849,0.9737756,0.47305298,-2.0697978,0.23331656,0.01039694,0.56511533
0.16588584,0.91014975,0.9101496,0.7442639,7.142857551574707,0.0846787,False,False,False,False,0.43730688,-2.2177927,1.4807773,-2.2853956,-1.64146,0.2007785,0.16588584,0.91014975
0.14353934,0.96001333,0.9600126,0.81647396,2.857142925262451,0.17161718,False,False,False,False,-0.29521966,-1.5438402,-0.7023411,-0.8602309,-2.187298,0.41477662,0.14353934,0.96001333
0.20094496,0.95792866,0.9579285,0.7569837,5.714285850524902,0.1556948,False,False,False,False,-1.7726018,-0.03936553,1.2706559,-4.422922,-1.241964,0.4715008,0.20094496,0.9579288
0.29933065,0.93854463,0.93854463,0.639214,10.0,0.20828982,False,False,False,False,-1.0243325,-2.8541203,1.3264303,-2.9001632,1.7672195,0.4063889,0.29933065,0.93854463
0.19380116,0.88417685,0.88417685,0.6903757,2.857142925262451,0.2328386,False,True,False,True,-1.242355,-0.31318092,-1.5516415,0.9355321,-0.5065503,0.17245711,0.19380116,0.88417685
0.2341785,0.6265211,0.6265211,0.39234263,4.285714149475098,0.19830981,False,True,False,True,-0.38268137,-0.5785029,-0.14214396,-4.9481072,1.112246,0.27703184,0.2341785,0.6265211
0.059522547,0.6836114,0.6836113,0.6240888,5.714285850524902,0.16023119,False,False,False,False,1.1332078,-1.2488568,-1.1620564,-4.788817,-0.5832751,0.3169396,0.059522547,0.6836114
0.24103987,0.8766407,0.8766407,0.6356008,22.85714340209961,0.036697093,False,False,False,False,-1.0388246,-3.744588,-0.8379922,-3.5770912,-0.38203883,0.49823657,0.24103987,0.8766407
0.18689656,0.5965582,0.5965582,0.40966165,4.285714149475098,0.14539106,False,True,False,True,1.6683078,-1.8407862,0.41170883,-3.6660967,0.8925264,0.39194843,0.18689656,0.5965582
0.23831654,0.7997429,0.7997429,0.56142634,4.285714149475098,0.17962348,False,True,False,True,0.13585758,-1.7536235,1.1935141,-2.2833066,1.7422304,0.23593754,0.23831654,0.7997429
0.051899906,0.6847402,0.6847402,0.6328403,12.85714340209961,0.1815291,False,False,False,False,-2.4412508,-1.2411213,-1.7924976,-4.554122,1.4101233,0.1361095,0.051899906,0.6847402
0.0068691554,0.6360005,0.6360003,0.6291314,7.142857551574707,0.070261024,False,False,False,False,1.5596938,-0.02595687,-0.7977798,-3.6659436,-2.0096254,0.16889042,0.0068691554,0.63600093
0.2003888,0.5579258,0.5579258,0.35753703,8.571428298950195,0.03921453,False,False,False,False,0.07009244,-2.5989287,-1.927309,-2.3807917,1.7846766,0.32442063,0.2003888,0.5579258
0.24574627,0.6871498,0.6871498,0.44140357,17.14285659790039,0.017957121,False,False,False,False,-2.428198,-3.321573,-0.584003,-2.3471315,-1.571712,0.3519522,0.24574627,0.68715
0.1153236,0.9855799,0.9855799,0.8702563,20.0,0.11728742,False,False,False,False,-2.8013978,-2.8127956,1.7286158,-4.4430065,-1.3967993,0.3709746,0.1153236,0.9855799
0.24153495,0.5923097,0.5923097,0.35077477,4.285714149475098,0.22906293,False,True,False,True,-1.260386,-0.5699773,1.0789921,-4.728583,1.9072261,0.13386366,0.24153495,0.5923097
0.15273266,0.9565141,0.9565141,0.80378145,7.142857551574707,0.29220197,False,False,False,False,-1.4236672,-1.18491,-0.35887146,-4.0179167,1.2284164,0.3411496,0.15273266,0.9565141
0.20422417,0.74631405,0.74631405,0.5420899,2.857142925262451,0.2627373,False,True,False,True,0.47202635,-0.17639494,0.0005698204,-4.5579023,0.9558294,0.0957557,0.20422417,0.74631405
0.060371842,0.9699805,0.9699805,0.90960866,21.428571701049805,0.10228215,False,False,False,False,-0.6443701,-2.8897178,-1.1786642,-4.59811,0.07805276,0.23841701,0.060371842,0.9699805
0.058831736,0.92696637,0.9269659,0.8681346,5.714285850524902,0.20824555,False,False,False,False,1.214879,-1.5685554,0.53610206,-2.3910596,1.3445673,0.057836987,0.058831736,0.92696637
0.22505471,0.8705478,0.8705478,0.64549303,2.857142925262451,0.20950598,False,True,False,True,1.2732248,-2.0847578,-0.5911665,-0.6132746,1.2483797,0.19150336,0.22505471,0.8705478
0.20693539,0.9697852,0.9697852,0.7628498,10.0,0.0492997,False,False,False,False,-0.22063422,-3.2052884,0.35264683,-2.4749446,0.1899209,0.111372456,0.20693539,0.9697853
0.03777727,0.89292693,0.89292693,0.8551497,7.142857551574707,0.113237485,False,False,False,False,-1.716748,-0.5391526,0.8751397,-2.4318128,-1.9998013,0.39062455,0.03777727,0.89292717
0.14725815,0.6044984,0.6044984,0.45724022,5.714285850524902,0.054009005,False,False,False,False,-2.5235944,-3.0596142,0.20099545,-0.47377205,-2.810975,0.33666572,0.14725815,0.60449845
0.16672987,0.81640476,0.8164047,0.6496749,7.142857551574707,0.17862578,False,False,False,False,-1.1559014,-0.42806697,-1.4295657,-3.3761342,-0.041045666,0.091388956,0.16672987,0.81640476
0.16705108,0.5913031,0.5913031,0.42425203,2.857142925262451,0.2326209,False,True,False,True,0.30131984,-1.2341592,1.7566483,-1.7208836,1.7769446,0.17179404,0.16705108,0.5913031
0.17983818,0.92792743,0.92792714,0.74808925,24.285715103149414,0.055485822,False,False,False,False,-2.9418235,-1.7372019,-0.13095069,-3.5907197,-1.6502991,0.10404731,0.17983818,0.9279287
0.06859519,0.62356436,0.62356436,0.5549692,4.285714149475098,0.3373375,False,True,False,True,-1.6328602,-0.261091,-1.5795975,-4.4363375,1.9665246,0.34844497,0.06859519,0.62356436
0.2652701,0.52261615,0.52261615,0.25734603,12.85714340209961,0.033935227,False,False,False,False,-0.56856966,-3.6000435,1.1655867,-2.937523,1.7718725,0.43931046,0.2652701,0.52261615
0.21546657,0.6251542,0.6251542,0.40968764,1.4285714626312256,0.16562438,False,True,False,True,0.80322695,-3.227284,-0.95417833,-0.1480608,-2.6962569,0.20142522,0.21546657,0.62515426
0.11266242,0.81336385,0.81336385,0.7007014,4.285714149475098,0.12561707,False,False,False,False,1.7196875,-0.65192485,-1.4018202,-1.4448049,-2.923594,0.4061137,0.11266242,0.813364
0.1365737,0.68116146,0.68116146,0.54458773,15.714285850524902,0.029453324,False,False,False,False,-1.4413908,-0.47884607,0.26934266,-4.2102036,-2.932322,0.1795044,0.1365737,0.68298364
0.13315795,0.93305635,0.9330563,0.7998984,4.285714149475098,0.16287157,False,False,False,False,-0.91498685,-3.0318336,-0.044550657,-0.6450491,-1.6534256,0.22764884,0.13315795,0.93305635
0.08758563,0.87263435,0.87263435,0.7850487,5.714285850524902,0.10263425,False,False,False,False,-0.63558483,-2.6314101,1.2343023,-1.4183018,0.5254309,0.16868386,0.08758563,0.87263435
0.18518952,0.8902736,0.8902736,0.7050841,5.714285850524902,0.08483571,False,False,False,False,0.94348764,-1.3674071,0.5862155,-1.9779139,-2.5303652,0.3089431,0.18518952,0.8902736
0.053205803,0.75030077,0.75030077,0.697095,2.857142925262451,0.1971562,False,True,False,True,-0.16591859,-0.016944647,-0.22773767,-0.14795494,-2.711828,0.24120046,0.053205803,0.75030077
0.24144313,0.61478925,0.61478925,0.37334612,8.571428298950195,0.034186546,False,False,False,False,-2.727113,-2.9424384,1.5807703,-0.7731595,1.3972702,0.36823228,0.24144313,0.61478925
0.056469817,0.76885414,0.76885414,0.71238434,32.85714340209961,0.046111424,False,False,False,False,0.40984607,-3.8908148,-1.4626408,-4.806325,0.98309803,0.34501007,0.056469817,0.76885414
0.17998335,0.7265073,0.7265073,0.5465239,15.714285850524902,0.055745795,False,False,False,False,1.6837072,-3.128943,-1.3749018,-4.3116727,-0.8393488,0.47562692,0.17998335,0.7265074
0.09856507,0.96870697,0.96870697,0.87014186,1.4285714626312256,0.33048767,False,True,False,True,-0.8951268,-2.5431037,-0.8634441,0.8145704,-1.4698623,0.19513091,0.09856507,0.96870697
0.10321248,0.8924428,0.8924428,0.78923035,4.285714149475098,0.47630894,False,True,False,True,-2.02352,-0.03551507,0.020621777,-3.2551308,1.052289,0.46237504,0.10321248,0.8924428
0.040269185,0.7284006,0.7284006,0.6881314,2.857142925262451,0.1968122,False,True,False,True,-1.9778203,-2.8455045,1.3152463,0.76282215,-2.6098418,0.12915365,0.040269185,0.7284006
0.16517732,0.82925326,0.82925326,0.664076,5.714285850524902,0.17580652,False,False,False,False,-0.7717762,-0.72806334,0.4947722,-4.2802653,-0.6783886,0.14231257,0.16517732,0.82925326
0.15989049,0.55337185,0.55337185,0.39348137,8.571428298950195,0.06199833,False,False,False,False,-2.7854357,-0.0019898415,1.0633948,-4.9757175,-1.6110139,0.473363,0.15989049,0.55337214
0.07132202,0.93065476,0.93065476,0.85933274,24.285715103149414,0.07160852,False,False,False,False,-1.7041461,-3.8082588,0.60695434,-3.5094848,1.8622184,0.33842024,0.07132202,0.93065476
0.10408547,0.66321766,0.66321766,0.5591322,21.428571701049805,0.034268405,False,False,False,False,-0.98561454,-3.331911,-1.6245878,-3.374803,0.5435388,0.3261246,0.10408547,0.66321766
0.15067106,0.7390743,0.7390742,0.5884032,15.714285850524902,0.10499205,False,False,False,False,-1.1309106,-3.3515365,1.8500218,-4.663763,-0.789659,0.30584943,0.15067106,0.7390743
0.045373198,0.5682801,0.5682801,0.5229069,4.285714149475098,0.11872947,False,False,False,False,-2.4835365,-2.867833,-1.1116915,0.73337173,-1.2624779,0.1134554,0.045373198,0.5682801
0.13830228,0.9838391,0.9838391,0.8455368,17.14285659790039,0.03987724,False,False,False,False,-0.9541156,-2.843183,-1.451498,-3.0362759,1.4983001,0.07495533,0.13830228,0.9838391
0.062544346,0.9326344,0.9326344,0.87009007,8.571428298950195,0.06953301,False,False,False,False,1.0932636,-1.5196817,0.8421781,-3.04957,-2.4371777,0.13669188,0.062544346,0.9326452
0.17703113,0.693005,0.693005,0.5159739,8.571428298950195,0.039774053,False,False,False,False,-0.47883224,-3.6259522,-1.4946885,-2.2070498,0.907259,0.3019311,0.17703113,0.693005
0.2014936,0.8692232,0.8692232,0.66772956,2.857142925262451,0.4189449,False,True,False,True,-0.53197145,-0.819437,0.65085053,-2.9996564,1.9981427,0.4332478,0.2014936,0.8692232
0.049358763,0.9721724,0.9721722,0.9228136,10.0,0.105296515,False,False,False,False,1.1745863,-2.2983608,0.3522935,-2.932072,-1.2847118,0.28378698,0.049358763,0.9721724
0.23394777,0.53127545,0.53127545,0.2973277,4.285714149475098,0.0511611,False,False,False,False,-2.1689134,-3.2827964,-0.2775705,-0.04155445,-1.7365866,0.25980395,0.23394777,0.5312755
0.16283765,0.93611693,0.93611693,0.7732793,2.857142925262451,0.3695806,False,True,False,True,1.8232617,-0.92176175,0.67548895,-1.9975302,0.9687226,0.21153674,0.16283765,0.93611693
0.118080534,0.5357376,0.5357376,0.41765705,8.571428298950195,0.044447426,False,False,False,False,-1.8942486,-1.8659253,1.425972,-1.7336817,-1.9923451,0.31640387,0.118080534,0.53573775
0.18182388,0.6798846,0.6798846,0.49806073,7.142857551574707,0.061416406,False,False,False,False,-0.4507606,-1.9246871,1.2972691,-2.1415696,-2.3027406,0.47081748,0.18182388,0.6798849
0.24196993,0.58130217,0.58130217,0.33933222,1.4285714626312256,0.1906964,False,True,False,True,1.006228,-0.5358858,1.4315722,0.35041904,-1.5004687,0.4825327,0.24196993,0.58130217
0.18309015,0.69984174,0.69984174,0.5167516,15.714285850524902,0.07691568,False,False,False,False,0.7002964,-3.1270945,0.8821471,-3.7229373,0.72541,0.18244718,0.18309015,0.69984174
0.16087821,0.67587453,0.67587453,0.5149963,5.714285850524902,0.18839231,False,True,False,True,0.8243282,-2.0284135,0.9307096,-3.1502075,0.6724546,0.39816836,0.16087821,0.67587453
0.073026165,0.8025633,0.8025633,0.7295371,1.4285714626312256,0.3217694,False,True,False,True,-0.11647296,-3.8506896,-0.15530705,0.4723544,0.75230217,0.26821613,0.073026165,0.8025633
0.039873973,0.63127834,0.63127834,0.5914044,2.857142925262451,0.14239995,False,True,False,True,1.6967297,-0.9976816,0.038159132,-1.0834932,-0.2974677,0.22055842,0.039873973,0.6312784
0.0747051,0.7191753,0.7191753,0.64447016,14.285715103149414,0.14043799,False,False,False,False,-1.5637889,-3.168746,1.9291518,-4.5573106,-0.37232637,0.28761262,0.0747051,0.71917534
0.13541158,0.6330224,0.6330224,0.49761087,7.142857551574707,0.045790505,False,False,False,False,0.4123013,-3.4030738,0.66410017,-2.1630607,-1.7143865,0.10193422,0.13541158,0.63302267
0.0050625983,0.870436,0.870436,0.86537343,1.4285714626312256,0.52597183,False,True,False,True,0.36223269,-3.9802737,1.5162983,0.9027729,-0.29657984,0.12175545,0.0050625983,0.870436
0.16241318,0.677552,0.677552,0.5151388,2.857142925262451,0.16332407,False,True,False,True,0.35046268,-0.3387909,-1.0635405,-0.30330515,-1.5142841,0.1052815,0.16241318,0.67755204
0.105297305,0.5139473,0.5139473,0.40865,10.0,0.10229772,False,False,False,False,0.6333122,-3.0554447,1.289454,-4.175378,0.1375339,0.4247796,0.105297305,0.51394737
0.03788463,0.94104415,0.94104415,0.9031595,20.0,0.028635783,False,False,False,False,0.4418335,-3.756895,-1.0538507,-3.3533816,-1.8172239,0.48169583,0.03788463,0.9410462
0.090389,0.51690686,0.51690686,0.42651784,10.0,0.043990497,False,False,False,False,-2.1280124,-0.39195037,-0.6604574,-2.4966893,-2.2617824,0.30095115,0.090389,0.51690716
0.09675701,0.5022763,0.5022763,0.4055193,1.4285714626312256,0.25274828,False,True,False,True,0.727366,-1.3341751,-1.3217845,0.8232293,-0.7460141,0.42161608,0.09675701,0.5022763
0.2430282,0.83200306,0.83200306,0.58897483,2.857142925262451,0.16223519,False,True,False,True,-1.6967871,-3.547419,1.8128698,0.45113277,-0.97245955,0.053381007,0.2430282,0.83200306
0.21997133,0.5071007,0.5071007,0.28712937,4.285714149475098,0.1378163,False,True,False,True,1.1013727,-1.601448,0.84528947,-2.1902866,1.9658885,0.23339453,0.21997133,0.5071007
0.1007616,0.7632259,0.7632259,0.6624643,2.857142925262451,0.15937768,False,True,False,True,-0.8592348,-1.7882159,1.6342831,-0.37928867,1.928669,0.30344146,0.1007616,0.7632259
0.043548524,0.75718,0.75718,0.71363145,5.714285850524902,0.325005,False,False,False,False,-0.55606294,-1.4026132,0.3776071,-3.3481746,0.58244634,0.29924777,0.043548524,0.75718
0.12276326,0.6927761,0.6927761,0.5700128,14.285715103149414,0.18484302,False,False,False,False,-2.2700217,-2.0416307,0.5475035,-4.9983068,1.2488403,0.17297429,0.12276326,0.6927761
0.172293,0.87114215,0.87114215,0.69884914,28.571430206298828,0.055781756,False,False,False,False,1.4412994,-3.2375338,-1.9764369,-4.7591944,0.6375761,0.1955373,0.172293,0.87114215
0.047924265,0.68790895,0.68790895,0.63998467,11.428571701049805,0.04265612,False,False,False,False,-0.45257354,-0.008702993,0.80281687,-4.871422,-2.4740644,0.07277852,0.047924265,0.6887267
0.109431505,0.77058893,0.77058893,0.6611574,7.142857551574707,0.06792539,False,False,False,False,-1.4374175,-3.890543,0.8377564,-1.4299808,-0.8322661,0.36188838,0.109431505,0.770589
0.10776882,0.93530595,0.93530595,0.8275371,4.285714149475098,0.46280694,False,True,False,True,-1.5628217,-0.9342563,1.5798852,-1.4396594,1.5206771,0.34978762,0.10776882,0.93530595
0.058087297,0.5854967,0.5854967,0.52740943,1.4285714626312256,0.23769732,False,True,False,True,-0.0020480156,-1.5924592,0.21184802,0.43628025,-2.093208,0.19175737,0.058087297,0.5854967
0.2721275,0.66205955,0.66205955,0.38993204,1.4285714626312256,0.22129679,False,True,False,True,0.78729796,-2.8882895,0.30576658,0.5164504,0.799474,0.2942702,0.2721275,0.66205955
0.27849922,0.9803722,0.9803722,0.70187294,1.4285714626312256,0.24972878,False,True,False,True,1.5238514,-0.15930653,-1.9448082,-0.8405323,0.54802346,0.34477368,0.27849922,0.9803722
0.09728444,0.8632454,0.8632454,0.765961,10.0,0.1682326,False,False,False,False,-1.1366277,-1.6676557,-0.64369535,-4.5053577,-0.63012075,0.3418469,0.09728444,0.8632454
0.26924855,0.97915477,0.97915477,0.7099062,15.714285850524902,0.031912483,False,False,False,False,-2.7029405,-3.3080032,-1.3340583,-2.031139,1.103364,0.39680916,0.26924855,0.97915477
0.01820156,0.55276275,0.55276275,0.53456116,14.285715103149414,0.14237314,False,False,False,False,-2.5147204,-1.3797746,-1.1312313,-4.2278595,1.8286014,0.08802364,0.01820156,0.55276275
0.03898929,0.72090435,0.72090435,0.68191504,18.571428298950195,0.094945185,False,False,False,False,1.0753217,-3.5111973,0.80500364,-4.314994,0.14714956,0.37075165,0.03898929,0.7209044
0.03836587,0.9360161,0.93601596,0.89765024,7.142857551574707,0.17833489,False,False,False,False,-2.2173753,-0.22599459,-0.45019746,-4.202748,-0.9925206,0.3588787,0.03836587,0.9360161
0.072286576,0.6185103,0.6185103,0.54622376,4.285714149475098,0.10598883,False,False,False,False,-0.097630024,-3.6494465,1.3339171,-1.0487936,0.82636666,0.25054386,0.072286576,0.6185103
0.05590448,0.888211,0.888211,0.8323065,2.857142925262451,0.5550258,False,True,False,True,0.40985537,-0.5589905,0.65301967,-3.5034425,1.972733,0.30805758,0.05590448,0.888211
0.11029117,0.8669287,0.8669287,0.7566375,7.142857551574707,0.24426937,False,False,False,False,0.85854816,-2.3903184,-0.66735363,-3.827572,1.0337377,0.49607342,0.11029117,0.8669287
0.08679181,0.70159113,0.70159113,0.6147993,1.4285714626312256,0.27553004,False,True,False,True,0.98306274,-1.3091648,-1.754575,-0.038692474,-0.9915545,0.063210815,0.08679181,0.70159113
0.039618805,0.6646731,0.6646731,0.6250543,38.57143020629883,0.034905627,False,False,False,False,1.153615,-3.9441583,0.5185852,-4.3808413,1.2612419,0.1197453,0.039618805,0.6646731
0.1822424,0.93690217,0.93690217,0.7546598,15.714285850524902,0.08185361,False,False,False,False,-1.3654406,-2.5268056,-1.667069,-3.600428,-1.0180964,0.3872885,0.1822424,0.9369023
0.05205642,0.79739916,0.79739916,0.74534273,17.14285659790039,0.030862872,False,False,False,False,-1.5783148,-2.4105885,1.0981429,-3.0414038,-2.8459644,0.06773364,0.05205642,0.7978109
0.27954954,0.81515723,0.81515723,0.5356077,27.142858505249023,0.014627399,False,False,False,False,-2.741511,-2.4095964,-1.993304,-2.9570851,-1.4078953,0.066298366,0.27954954,0.8151577
0.16399874,0.7760721,0.7760721,0.61207336,4.285714149475098,0.14824867,False,False,False,False,-1.6816242,-0.07731104,1.6679673,-1.7495122,-0.7818394,0.44808283,0.16399874,0.77607214
0.18457237,0.84571385,0.84571385,0.6611415,1.4285714626312256,0.23795094,False,True,False,True,-0.7610645,-1.3777747,1.0802228,0.6254139,-2.1520753,0.28148183,0.18457237,0.84571385
0.019828357,0.93784374,0.93784374,0.91801536,2.857142925262451,0.21495768,False,True,False,True,1.0218372,-0.77106357,-1.9342396,-0.9715519,-0.47484708,0.28136414,0.019828357,0.9378438
0.0041781487,0.73831093,0.73831093,0.73413277,1.4285714626312256,0.3529409,False,True,False,True,0.35349584,-3.7165003,1.6692464,0.34988594,-2.7452905,0.20807642,0.0041781487,0.73831093
0.29189754,0.766378,0.766378,0.47448045,8.571428298950195,0.034478266,False,False,False,False,-0.71433353,-3.9352372,-1.2345946,-2.2212257,1.9823918,0.41028473,0.29189754,0.766378
0.15308952,0.52147746,0.52147746,0.36838794,10.0,0.08365425,False,False,False,False,-2.5497007,-0.9828346,-0.44182086,-1.535665,1.9590073,0.14312635,0.15308952,0.52147746
0.16426283,0.94384825,0.94384825,0.7795854,2.857142925262451,0.22937086,False,True,False,True,-1.3353887,-2.353238,0.34670544,0.4079399,1.9162607,0.46056852,0.16426283,0.94384825
0.0706108,0.8086082,0.8086082,0.73799735,22.85714340209961,0.054719616,False,False,False,False,-1.4186854,-2.7535796,-0.6997535,-3.7882986,-1.1769595,0.23699047,0.0706108,0.8086082
0.23359759,0.6114164,0.6114164,0.37781882,8.571428298950195,0.030665712,False,False,False,False,0.31068468,-3.1959314,-1.8966167,-2.2999992,-0.5322435,0.32009605,0.23359759,0.61141646
0.20847419,0.7691011,0.7691011,0.56062686,30.0,0.046847776,False,False,False,False,-1.1387689,-3.162774,-0.5133796,-4.486683,1.9289184,0.052307453,0.20847419,0.7691011
0.008401126,0.70884496,0.70884496,0.70044386,5.714285850524902,0.08953862,False,False,False,False,-0.45100546,-2.8586528,1.2229581,-1.5331905,-0.96637344,0.48678884,0.008401126,0.708845
0.117369376,0.81268734,0.81268734,0.695318,11.428571701049805,0.05697138,False,False,False,False,-2.8709517,-0.6634667,-1.1520295,-1.6780896,-2.7631848,0.3979326,0.117369376,0.8126876
0.026428433,0.55000407,0.55000407,0.5235756,1.4285714626312256,0.20201133,False,True,False,True,1.9956179,-1.3991423,1.4639256,-0.47865343,-0.6386409,0.25471264,0.026428433,0.5500041
0.22340043,0.5527632,0.5527632,0.3293628,1.4285714626312256,0.18129613,False,True,False,True,0.6810148,-1.5066853,0.18676424,0.48260117,-2.9991403,0.43700472,0.22340043,0.5527632
0.1397944,0.8440948,0.8440948,0.7043004,2.857142925262451,0.1668298,False,False,False,False,0.036231518,-1.3992488,-1.6423142,-0.6399636,-1.342782,0.17520314,0.1397944,0.8440949
0.13115649,0.54251283,0.54251283,0.41135633,40.0,0.02402582,False,False,False,False,0.8227868,-3.929603,0.07584691,-4.7929287,0.097043276,0.23200223,0.13115649,0.5425129
0.16403039,0.93666685,0.93666685,0.7726365,17.14285659790039,0.116530225,False,False,False,False,0.88038826,-3.2328582,-0.25894356,-4.6468773,1.2836742,0.31949916,0.16403039,0.93666685
0.0075580184,0.67917633,0.67917633,0.6716183,5.714285850524902,0.1074824,False,False,False,False,-0.19391775,-0.6000042,-1.4972923,-2.3313303,-1.8412207,0.35042968,0.0075580184,0.67917657
0.12911285,0.93666047,0.93666047,0.8075476,7.142857551574707,0.09446111,False,False,False,False,-0.33734345,-0.009964943,-0.77595115,-3.8202233,-2.0144901,0.17294648,0.12911285,0.93666196
0.27941093,0.9603126,0.9603126,0.68090165,25.71428680419922,0.05728818,False,False,False,False,-0.59315467,-3.0146298,-0.009363174,-4.6820936,-0.5282464,0.12613426,0.27941093,0.9603127
0.2642128,0.51086676,0.51086676,0.24665397,7.142857551574707,0.09822926,False,False,False,False,-1.9505825,-1.5052948,-0.54209733,-3.006922,1.7068162,0.47341487,0.2642128,0.51086676
0.1629988,0.6874306,0.6874306,0.5244318,4.285714149475098,0.25729555,False,True,False,True,0.04026556,-0.9479363,0.93432,-4.047091,0.59682655,0.19918266,0.1629988,0.6874306
0.20768596,0.87003255,0.87003255,0.6623466,12.85714340209961,0.059143033,False,False,False,False,-0.2146523,-2.9865882,0.8846793,-2.917563,-1.264783,0.3640614,0.20768596,0.8700327
0.2501422,0.8168493,0.81684923,0.56670713,2.857142925262451,0.15357187,False,True,False,True,0.31036615,-2.940994,-0.3901782,-0.49085522,-2.9778607,0.39825258,0.2501422,0.8168493
0.058382127,0.7711839,0.7711839,0.71280175,7.142857551574707,0.088597186,False,False,False,False,1.1148858,-0.12564349,-0.4148438,-3.6442738,-2.1045175,0.3628851,0.058382127,0.77118504
0.10605058,0.6820616,0.6820616,0.57601106,18.571428298950195,0.058889687,False,False,False,False,-0.8560114,-3.422231,0.51873803,-3.590542,-0.07190895,0.3853184,0.10605058,0.6820617
0.2997989,0.6131219,0.6131219,0.31332302,2.857142925262451,0.086824164,False,True,False,True,-0.88441324,-2.1313853,0.45121837,-0.015911102,-2.8527935,0.47354704,0.2997989,0.613122
0.08651857,0.7010591,0.7010591,0.6145405,4.285714149475098,0.10088181,False,False,False,False,0.8444624,-1.5069666,-1.3785286,-1.8638449,-1.1117707,0.45893875,0.08651857,0.7010592
0.17735453,0.64494914,0.64494914,0.46759462,1.4285714626312256,0.28326347,False,True,False,True,1.5359702,-3.099796,-1.8346467,0.50231266,-0.19513917,0.35930142,0.17735453,0.64494914
0.27660182,0.73119676,0.73119676,0.45459494,2.857142925262451,0.11364796,False,True,False,True,0.17038012,-1.1637263,0.056462526,-0.51604414,-2.3633595,0.33382046,0.27660182,0.73119676
0.04667723,0.9013164,0.9013164,0.8546392,5.714285850524902,0.10630162,False,False,False,False,1.8305864,-2.3060744,-0.8917177,-1.8692079,1.098475,0.28271255,0.04667723,0.9013164
0.26600468,0.5535024,0.5535024,0.2874977,5.714285850524902,0.037250247,False,False,False,False,0.2953546,-3.398375,0.29131794,-1.7157853,0.021824121,0.2515771,0.26600468,0.55350244
0.15633978,0.7066348,0.7066348,0.55029505,8.571428298950195,0.040576085,False,False,False,False,-0.6628542,-1.6364615,-0.8807099,-2.2178407,-2.9106493,0.27508023,0.15633978,0.70663524
0.27145475,0.9454063,0.9454063,0.67395157,4.285714149475098,0.12740877,False,False,False,False,-2.9414876,-1.1208701,-0.817034,0.8417702,1.8688302,0.46930116,0.27145475,0.9454063
0.16036914,0.7101004,0.7101004,0.54973125,7.142857551574707,0.059807412,False,False,False,False,-0.47754288,-1.0960932,-0.58851576,-2.0503297,-2.2790759,0.24711403,0.16036914,0.71010065
0.24007247,0.80933845,0.8093382,0.56926596,18.571428298950195,0.054897796,False,False,False,False,-2.8075197,-1.6252205,-0.21124291,-3.228793,-1.5206169,0.18192576,0.24007247,0.80933845
0.21678385,0.5328319,0.5328319,0.31604806,17.14285659790039,0.05057675,False,False,False,False,-0.78991437,-2.734554,0.017274857,-3.9751194,1.9946079,0.11417456,0.21678385,0.5328319
0.19831643,0.6157304,0.6157304,0.41741398,62.857139587402344,0.009407557,False,False,False,False,-2.2862687,-3.962007,-1.0468616,-4.5829525,-1.9087579,0.22667845,0.19831643,0.6410216
0.25861767,0.84158206,0.84158206,0.5829644,32.85714340209961,0.018372955,False,False,False,False,0.9813187,-3.422583,-1.681817,-4.3887444,-2.5623276,0.35775056,0.25861767,0.8435849
0.13273005,0.9578409,0.9578409,0.82511085,2.857142925262451,0.2318474,False,True,False,True,-0.27912712,-0.32731938,-0.25390315,-0.3086958,-1.6892495,0.31268096,0.13273005,0.957841
0.24962938,0.8468901,0.8468901,0.5972607,11.428571701049805,0.064542435,False,False,False,False,-1.5359824,-0.7702346,-0.15667105,-4.0520453,-1.5659399,0.06992391,0.24962938,0.84689045
0.10478435,0.97932506,0.97932506,0.8745407,4.285714149475098,0.1533259,False,False,False,False,-2.3841667,-3.1268497,1.1398101,0.16693687,1.0814142,0.41637552,0.10478435,0.97932506
0.20410213,0.88397473,0.88397425,0.67987263,8.571428298950195,0.063603416,False,False,False,False,-2.8452542,-2.6671212,0.8773947,-0.63722134,-1.1125889,0.16241463,0.20410213,0.8839748
0.2541134,0.71525633,0.71525633,0.46114293,18.571428298950195,0.019326812,False,False,False,False,0.60942364,-1.8846269,0.49337602,-4.402987,-2.870191,0.0888813,0.2541134,0.7183013
0.27092466,0.86851645,0.86851645,0.59759176,2.857142925262451,0.1857652,False,True,False,True,0.18991685,-0.88440895,-1.2478092,-1.8506436,1.5846124,0.35899842,0.27092466,0.86851645
0.24779753,0.99057305,0.99057305,0.7427755,31.428571701049805,0.065717906,False,False,False,False,-2.306201,-3.7368813,-0.3090117,-4.4964356,0.4726069,0.43704164,0.24779753,0.99057305
0.05005957,0.51290923,0.51290923,0.46284968,5.714285850524902,0.13718483,False,False,False,False,-1.5144284,-0.43998122,-1.7235081,-3.3853278,-0.36601925,0.4254558,0.05005957,0.5129093
0.27190605,0.51131296,0.51131296,0.23940691,4.285714149475098,0.046821352,False,False,False,False,-2.7490873,-1.6108153,1.0952194,0.7438874,1.328587,0.49431825,0.27190605,0.51131296
0.11786258,0.657114,0.657114,0.53925145,11.428571701049805,0.0673366,False,False,False,False,-2.997307,-1.4931736,-1.4181955,-1.1581354,1.6172729,0.31090462,0.11786258,0.657114
0.2590267,0.6826807,0.6826807,0.42365402,2.857142925262451,0.106354445,False,True,False,True,-1.8212624,-0.38732052,-0.62498903,0.3475809,0.20575452,0.26886532,0.2590267,0.6826807
0.078324795,0.5679542,0.5679542,0.4896294,7.142857551574707,0.18238592,False,False,False,False,0.30146527,-1.6029222,-1.8704817,-3.9744368,1.7385521,0.2495238,0.078324795,0.5679542
0.11189066,0.5267093,0.5267093,0.41481864,2.857142925262451,0.13417058,False,True,False,True,-0.509038,-3.5138664,-0.67933035,0.2770214,1.9386058,0.46028662,0.11189066,0.5267093
0.1830666,0.8529956,0.8529951,0.66992897,4.285714149475098,0.117272586,False,False,False,False,0.7717202,-2.609775,-1.4205122,-1.2520318,-0.94364667,0.48579004,0.1830666,0.85299563
0.27603802,0.7764447,0.7764447,0.5004066,7.142857551574707,0.07840415,False,False,False,False,0.20146465,-1.3424256,-1.921675,-2.2367773,0.2969246,0.13254045,0.27603802,0.7764447
0.064090386,0.71642256,0.71642256,0.6523322,2.857142925262451,0.1750039,False,True,False,True,-0.21408415,-1.318816,-0.75500035,-0.18968868,0.6533711,0.37650618,0.064090386,0.71642256
0.29989597,0.84401834,0.84401834,0.54412234,8.571428298950195,0.06522257,False,False,False,False,0.30983448,-2.062017,-0.78663325,-2.485816,0.40104103,0.16086851,0.29989597,0.84401834
0.04778781,0.51835173,0.51835155,0.47056392,7.142857551574707,0.067406446,False,False,False,False,1.3484278,-1.6911557,0.69741297,-2.5632324,-1.4325359,0.23578207,0.04778781,0.51835173
0.17449509,0.8887307,0.8887302,0.7142356,1.4285714626312256,0.31327778,False,True,False,True,-0.757087,-0.7142577,0.7948184,0.9331293,-0.821445,0.30927974,0.17449509,0.8887307
0.0024715306,0.5791641,0.5791641,0.5766926,8.571428298950195,0.047231093,False,False,False,False,1.7025104,-3.5077028,-0.68686795,-2.3081608,-0.9770322,0.41613364,0.0024715306,0.5791642
0.14745824,0.7604715,0.7604715,0.61301327,8.571428298950195,0.09132823,False,False,False,False,-2.1304994,-1.146028,-1.5047321,-1.6532497,-0.81940603,0.32367566,0.14745824,0.7604716
0.04467323,0.6023374,0.6023374,0.5576642,7.142857551574707,0.10298421,False,False,False,False,1.3173637,-1.6198909,0.9345584,-4.119286,-1.0649326,0.16132541,0.04467323,0.6023376
0.15797448,0.5221837,0.5221837,0.36420923,12.85714340209961,0.032605264,False,False,False,False,-1.1359905,-1.3563597,-0.55101156,-4.3190646,-2.2090592,0.32375428,0.15797448,0.5221957
0.27940166,0.54549766,0.54549766,0.266096,4.285714149475098,0.12848818,False,True,False,True,0.004137516,-1.397542,1.7960289,-2.7118862,1.2385917,0.1745278,0.27940166,0.54549766
0.27624238,0.6707261,0.6707261,0.39448375,4.285714149475098,0.058840424,False,False,False,False,-1.1027057,-3.7008479,-0.93763804,-0.9761734,0.63248324,0.41941693,0.27624238,0.6707261
0.11233593,0.7835265,0.7835265,0.67119056,18.571428298950195,0.053866565,False,False,False,False,-2.0628707,-1.6134729,-1.5699029,-3.4065018,-1.0823201,0.06174416,0.11233593,0.78352666
0.092967816,0.7673726,0.7673726,0.6744048,25.71428680419922,0.027545163,False,False,False,False,-1.2646427,-2.9917274,0.080991745,-3.5323553,-1.6556572,0.13687412,0.092967816,0.7673733
0.18598692,0.65886253,0.65886253,0.4728756,34.28571319580078,0.036359295,False,False,False,False,-1.7827283,-3.2741768,-1.4622362,-4.8302617,-0.08473778,0.23249497,0.18598692,0.6588626
0.25780767,0.73612404,0.73612404,0.47831637,1.4285714626312256,0.2203613,False,True,False,True,0.12845707,-0.5679555,0.26226735,0.39487743,1.6196165,0.282199,0.25780767,0.73612404
0.077882715,0.76236224,0.76236224,0.68447953,5.714285850524902,0.08301165,False,False,False,False,-2.7725437,-2.3873827,0.80534244,-0.22369671,0.69190836,0.3353896,0.077882715,0.76236224
0.042623684,0.67141354,0.67141354,0.62878984,5.714285850524902,0.1866829,False,False,False,False,-0.34055018,-1.4962928,1.2525928,-2.516027,0.56222963,0.05727187,0.042623684,0.67141354
0.20741016,0.9835532,0.9835532,0.776143,1.4285714626312256,0.44931293,False,True,False,True,1.3019724,-2.4651062,-1.1531198,0.41548824,-0.9559126,0.35055247,0.20741016,0.9835532
0.121541895,0.61008334,0.61008334,0.48854145,4.285714149475098,0.1535674,False,True,False,True,-0.010771751,-2.2024593,1.1796298,-2.3475137,1.3335643,0.4940755,0.121541895,0.61008334
0.03093474,0.9071502,0.9071501,0.87621546,4.285714149475098,0.3459109,False,True,False,True,-1.1437242,-0.21622443,-1.786418,-1.1970053,0.2873459,0.39086476,0.03093474,0.9071502
0.20379804,0.9735729,0.9735729,0.76977485,5.714285850524902,0.10001701,False,False,False,False,0.106425285,-2.9920788,-1.737674,-1.6870723,1.6029558,0.4724171,0.20379804,0.9735729
0.11040413,0.72050846,0.72050846,0.6101043,1.4285714626312256,0.22661458,False,True,False,True,1.1700602,-1.5295038,-0.4680524,-0.39377403,1.97613,0.10969192,0.11040413,0.72050846
0.07105828,0.5232684,0.5232684,0.45221013,7.142857551574707,0.07317957,False,False,False,False,-2.1812577,-0.5552869,0.94818354,-1.9413152,-1.7422469,0.496145,0.07105828,0.5232686
0.27760386,0.5019664,0.5019664,0.22436255,4.285714149475098,0.03977908,False,False,False,False,-2.8450449,-3.3279352,-1.4890695,0.5696602,0.6288848,0.067927994,0.27760386,0.5019664
0.09697802,0.6777378,0.67773765,0.58075976,11.428571701049805,0.09712539,False,False,False,False,-0.06204939,-2.9349818,1.2806928,-3.5883183,-0.79266167,0.36300248,0.09697802,0.6777378
0.23793074,0.9991175,0.9991175,0.7611867,8.571428298950195,0.114836074,False,False,False,False,0.2165122,-1.6267385,-1.3806603,-4.406837,-1.4239972,0.40803367,0.23793074,0.99911773
0.22386122,0.6074352,0.6074352,0.383574,15.714285850524902,0.015147477,False,False,False,False,-1.170371,-2.9230158,-1.2681592,-2.8789454,-0.58497024,0.09365891,0.22386122,0.60743535
0.06883902,0.9629015,0.9629013,0.89406246,5.714285850524902,0.11356015,False,False,False,False,0.88461924,-1.2062902,0.8032875,-2.3593009,-2.2362258,0.4621507,0.06883902,0.9629015
0.21167819,0.5716481,0.5716481,0.3599699,4.285714149475098,0.23174925,False,True,False,True,-0.82786226,-0.59614944,-0.31287432,-4.914731,1.8612528,0.24521184,0.21167819,0.5716481
0.059696104,0.6494118,0.64941144,0.5897157,7.142857551574707,0.07949024,False,False,False,False,1.2722149,-1.1560426,0.7759299,-4.7834167,-1.8013405,0.27247375,0.059696104,0.6494118
0.22669703,0.8109822,0.8109822,0.5842852,11.428571701049805,0.04154832,False,False,False,False,-0.61453676,-1.934618,1.2625136,-3.508179,-2.7400901,0.48811018,0.22669703,0.8111476
0.04390365,0.8191455,0.8191455,0.77524185,2.857142925262451,0.25092858,False,True,False,True,-0.9900565,-3.0711381,-0.13926172,0.6621351,-2.591742,0.41101533,0.04390365,0.8191455
0.27153724,0.80098474,0.80098474,0.5294475,2.857142925262451,0.12188976,False,False,False,False,1.141727,-1.9256597,-0.025072813,-1.0262675,-1.2051542,0.31359175,0.27153724,0.80098474
0.0065501872,0.9611118,0.9611118,0.9545616,44.28571701049805,0.081156105,False,False,False,False,-2.2921174,-3.9862196,1.0159249,-4.878479,1.5803928,0.101692766,0.0065501872,0.9611118
0.14916663,0.9103754,0.9103748,0.7612088,20.0,0.11576948,False,False,False,False,-1.3721393,-3.5148902,1.6060588,-3.7882051,0.26619864,0.20161508,0.14916663,0.9103754
0.28303802,0.822482,0.822482,0.53944397,1.4285714626312256,0.19635479,False,True,False,True,1.2997818,-3.1713855,0.42944002,-0.4555068,0.19940186,0.0683455,0.28303802,0.822482
0.05878124,0.6074043,0.6074043,0.548623,10.0,0.1423588,False,False,False,False,-2.2320144,-0.7954457,-0.12045598,-4.535991,-0.06661582,0.08958321,0.05878124,0.60740435
0.088613875,0.99846584,0.99846584,0.90985197,5.714285850524902,0.12392542,False,False,False,False,-1.1182379,-1.9685714,-0.16794229,-1.352952,0.546762,0.41693288,0.088613875,0.99846584
0.22603509,0.9054877,0.90548724,0.67945266,10.0,0.046102766,False,False,False,False,-1.2455218,-3.8390656,-1.2558622,-2.140298,-0.47877073,0.48942083,0.22603509,0.9054878
0.16924527,0.75451016,0.75451016,0.5852649,8.571428298950195,0.15910581,False,False,False,False,-0.10672355,-1.5334916,-0.38427424,-4.6775885,0.6464741,0.08077001,0.16924527,0.75451016
0.015572942,0.6614431,0.6614431,0.64587015,1.4285714626312256,0.41592005,False,True,False,True,1.8199234,-3.8205829,-0.7229953,0.69001245,-2.6859512,0.32171836,0.015572942,0.6614431
0.054900315,0.70426136,0.70426136,0.6493611,2.857142925262451,0.19138117,False,True,False,True,-0.8763552,-1.9562142,-1.1653285,0.42113447,0.5239253,0.15774047,0.054900315,0.70426136
0.10358498,0.9103557,0.9103557,0.8067707,28.571430206298828,0.026769716,False,False,False,False,0.8251867,-3.4452775,-0.6844809,-4.3759236,-2.8122883,0.4336061,0.10358498,0.91522884
0.08999289,0.968429,0.968429,0.87843615,4.285714149475098,0.35741103,False,True,False,True,0.67038727,-1.267262,-1.5993409,-2.3603709,1.6515694,0.3045313,0.08999289,0.968429
0.2822491,0.7836174,0.7836174,0.5013683,18.571428298950195,0.042093996,False,False,False,False,-0.07363701,-3.3574874,0.11693144,-3.385946,0.053365707,0.3484191,0.2822491,0.7836174
0.09277886,0.7907994,0.7907994,0.6980205,1.4285714626312256,0.337827,False,True,False,True,-0.4420092,-1.0759852,-1.2190771,0.8673229,0.80389595,0.16119137,0.09277886,0.7907994
0.023542035,0.68736726,0.68736726,0.6638252,2.857142925262451,0.20263544,False,True,False,True,-0.13138628,-2.3901289,-0.91831636,-0.06960869,0.91959286,0.4555647,0.023542035,0.68736726
0.24493586,0.98710537,0.9871052,0.7421695,2.857142925262451,0.1817367,False,False,False,False,-1.3965983,-3.6291363,1.8676326,-0.017185688,-2.3309774,0.18695067,0.24493586,0.98710537
0.1693061,0.687219,0.687219,0.5179129,10.0,0.034859624,False,False,False,False,0.8359113,-2.432419,-0.19479609,-2.6780243,-2.3564935,0.4269515,0.1693061,0.68721944
0.12822743,0.53059953,0.53059953,0.40237212,2.857142925262451,0.12176627,False,False,False,False,0.47520065,-0.7357333,0.3931427,-1.8091927,-0.7291963,0.4106805,0.12822743,0.5305996
0.07599144,0.98022854,0.98022854,0.9042371,2.857142925262451,0.26209694,False,True,False,True,1.61204,-1.8571591,-0.032791853,-0.83289766,1.3811755,0.34030867,0.07599144,0.98022854
0.23737626,0.75395525,0.75395525,0.516579,1.4285714626312256,0.2727327,False,True,False,True,0.50088835,-0.2235694,0.3234415,0.46430445,0.08662844,0.18381162,0.23737626,0.75395525
0.2724694,0.852378,0.852378,0.5799086,2.857142925262451,0.39152354,False,True,False,True,-0.10233474,-0.14220095,-0.99139977,-3.4698434,1.9869213,0.29879254,0.2724694,0.852378
0.06941725,0.88491833,0.88491833,0.8155011,2.857142925262451,0.22279352,False,True,False,True,-1.5093107,-2.14831,-0.516155,0.2962675,-0.025673866,0.23825742,0.06941725,0.88491833
0.27498177,0.70375264,0.70375264,0.42877087,5.714285850524902,0.09348293,False,False,False,False,-1.2761014,-1.7554226,1.7724628,-1.0999529,-0.8197799,0.46129882,0.27498177,0.7037527
0.29791397,0.6748179,0.6748179,0.37690395,18.571428298950195,0.07411475,False,False,False,False,-0.06716108,-3.6823072,1.8452697,-4.5968304,1.1963916,0.13784133,0.29791397,0.6748179
0.11755461,0.8752261,0.8752261,0.7576715,30.0,0.022464808,False,False,False,False,-2.1056385,-2.966743,-1.9497473,-3.5086317,-2.0715866,0.21388541,0.11755461,0.87532383
0.28069013,0.71334314,0.71334296,0.432653,7.142857551574707,0.047605798,False,False,False,False,-1.538749,-2.705372,0.4235866,-1.2716129,-2.2676625,0.076540135,0.28069013,0.71334314
0.22823438,0.8250022,0.8250022,0.5967678,25.71428680419922,0.04576894,False,False,False,False,0.40575457,-3.6830647,-0.76506996,-4.385768,0.29135513,0.37941968,0.22823438,0.8250022
0.28244627,0.9177999,0.9177999,0.6353536,11.428571701049805,0.05532725,False,False,False,False,-1.6718311,-0.9822116,1.5386443,-3.2632923,-2.4191172,0.20405707,0.28244627,0.917813
0.15862596,0.710827,0.710827,0.55220103,10.0,0.09164715,False,False,False,False,-1.4786868,-2.2794712,0.8176365,-3.0401478,-1.0124915,0.42321044,0.15862596,0.7108271
0.13910195,0.8834224,0.8834224,0.7443204,17.14285659790039,0.042005207,False,False,False,False,0.5007832,-1.6642003,-1.9833488,-4.710335,-2.3148284,0.12486574,0.13910195,0.88367474
0.285267,0.6082768,0.6082768,0.3230098,4.285714149475098,0.055407807,False,False,False,False,0.7566006,-0.806633,0.79840255,-2.3339343,-1.501249,0.27529413,0.285267,0.60827696
0.14199674,0.90755427,0.90755427,0.7655575,4.285714149475098,0.12429732,False,False,False,False,-2.5858827,-2.678002,1.564503,0.15014029,-1.7810192,0.34307054,0.14199674,0.90755427
0.11887062,0.63358974,0.63358974,0.5147191,12.85714340209961,0.14104006,False,False,False,False,-0.8125384,-3.2309184,1.8149302,-3.778182,0.49344206,0.3240766,0.11887062,0.63358974
0.13138679,0.5099286,0.5099286,0.3785418,1.4285714626312256,0.25047302,False,True,False,True,1.4952035,-0.6903577,-0.94759464,0.87973833,0.863224,0.23293577,0.13138679,0.5099286
0.27275395,0.59928733,0.59928733,0.32653338,15.714285850524902,0.0727532,False,False,False,False,-2.1358492,-1.7942016,-1.9097073,-4.967763,0.78540254,0.1683904,0.27275395,0.59928733
0.124246724,0.8162973,0.8162973,0.6920506,30.0,0.09146824,False,False,False,False,-2.651984,-2.7905433,-0.20694137,-4.5998363,1.8255692,0.09297548,0.124246724,0.8162973
0.10048725,0.63270074,0.63270074,0.5322135,40.0,0.029260008,False,False,False,False,-0.40670872,-3.5392256,-0.18757534,-4.8399,0.14651299,0.09376716,0.10048725,0.6327008
0.09838293,0.7193656,0.7193656,0.62098265,4.285714149475098,0.11047814,False,False,False,False,1.865138,-1.7641444,-0.9279351,-1.4687088,-2.8949232,0.2533457,0.09838293,0.7193658
